
--- daspkg ---
  [debug] $ rm -rf "modules/dasLLAMA/performance/_rig/dasllama-bench.app"
  [debug] $ "/Users/borisbatkin/Work/daScript/bin/daslang" -exe -output "modules/dasLLAMA/performance/_rig/dasllama-bench.app/Contents/MacOS/dasllama-bench" --list-shared-modules "/Users/borisbatkin/Work/daScript/_daspkg_release_deps_2.json" "/Users/borisbatkin/Work/daScript/modules/dasLLAMA/benchmarks/lcpp_bench.das"
  output: [I] LLVM EXE: targeting the current box (CPU + features) — the build carries [llvm_code] kernels
[I] LLVM EXE: NEED_MODULE(Module_BuiltIn) for `$`
[I] LLVM EXE: NEED_MODULE(Module_Strings) for `strings`
[I] LLVM EXE: NEED_MODULE(Module_FIO) for `fio_core`
[I] LLVM EXE: NEED_MODULE(Module_Math) for `math`
[I] LLVM EXE: NEED_MODULE(Module_Rtti) for `rtti_core`
[I] LLVM EXE: NEED_MODULE(Module_JobQue) for `jobque`
[I] LLVM EXE: NEED_MODULE(Module_Debugger) for `debugapi`
[I] LLVM EXE: NEED_MODULE(Module_DASBIND) for `dasbind`
[I] LLVM EXE: wrote release deps to /Users/borisbatkin/Work/daScript/_daspkg_release_deps_2.json (shared=4, das=8)
[I] LLVM EXE: NEED_MODULE(Module_FIO) for `fio_core`
[I] LLVM EXE: NEED_MODULE(Module_Rtti) for `rtti_core`
[I] LLVM EXE: NEED_MODULE(Module_JobQue) for `jobque`
[I] LLVM EXE: include dynamic module: `das_metal`
[I] LLVM EXE: include dynamic module: `vulkan`
[I] LLVM EXE: include dynamic module: `audio`
[I] LLVM EXE: include dynamic module: `das_accelerate`
[I] LLVM JIT: standalone exe entry point generated '_anon_7813693388109758024`main implementation', 5210 functions
[I] Library modules/dasLLAMA/performance/_rig/dasllama-bench.app/Contents/MacOS/dasllama-bench.exe linked - ok
dry run: /Users/borisbatkin/Work/daScript/modules/dasLLAMA/benchmarks/lcpp_bench.das

  build: standalone exe in 73.5s
  tune: scope `dasllama` is incomplete — minting despite --quick
  tune: scope `dasllama` -> /Users/borisbatkin/Work/daScript/modules/dasLLAMA/benchmarks/lcpp_bench.tune.json
  [debug] $ DAS_TUNE_MODE=tune DAS_TUNE_MANIFEST="/Users/borisbatkin/Work/daScript/modules/dasLLAMA/benchmarks/lcpp_bench.tune.json" DAS_TUNE_COMPILE_FALLBACKS="k4q8_tile_gen=mr4;k5q8_tile_gen=mr4;k6q8_tile_gen=mr4;q40q8_tile_gen=mr4;q8q8_tile_gen=kstep2;q51q8_gemv_gen=mr4" "/Users/borisbatkin/Work/daScript/bin/daslang" -jit "/Users/borisbatkin/Work/daScript/modules/dasLLAMA/dasllama/../harness/dasllama_tuner.das" -dasroot "/Users/borisbatkin/Work/daScript"

--- daspkg ---
  [debug] $ rm -rf "modules/dasLLAMA/performance/_rig/dasllama-bench.app"
  [debug] $ "/Users/borisbatkin/Work/daScript/bin/daslang" -exe -output "modules/dasLLAMA/performance/_rig/dasllama-bench.app/Contents/MacOS/dasllama-bench" --list-shared-modules "/Users/borisbatkin/Work/daScript/_daspkg_release_deps_2.json" "/Users/borisbatkin/Work/daScript/modules/dasLLAMA/benchmarks/lcpp_bench.das"
  output: [I] LLVM EXE: targeting the current box (CPU + features) — the build carries [llvm_code] kernels
[I] LLVM EXE: NEED_MODULE(Module_BuiltIn) for `$`
[I] LLVM EXE: NEED_MODULE(Module_Strings) for `strings`
[I] LLVM EXE: NEED_MODULE(Module_FIO) for `fio_core`
[I] LLVM EXE: NEED_MODULE(Module_Math) for `math`
[I] LLVM EXE: NEED_MODULE(Module_Rtti) for `rtti_core`
[I] LLVM EXE: NEED_MODULE(Module_JobQue) for `jobque`
[I] LLVM EXE: NEED_MODULE(Module_Debugger) for `debugapi`
[I] LLVM EXE: NEED_MODULE(Module_DASBIND) for `dasbind`
[I] LLVM EXE: wrote release deps to /Users/borisbatkin/Work/daScript/_daspkg_release_deps_2.json (shared=4, das=8)
[I] LLVM EXE: NEED_MODULE(Module_FIO) for `fio_core`
[I] LLVM EXE: NEED_MODULE(Module_Rtti) for `rtti_core`
[I] LLVM EXE: NEED_MODULE(Module_JobQue) for `jobque`
[I] LLVM EXE: include dynamic module: `das_metal`
[I] LLVM EXE: include dynamic module: `vulkan`
[I] LLVM EXE: include dynamic module: `audio`
[I] LLVM EXE: include dynamic module: `das_accelerate`
[I] LLVM JIT: standalone exe entry point generated '_anon_7813693388109758024`main implementation', 5210 functions
[I] Library modules/dasLLAMA/performance/_rig/dasllama-bench.app/Contents/MacOS/dasllama-bench.exe linked - ok
dry run: /Users/borisbatkin/Work/daScript/modules/dasLLAMA/benchmarks/lcpp_bench.das

  build: standalone exe in 77.3s
  tune: scope `dasllama` is incomplete — minting despite --quick
  tune: scope `dasllama` -> /Users/borisbatkin/Work/daScript/modules/dasLLAMA/benchmarks/lcpp_bench.tune.json
  [debug] $ DAS_TUNE_MODE=tune DAS_TUNE_MANIFEST="/Users/borisbatkin/Work/daScript/modules/dasLLAMA/benchmarks/lcpp_bench.tune.json" DAS_TUNE_COMPILE_FALLBACKS="" "/Users/borisbatkin/Work/daScript/bin/daslang" -jit "/Users/borisbatkin/Work/daScript/modules/dasLLAMA/dasllama/../harness/dasllama_tuner.das" -dasroot "/Users/borisbatkin/Work/daScript"
  output: [I] LLVM JIT: DLL cache hit .jitted_scripts/_anon_5184251139602470627/0xc3b735091d90a9f4.dll
dasllama_tuner: sidecar = /Users/borisbatkin/Work/daScript/modules/dasLLAMA/benchmarks/lcpp_bench.tune.json
dasllama_tuner: mode = default (kernels 20 screening / 80 max, generators best-of-6, validation)
dasllama_tuner: previous sidecar snapshotted -> /Users/borisbatkin/Work/daScript/modules/dasLLAMA/benchmarks/lcpp_bench.tune.json.bak
dasllama_tuner: "/Users/borisbatkin/Work/daScript/bin/daslang" -jit "/Users/borisbatkin/Work/daScript/modules/dasLLAMA/dasllama/../harness/gen_tune_probe.das" -dasroot "/Users/borisbatkin/Work/daScript" 2>&1
[I] LLVM JIT: DLL cache hit .jitted_scripts/_anon_1894988233214198760/0xeeaa8b6dfb46c37d.dll
noise probe (start): cv 1.04% <= 2.0% — box is quiet (median 1180 us)
@tune plan scope=dasllama_generators total=7
@tune begin name=q8q8_tile_gen total=6
@tune step i=1 phase=best-of live=15
@tune step i=2 phase=best-of live=15
@tune step i=3 phase=best-of live=15
@tune step i=4 phase=best-of live=15
@tune step i=5 phase=best-of live=15
@tune step i=6 phase=best-of live=15
@tune end name=q8q8_tile_gen winner=mr8_budget verdict=beats
noise probe (mid1): cv 0.19% <= 2.0% — box is quiet (median 1178 us)
@tune begin name=k4q8_tile_gen total=6
@tune step i=1 phase=best-of live=11
@tune step i=2 phase=best-of live=11
@tune step i=3 phase=best-of live=11
@tune step i=4 phase=best-of live=11
@tune step i=5 phase=best-of live=11
@tune step i=6 phase=best-of live=11
@tune end name=k4q8_tile_gen winner=mr8 verdict=beats
k4q8_tile_gen winner: mr8
@tune begin name=k5q8_tile_gen total=6
@tune step i=1 phase=best-of live=11
@tune step i=2 phase=best-of live=11
@tune step i=3 phase=best-of live=11
@tune step i=4 phase=best-of live=11
@tune step i=5 phase=best-of live=11
@tune step i=6 phase=best-of live=11
@tune end name=k5q8_tile_gen winner=mr8 verdict=beats
k5q8_tile_gen winner: mr8
@tune begin name=k6q8_tile_gen total=6
@tune step i=1 phase=best-of live=11
@tune step i=2 phase=best-of live=11
@tune step i=3 phase=best-of live=11
@tune step i=4 phase=best-of live=11
@tune step i=5 phase=best-of live=11
@tune step i=6 phase=best-of live=11
@tune end name=k6q8_tile_gen winner=mr4 verdict=beats
k6q8_tile_gen winner: mr4
@tune begin name=k40q8_tile_gen total=6
@tune step i=1 phase=best-of live=11
@tune step i=2 phase=best-of live=11
@tune step i=3 phase=best-of live=11
@tune step i=4 phase=best-of live=11
@tune step i=5 phase=best-of live=11
@tune step i=6 phase=best-of live=11
@tune end name=k40q8_tile_gen winner=mr8 verdict=beats
q40q8_tile_gen winner: mr8
noise probe (mid2): cv 0.81% <= 2.0% — box is quiet (median 1164 us)
@tune begin name=q51q8_gemv_gen total=6
@tune end name=q51q8_gemv_gen winner=mr4 verdict=beats
q51q8_gemv_gen winner: mr4
@tune begin name=confirm_e2e_prefill total=0
confirm: challenger 'mr8_budget' 350.95440673828125 tok/s BEATS fallback 'kstep2' 282.8393249511719 tok/s — CONFIRMED
q8q8_tile_gen winner: mr8_budget
@tune end name=confirm_e2e_prefill winner= verdict=holds
noise probe (end): cv 0.47% <= 2.0% — box is quiet (median 1206 us)
wrote 6 generator entries -> /Users/borisbatkin/Work/daScript/modules/dasLLAMA/benchmarks/lcpp_bench.tune.json
TUNE_GEN_TIME total 375728 ms
GEN TUNE RUN OK
dasllama_tuner: gen_tune_probe.das finished in 379215 ms (rc=0)
dasllama_tuner: "/Users/borisbatkin/Work/daScript/bin/daslang" -jit "/Users/borisbatkin/Work/daScript/modules/dasLLAMA/dasllama/../harness/tune_kernels.das" -dasroot "/Users/borisbatkin/Work/daScript" 2>&1
[I] LLVM JIT: DLL cache hit .jitted_scripts/_anon_10158018311013290783/0xc27d8d0f94c13977.dll
kernel tuner: default, N=4096, 20 full-grid screening rounds, finalists up to 80 rounds x 2000 reps, measurement affinity QoS USER_INTERACTIVE (macOS has no core mask)

noise probe (start): cv 0.93% <= 2.0% — box is quiet (median 2440 us)
@tune plan scope=dasllama_kernels total=35
@tune begin name=dot total=80
@tune step i=1 phase=screening live=20
@tune step i=2 phase=screening live=20
@tune step i=3 phase=screening live=20
@tune step i=4 phase=screening live=20
@tune step i=5 phase=screening live=20
@tune step i=6 phase=screening live=20
@tune step i=7 phase=screening live=20
@tune step i=8 phase=screening live=20
@tune step i=9 phase=screening live=20
@tune step i=10 phase=screening live=20
@tune step i=11 phase=screening live=20
@tune step i=12 phase=screening live=20
@tune step i=13 phase=screening live=20
@tune step i=14 phase=screening live=20
@tune step i=15 phase=screening live=20
@tune step i=16 phase=screening live=20
@tune step i=17 phase=screening live=20
@tune step i=18 phase=screening live=20
@tune step i=19 phase=screening live=20
@tune step i=20 phase=screening live=20
@tune step i=21 phase=finalists live=10
@tune step i=22 phase=finalists live=10
@tune step i=23 phase=finalists live=10
@tune step i=24 phase=finalists live=10
@tune step i=25 phase=finalists live=10
@tune step i=26 phase=finalists live=10
@tune step i=27 phase=finalists live=10
@tune step i=28 phase=finalists live=10
@tune step i=29 phase=finalists live=10
@tune step i=30 phase=finalists live=10
@tune step i=31 phase=finalists live=10
@tune step i=32 phase=finalists live=10
@tune step i=33 phase=finalists live=10
@tune step i=34 phase=finalists live=10
@tune step i=35 phase=finalists live=10
@tune step i=36 phase=finalists live=10
@tune step i=37 phase=finalists live=10
@tune step i=38 phase=finalists live=10
@tune step i=39 phase=finalists live=10
@tune step i=40 phase=finalists live=10
@tune step i=41 phase=finalists live=10
@tune step i=42 phase=finalists live=10
@tune step i=43 phase=finalists live=10
@tune step i=44 phase=finalists live=10
@tune step i=45 phase=finalists live=10
@tune step i=46 phase=finalists live=10
@tune step i=47 phase=finalists live=10
@tune step i=48 phase=finalists live=10
@tune step i=49 phase=finalists live=10
@tune step i=50 phase=finalists live=10
@tune step i=51 phase=finalists live=10
@tune step i=52 phase=finalists live=10
@tune step i=53 phase=finalists live=10
@tune step i=54 phase=finalists live=10
@tune step i=55 phase=finalists live=10
@tune step i=56 phase=finalists live=10
@tune step i=57 phase=finalists live=10
@tune step i=58 phase=finalists live=10
@tune step i=59 phase=finalists live=10
@tune step i=60 phase=finalists live=10
@tune step i=61 phase=finalists live=10
@tune step i=62 phase=finalists live=10
@tune step i=63 phase=finalists live=10
@tune step i=64 phase=finalists live=10
@tune step i=65 phase=finalists live=10
@tune step i=66 phase=finalists live=10
@tune step i=67 phase=finalists live=10
@tune step i=68 phase=finalists live=10
@tune step i=69 phase=finalists live=10
@tune step i=70 phase=finalists live=10
@tune step i=71 phase=finalists live=10
@tune step i=72 phase=finalists live=10
@tune step i=73 phase=finalists live=10
@tune step i=74 phase=finalists live=10
@tune step i=75 phase=finalists live=10
@tune step i=76 phase=finalists live=10
@tune step i=77 phase=finalists live=10
@tune step i=78 phase=finalists live=10
@tune step i=79 phase=finalists live=10
@tune step i=80 phase=finalists live=10
@tune end name=dot winner=vec8_u4 verdict=beats
@tune begin name=axpy total=80
@tune step i=1 phase=screening live=20
@tune step i=2 phase=screening live=20
@tune step i=3 phase=screening live=20
@tune step i=4 phase=screening live=20
@tune step i=5 phase=screening live=20
@tune step i=6 phase=screening live=20
@tune step i=7 phase=screening live=20
@tune step i=8 phase=screening live=20
@tune step i=9 phase=screening live=20
@tune step i=10 phase=screening live=20
@tune step i=11 phase=screening live=20
@tune step i=12 phase=screening live=20
@tune step i=13 phase=screening live=20
@tune step i=14 phase=screening live=20
@tune step i=15 phase=screening live=20
@tune step i=16 phase=screening live=20
@tune step i=17 phase=screening live=20
@tune step i=18 phase=screening live=20
@tune step i=19 phase=screening live=20
@tune step i=20 phase=screening live=20
@tune step i=21 phase=finalists live=20
@tune step i=22 phase=finalists live=20
@tune step i=23 phase=finalists live=20
@tune step i=24 phase=finalists live=20
@tune step i=25 phase=finalists live=20
@tune step i=26 phase=finalists live=20
@tune step i=27 phase=finalists live=20
@tune step i=28 phase=finalists live=20
@tune step i=29 phase=finalists live=20
@tune step i=30 phase=finalists live=20
@tune step i=31 phase=finalists live=20
@tune step i=32 phase=finalists live=20
@tune step i=33 phase=finalists live=20
@tune step i=34 phase=finalists live=20
@tune step i=35 phase=finalists live=20
@tune step i=36 phase=finalists live=20
@tune step i=37 phase=finalists live=20
@tune step i=38 phase=finalists live=20
@tune step i=39 phase=finalists live=20
@tune step i=40 phase=finalists live=20
@tune step i=41 phase=finalists live=20
@tune step i=42 phase=finalists live=20
@tune step i=43 phase=finalists live=20
@tune step i=44 phase=finalists live=20
@tune step i=45 phase=finalists live=20
@tune step i=46 phase=finalists live=20
@tune step i=47 phase=finalists live=20
@tune step i=48 phase=finalists live=20
@tune step i=49 phase=finalists live=20
@tune step i=50 phase=finalists live=20
@tune step i=51 phase=finalists live=20
@tune step i=52 phase=finalists live=20
@tune step i=53 phase=finalists live=20
@tune step i=54 phase=finalists live=20
@tune step i=55 phase=finalists live=20
@tune step i=56 phase=finalists live=20
@tune step i=57 phase=finalists live=20
@tune step i=58 phase=finalists live=20
@tune step i=59 phase=finalists live=20
@tune step i=60 phase=finalists live=20
@tune step i=61 phase=finalists live=20
@tune step i=62 phase=finalists live=20
@tune step i=63 phase=finalists live=20
@tune step i=64 phase=finalists live=20
@tune step i=65 phase=finalists live=20
@tune step i=66 phase=finalists live=20
@tune step i=67 phase=finalists live=20
@tune step i=68 phase=finalists live=20
@tune step i=69 phase=finalists live=20
@tune step i=70 phase=finalists live=20
@tune step i=71 phase=finalists live=20
@tune step i=72 phase=finalists live=20
@tune step i=73 phase=finalists live=20
@tune step i=74 phase=finalists live=20
@tune step i=75 phase=finalists live=20
@tune step i=76 phase=finalists live=20
@tune step i=77 phase=finalists live=20
@tune step i=78 phase=finalists live=20
@tune step i=79 phase=finalists live=20
@tune step i=80 phase=finalists live=20
@tune end name=axpy winner=vec8_u8 verdict=beats
@tune begin name=dot_f16 total=80
@tune step i=1 phase=screening live=20
@tune step i=2 phase=screening live=20
@tune step i=3 phase=screening live=20
@tune step i=4 phase=screening live=20
@tune step i=5 phase=screening live=20
@tune step i=6 phase=screening live=20
@tune step i=7 phase=screening live=20
@tune step i=8 phase=screening live=20
@tune step i=9 phase=screening live=20
@tune step i=10 phase=screening live=20
@tune step i=11 phase=screening live=20
@tune step i=12 phase=screening live=20
@tune step i=13 phase=screening live=20
@tune step i=14 phase=screening live=20
@tune step i=15 phase=screening live=20
@tune step i=16 phase=screening live=20
@tune step i=17 phase=screening live=20
@tune step i=18 phase=screening live=20
@tune step i=19 phase=screening live=20
@tune step i=20 phase=screening live=20
@tune step i=21 phase=finalists live=5
@tune step i=22 phase=finalists live=5
@tune step i=23 phase=finalists live=5
@tune step i=24 phase=finalists live=5
@tune step i=25 phase=finalists live=5
@tune step i=26 phase=finalists live=5
@tune step i=27 phase=finalists live=5
@tune step i=28 phase=finalists live=5
@tune step i=29 phase=finalists live=5
@tune step i=30 phase=finalists live=5
@tune step i=31 phase=finalists live=5
@tune step i=32 phase=finalists live=5
@tune step i=33 phase=finalists live=5
@tune step i=34 phase=finalists live=5
@tune step i=35 phase=finalists live=5
@tune step i=36 phase=finalists live=5
@tune step i=37 phase=finalists live=5
@tune step i=38 phase=finalists live=5
@tune step i=39 phase=finalists live=5
@tune step i=40 phase=finalists live=5
@tune step i=41 phase=finalists live=5
@tune step i=42 phase=finalists live=5
@tune step i=43 phase=finalists live=5
@tune step i=44 phase=finalists live=5
@tune step i=45 phase=finalists live=5
@tune step i=46 phase=finalists live=5
@tune step i=47 phase=finalists live=5
@tune step i=48 phase=finalists live=5
@tune step i=49 phase=finalists live=5
@tune step i=50 phase=finalists live=5
@tune step i=51 phase=finalists live=5
@tune step i=52 phase=finalists live=5
@tune step i=53 phase=finalists live=5
@tune step i=54 phase=finalists live=5
@tune step i=55 phase=finalists live=5
@tune step i=56 phase=finalists live=5
@tune step i=57 phase=finalists live=5
@tune step i=58 phase=finalists live=5
@tune step i=59 phase=finalists live=5
@tune step i=60 phase=finalists live=5
@tune step i=61 phase=finalists live=5
@tune step i=62 phase=finalists live=5
@tune step i=63 phase=finalists live=5
@tune step i=64 phase=finalists live=5
@tune step i=65 phase=finalists live=5
@tune step i=66 phase=finalists live=5
@tune step i=67 phase=finalists live=5
@tune step i=68 phase=finalists live=5
@tune step i=69 phase=finalists live=5
@tune step i=70 phase=finalists live=5
@tune step i=71 phase=finalists live=5
@tune step i=72 phase=finalists live=5
@tune step i=73 phase=finalists live=5
@tune step i=74 phase=finalists live=5
@tune step i=75 phase=finalists live=5
@tune step i=76 phase=finalists live=5
@tune step i=77 phase=finalists live=5
@tune step i=78 phase=finalists live=5
@tune step i=79 phase=finalists live=5
@tune step i=80 phase=finalists live=5
@tune end name=dot_f16 winner=vec8_u4 verdict=beats
@tune begin name=axpy_f16 total=80
@tune step i=1 phase=screening live=20
@tune step i=2 phase=screening live=20
@tune step i=3 phase=screening live=20
@tune step i=4 phase=screening live=20
@tune step i=5 phase=screening live=20
@tune step i=6 phase=screening live=20
@tune step i=7 phase=screening live=20
@tune step i=8 phase=screening live=20
@tune step i=9 phase=screening live=20
@tune step i=10 phase=screening live=20
@tune step i=11 phase=screening live=20
@tune step i=12 phase=screening live=20
@tune step i=13 phase=screening live=20
@tune step i=14 phase=screening live=20
@tune step i=15 phase=screening live=20
@tune step i=16 phase=screening live=20
@tune step i=17 phase=screening live=20
@tune step i=18 phase=screening live=20
@tune step i=19 phase=screening live=20
@tune step i=20 phase=screening live=20
@tune step i=21 phase=finalists live=4
@tune step i=22 phase=finalists live=4
@tune step i=23 phase=finalists live=4
@tune step i=24 phase=finalists live=4
@tune step i=25 phase=finalists live=4
@tune step i=26 phase=finalists live=4
@tune step i=27 phase=finalists live=4
@tune step i=28 phase=finalists live=4
@tune step i=29 phase=finalists live=4
@tune step i=30 phase=finalists live=4
@tune step i=31 phase=finalists live=4
@tune step i=32 phase=finalists live=4
@tune step i=33 phase=finalists live=4
@tune step i=34 phase=finalists live=4
@tune step i=35 phase=finalists live=4
@tune step i=36 phase=finalists live=4
@tune step i=37 phase=finalists live=4
@tune step i=38 phase=finalists live=4
@tune step i=39 phase=finalists live=4
@tune step i=40 phase=finalists live=4
@tune step i=41 phase=finalists live=4
@tune step i=42 phase=finalists live=4
@tune step i=43 phase=finalists live=4
@tune step i=44 phase=finalists live=4
@tune step i=45 phase=finalists live=4
@tune step i=46 phase=finalists live=4
@tune step i=47 phase=finalists live=4
@tune step i=48 phase=finalists live=4
@tune step i=49 phase=finalists live=4
@tune step i=50 phase=finalists live=4
@tune step i=51 phase=finalists live=4
@tune step i=52 phase=finalists live=4
@tune step i=53 phase=finalists live=4
@tune step i=54 phase=finalists live=4
@tune step i=55 phase=finalists live=4
@tune step i=56 phase=finalists live=4
@tune step i=57 phase=finalists live=4
@tune step i=58 phase=finalists live=4
@tune step i=59 phase=finalists live=4
@tune step i=60 phase=finalists live=4
@tune step i=61 phase=finalists live=4
@tune step i=62 phase=finalists live=4
@tune step i=63 phase=finalists live=4
@tune step i=64 phase=finalists live=4
@tune step i=65 phase=finalists live=4
@tune step i=66 phase=finalists live=4
@tune step i=67 phase=finalists live=4
@tune step i=68 phase=finalists live=4
@tune step i=69 phase=finalists live=4
@tune step i=70 phase=finalists live=4
@tune step i=71 phase=finalists live=4
@tune step i=72 phase=finalists live=4
@tune step i=73 phase=finalists live=4
@tune step i=74 phase=finalists live=4
@tune step i=75 phase=finalists live=4
@tune step i=76 phase=finalists live=4
@tune step i=77 phase=finalists live=4
@tune step i=78 phase=finalists live=4
@tune step i=79 phase=finalists live=4
@tune step i=80 phase=finalists live=4
@tune end name=axpy_f16 winner=vec4_u4 verdict=beats
@tune begin name=cvt_f32_to_f16 total=80
@tune step i=1 phase=screening live=20
@tune step i=2 phase=screening live=20
@tune step i=3 phase=screening live=20
@tune step i=4 phase=screening live=20
@tune step i=5 phase=screening live=20
@tune step i=6 phase=screening live=20
@tune step i=7 phase=screening live=20
@tune step i=8 phase=screening live=20
@tune step i=9 phase=screening live=20
@tune step i=10 phase=screening live=20
@tune step i=11 phase=screening live=20
@tune step i=12 phase=screening live=20
@tune step i=13 phase=screening live=20
@tune step i=14 phase=screening live=20
@tune step i=15 phase=screening live=20
@tune step i=16 phase=screening live=20
@tune step i=17 phase=screening live=20
@tune step i=18 phase=screening live=20
@tune step i=19 phase=screening live=20
@tune step i=20 phase=screening live=20
@tune step i=21 phase=finalists live=16
@tune step i=22 phase=finalists live=16
@tune step i=23 phase=finalists live=16
@tune step i=24 phase=finalists live=16
@tune step i=25 phase=finalists live=16
@tune step i=26 phase=finalists live=16
@tune step i=27 phase=finalists live=16
@tune step i=28 phase=finalists live=16
@tune step i=29 phase=finalists live=16
@tune step i=30 phase=finalists live=16
@tune step i=31 phase=finalists live=16
@tune step i=32 phase=finalists live=16
@tune step i=33 phase=finalists live=16
@tune step i=34 phase=finalists live=16
@tune step i=35 phase=finalists live=16
@tune step i=36 phase=finalists live=16
@tune step i=37 phase=finalists live=16
@tune step i=38 phase=finalists live=16
@tune step i=39 phase=finalists live=16
@tune step i=40 phase=finalists live=16
@tune step i=41 phase=finalists live=16
@tune step i=42 phase=finalists live=16
@tune step i=43 phase=finalists live=16
@tune step i=44 phase=finalists live=16
@tune step i=45 phase=finalists live=16
@tune step i=46 phase=finalists live=16
@tune step i=47 phase=finalists live=16
@tune step i=48 phase=finalists live=16
@tune step i=49 phase=finalists live=16
@tune step i=50 phase=finalists live=16
@tune step i=51 phase=finalists live=16
@tune step i=52 phase=finalists live=16
@tune step i=53 phase=finalists live=16
@tune step i=54 phase=finalists live=16
@tune step i=55 phase=finalists live=16
@tune step i=56 phase=finalists live=16
@tune step i=57 phase=finalists live=16
@tune step i=58 phase=finalists live=16
@tune step i=59 phase=finalists live=16
@tune step i=60 phase=finalists live=16
@tune step i=61 phase=finalists live=16
@tune step i=62 phase=finalists live=16
@tune step i=63 phase=finalists live=16
@tune step i=64 phase=finalists live=16
@tune step i=65 phase=finalists live=16
@tune step i=66 phase=finalists live=16
@tune step i=67 phase=finalists live=16
@tune step i=68 phase=finalists live=16
@tune step i=69 phase=finalists live=16
@tune step i=70 phase=finalists live=16
@tune step i=71 phase=finalists live=16
@tune step i=72 phase=finalists live=16
@tune step i=73 phase=finalists live=16
@tune step i=74 phase=finalists live=16
@tune step i=75 phase=finalists live=16
@tune step i=76 phase=finalists live=16
@tune step i=77 phase=finalists live=16
@tune step i=78 phase=finalists live=16
@tune step i=79 phase=finalists live=16
@tune step i=80 phase=finalists live=16
@tune end name=cvt_f32_to_f16 winner=u4 verdict=beats
@tune begin name=cvt_f16_to_f32 total=80
@tune step i=1 phase=screening live=20
@tune step i=2 phase=screening live=20
@tune step i=3 phase=screening live=20
@tune step i=4 phase=screening live=20
@tune step i=5 phase=screening live=20
@tune step i=6 phase=screening live=20
@tune step i=7 phase=screening live=20
@tune step i=8 phase=screening live=20
@tune step i=9 phase=screening live=20
@tune step i=10 phase=screening live=20
@tune step i=11 phase=screening live=20
@tune step i=12 phase=screening live=20
@tune step i=13 phase=screening live=20
@tune step i=14 phase=screening live=20
@tune step i=15 phase=screening live=20
@tune step i=16 phase=screening live=20
@tune step i=17 phase=screening live=20
@tune step i=18 phase=screening live=20
@tune step i=19 phase=screening live=20
@tune step i=20 phase=screening live=20
@tune step i=21 phase=finalists live=4
@tune step i=22 phase=finalists live=4
@tune step i=23 phase=finalists live=4
@tune step i=24 phase=finalists live=4
@tune step i=25 phase=finalists live=4
@tune step i=26 phase=finalists live=4
@tune step i=27 phase=finalists live=4
@tune step i=28 phase=finalists live=4
@tune step i=29 phase=finalists live=4
@tune step i=30 phase=finalists live=4
@tune step i=31 phase=finalists live=4
@tune step i=32 phase=finalists live=4
@tune step i=33 phase=finalists live=4
@tune step i=34 phase=finalists live=4
@tune step i=35 phase=finalists live=4
@tune step i=36 phase=finalists live=4
@tune step i=37 phase=finalists live=4
@tune step i=38 phase=finalists live=4
@tune step i=39 phase=finalists live=4
@tune step i=40 phase=finalists live=4
@tune step i=41 phase=finalists live=4
@tune step i=42 phase=finalists live=4
@tune step i=43 phase=finalists live=4
@tune step i=44 phase=finalists live=4
@tune step i=45 phase=finalists live=4
@tune step i=46 phase=finalists live=4
@tune step i=47 phase=finalists live=4
@tune step i=48 phase=finalists live=4
@tune step i=49 phase=finalists live=4
@tune step i=50 phase=finalists live=4
@tune step i=51 phase=finalists live=4
@tune step i=52 phase=finalists live=4
@tune step i=53 phase=finalists live=4
@tune step i=54 phase=finalists live=4
@tune step i=55 phase=finalists live=4
@tune step i=56 phase=finalists live=4
@tune step i=57 phase=finalists live=4
@tune step i=58 phase=finalists live=4
@tune step i=59 phase=finalists live=4
@tune step i=60 phase=finalists live=4
@tune step i=61 phase=finalists live=4
@tune step i=62 phase=finalists live=4
@tune step i=63 phase=finalists live=4
@tune step i=64 phase=finalists live=4
@tune step i=65 phase=finalists live=4
@tune step i=66 phase=finalists live=4
@tune step i=67 phase=finalists live=4
@tune step i=68 phase=finalists live=4
@tune step i=69 phase=finalists live=4
@tune step i=70 phase=finalists live=4
@tune step i=71 phase=finalists live=4
@tune step i=72 phase=finalists live=4
@tune step i=73 phase=finalists live=4
@tune step i=74 phase=finalists live=4
@tune step i=75 phase=finalists live=4
@tune step i=76 phase=finalists live=4
@tune step i=77 phase=finalists live=4
@tune step i=78 phase=finalists live=4
@tune step i=79 phase=finalists live=4
@tune step i=80 phase=finalists live=4
@tune end name=cvt_f16_to_f32 winner=vec16 verdict=beats
@tune begin name=add_inplace total=80
@tune step i=1 phase=screening live=20
@tune step i=2 phase=screening live=20
@tune step i=3 phase=screening live=20
@tune step i=4 phase=screening live=20
@tune step i=5 phase=screening live=20
@tune step i=6 phase=screening live=20
@tune step i=7 phase=screening live=20
@tune step i=8 phase=screening live=20
@tune step i=9 phase=screening live=20
@tune step i=10 phase=screening live=20
@tune step i=11 phase=screening live=20
@tune step i=12 phase=screening live=20
@tune step i=13 phase=screening live=20
@tune step i=14 phase=screening live=20
@tune step i=15 phase=screening live=20
@tune step i=16 phase=screening live=20
@tune step i=17 phase=screening live=20
@tune step i=18 phase=screening live=20
@tune step i=19 phase=screening live=20
@tune step i=20 phase=screening live=20
@tune step i=21 phase=finalists live=18
@tune step i=22 phase=finalists live=18
@tune step i=23 phase=finalists live=18
@tune step i=24 phase=finalists live=18
@tune step i=25 phase=finalists live=18
@tune step i=26 phase=finalists live=18
@tune step i=27 phase=finalists live=18
@tune step i=28 phase=finalists live=18
@tune step i=29 phase=finalists live=18
@tune step i=30 phase=finalists live=18
@tune step i=31 phase=finalists live=18
@tune step i=32 phase=finalists live=18
@tune step i=33 phase=finalists live=18
@tune step i=34 phase=finalists live=18
@tune step i=35 phase=finalists live=18
@tune step i=36 phase=finalists live=18
@tune step i=37 phase=finalists live=18
@tune step i=38 phase=finalists live=18
@tune step i=39 phase=finalists live=18
@tune step i=40 phase=finalists live=18
@tune step i=41 phase=finalists live=18
@tune step i=42 phase=finalists live=18
@tune step i=43 phase=finalists live=18
@tune step i=44 phase=finalists live=18
@tune step i=45 phase=finalists live=18
@tune step i=46 phase=finalists live=18
@tune step i=47 phase=finalists live=18
@tune step i=48 phase=finalists live=18
@tune step i=49 phase=finalists live=18
@tune step i=50 phase=finalists live=18
@tune step i=51 phase=finalists live=18
@tune step i=52 phase=finalists live=18
@tune step i=53 phase=finalists live=18
@tune step i=54 phase=finalists live=18
@tune step i=55 phase=finalists live=18
@tune step i=56 phase=finalists live=18
@tune step i=57 phase=finalists live=18
@tune step i=58 phase=finalists live=18
@tune step i=59 phase=finalists live=18
@tune step i=60 phase=finalists live=18
@tune step i=61 phase=finalists live=18
@tune step i=62 phase=finalists live=18
@tune step i=63 phase=finalists live=18
@tune step i=64 phase=finalists live=18
@tune step i=65 phase=finalists live=18
@tune step i=66 phase=finalists live=18
@tune step i=67 phase=finalists live=18
@tune step i=68 phase=finalists live=18
@tune step i=69 phase=finalists live=18
@tune step i=70 phase=finalists live=18
@tune step i=71 phase=finalists live=18
@tune step i=72 phase=finalists live=18
@tune step i=73 phase=finalists live=18
@tune step i=74 phase=finalists live=18
@tune step i=75 phase=finalists live=18
@tune step i=76 phase=finalists live=18
@tune step i=77 phase=finalists live=18
@tune step i=78 phase=finalists live=18
@tune step i=79 phase=finalists live=18
@tune step i=80 phase=finalists live=18
@tune end name=add_inplace winner=vec8_u2 verdict=holds
@tune begin name=mul_inplace total=80
@tune step i=1 phase=screening live=20
@tune step i=2 phase=screening live=20
@tune step i=3 phase=screening live=20
@tune step i=4 phase=screening live=20
@tune step i=5 phase=screening live=20
@tune step i=6 phase=screening live=20
@tune step i=7 phase=screening live=20
@tune step i=8 phase=screening live=20
@tune step i=9 phase=screening live=20
@tune step i=10 phase=screening live=20
@tune step i=11 phase=screening live=20
@tune step i=12 phase=screening live=20
@tune step i=13 phase=screening live=20
@tune step i=14 phase=screening live=20
@tune step i=15 phase=screening live=20
@tune step i=16 phase=screening live=20
@tune step i=17 phase=screening live=20
@tune step i=18 phase=screening live=20
@tune step i=19 phase=screening live=20
@tune step i=20 phase=screening live=20
@tune step i=21 phase=finalists live=20
@tune step i=22 phase=finalists live=20
@tune step i=23 phase=finalists live=20
@tune step i=24 phase=finalists live=20
@tune step i=25 phase=finalists live=20
@tune step i=26 phase=finalists live=20
@tune step i=27 phase=finalists live=20
@tune step i=28 phase=finalists live=20
@tune step i=29 phase=finalists live=20
@tune step i=30 phase=finalists live=20
@tune step i=31 phase=finalists live=20
@tune step i=32 phase=finalists live=20
@tune step i=33 phase=finalists live=20
@tune step i=34 phase=finalists live=20
@tune step i=35 phase=finalists live=20
@tune step i=36 phase=finalists live=20
@tune step i=37 phase=finalists live=20
@tune step i=38 phase=finalists live=20
@tune step i=39 phase=finalists live=20
@tune step i=40 phase=finalists live=20
@tune step i=41 phase=finalists live=20
@tune step i=42 phase=finalists live=20
@tune step i=43 phase=finalists live=20
@tune step i=44 phase=finalists live=20
@tune step i=45 phase=finalists live=20
@tune step i=46 phase=finalists live=20
@tune step i=47 phase=finalists live=20
@tune step i=48 phase=finalists live=20
@tune step i=49 phase=finalists live=20
@tune step i=50 phase=finalists live=20
@tune step i=51 phase=finalists live=20
@tune step i=52 phase=finalists live=20
@tune step i=53 phase=finalists live=20
@tune step i=54 phase=finalists live=20
@tune step i=55 phase=finalists live=20
@tune step i=56 phase=finalists live=20
@tune step i=57 phase=finalists live=20
@tune step i=58 phase=finalists live=20
@tune step i=59 phase=finalists live=20
@tune step i=60 phase=finalists live=20
@tune step i=61 phase=finalists live=20
@tune step i=62 phase=finalists live=20
@tune step i=63 phase=finalists live=20
@tune step i=64 phase=finalists live=20
@tune step i=65 phase=finalists live=20
@tune step i=66 phase=finalists live=20
@tune step i=67 phase=finalists live=20
@tune step i=68 phase=finalists live=20
@tune step i=69 phase=finalists live=20
@tune step i=70 phase=finalists live=20
@tune step i=71 phase=finalists live=20
@tune step i=72 phase=finalists live=20
@tune step i=73 phase=finalists live=20
@tune step i=74 phase=finalists live=20
@tune step i=75 phase=finalists live=20
@tune step i=76 phase=finalists live=20
@tune step i=77 phase=finalists live=20
@tune step i=78 phase=finalists live=20
@tune step i=79 phase=finalists live=20
@tune step i=80 phase=finalists live=20
@tune end name=mul_inplace winner=vec8_u2 verdict=holds
@tune begin name=scale_inplace total=80
@tune step i=1 phase=screening live=20
@tune step i=2 phase=screening live=20
@tune step i=3 phase=screening live=20
@tune step i=4 phase=screening live=20
@tune step i=5 phase=screening live=20
@tune step i=6 phase=screening live=20
@tune step i=7 phase=screening live=20
@tune step i=8 phase=screening live=20
@tune step i=9 phase=screening live=20
@tune step i=10 phase=screening live=20
@tune step i=11 phase=screening live=20
@tune step i=12 phase=screening live=20
@tune step i=13 phase=screening live=20
@tune step i=14 phase=screening live=20
@tune step i=15 phase=screening live=20
@tune step i=16 phase=screening live=20
@tune step i=17 phase=screening live=20
@tune step i=18 phase=screening live=20
@tune step i=19 phase=screening live=20
@tune step i=20 phase=screening live=20
@tune step i=21 phase=finalists live=19
@tune step i=22 phase=finalists live=19
@tune step i=23 phase=finalists live=19
@tune step i=24 phase=finalists live=19
@tune step i=25 phase=finalists live=19
@tune step i=26 phase=finalists live=19
@tune step i=27 phase=finalists live=19
@tune step i=28 phase=finalists live=19
@tune step i=29 phase=finalists live=19
@tune step i=30 phase=finalists live=19
@tune step i=31 phase=finalists live=19
@tune step i=32 phase=finalists live=19
@tune step i=33 phase=finalists live=19
@tune step i=34 phase=finalists live=19
@tune step i=35 phase=finalists live=19
@tune step i=36 phase=finalists live=19
@tune step i=37 phase=finalists live=19
@tune step i=38 phase=finalists live=19
@tune step i=39 phase=finalists live=19
@tune step i=40 phase=finalists live=19
@tune step i=41 phase=finalists live=19
@tune step i=42 phase=finalists live=19
@tune step i=43 phase=finalists live=19
@tune step i=44 phase=finalists live=19
@tune step i=45 phase=finalists live=19
@tune step i=46 phase=finalists live=19
@tune step i=47 phase=finalists live=19
@tune step i=48 phase=finalists live=19
@tune step i=49 phase=finalists live=19
@tune step i=50 phase=finalists live=19
@tune step i=51 phase=finalists live=19
@tune step i=52 phase=finalists live=19
@tune step i=53 phase=finalists live=19
@tune step i=54 phase=finalists live=19
@tune step i=55 phase=finalists live=19
@tune step i=56 phase=finalists live=19
@tune step i=57 phase=finalists live=19
@tune step i=58 phase=finalists live=19
@tune step i=59 phase=finalists live=19
@tune step i=60 phase=finalists live=19
@tune step i=61 phase=finalists live=19
@tune step i=62 phase=finalists live=19
@tune step i=63 phase=finalists live=19
@tune step i=64 phase=finalists live=19
@tune step i=65 phase=finalists live=19
@tune step i=66 phase=finalists live=19
@tune step i=67 phase=finalists live=19
@tune step i=68 phase=finalists live=19
@tune step i=69 phase=finalists live=19
@tune step i=70 phase=finalists live=19
@tune step i=71 phase=finalists live=19
@tune step i=72 phase=finalists live=19
@tune step i=73 phase=finalists live=19
@tune step i=74 phase=finalists live=19
@tune step i=75 phase=finalists live=19
@tune step i=76 phase=finalists live=19
@tune step i=77 phase=finalists live=19
@tune step i=78 phase=finalists live=19
@tune step i=79 phase=finalists live=19
@tune step i=80 phase=finalists live=19
@tune end name=scale_inplace winner=vec16_u2 verdict=beats
@tune begin name=copy_floats total=80
@tune step i=1 phase=screening live=20
@tune step i=2 phase=screening live=20
@tune step i=3 phase=screening live=20
@tune step i=4 phase=screening live=20
@tune step i=5 phase=screening live=20
@tune step i=6 phase=screening live=20
@tune step i=7 phase=screening live=20
@tune step i=8 phase=screening live=20
@tune step i=9 phase=screening live=20
@tune step i=10 phase=screening live=20
@tune step i=11 phase=screening live=20
@tune step i=12 phase=screening live=20
@tune step i=13 phase=screening live=20
@tune step i=14 phase=screening live=20
@tune step i=15 phase=screening live=20
@tune step i=16 phase=screening live=20
@tune step i=17 phase=screening live=20
@tune step i=18 phase=screening live=20
@tune step i=19 phase=screening live=20
@tune step i=20 phase=screening live=20
@tune step i=21 phase=finalists live=20
@tune step i=22 phase=finalists live=20
@tune step i=23 phase=finalists live=20
@tune step i=24 phase=finalists live=20
@tune step i=25 phase=finalists live=20
@tune step i=26 phase=finalists live=20
@tune step i=27 phase=finalists live=20
@tune step i=28 phase=finalists live=20
@tune step i=29 phase=finalists live=20
@tune step i=30 phase=finalists live=20
@tune step i=31 phase=finalists live=20
@tune step i=32 phase=finalists live=20
@tune step i=33 phase=finalists live=20
@tune step i=34 phase=finalists live=20
@tune step i=35 phase=finalists live=20
@tune step i=36 phase=finalists live=20
@tune step i=37 phase=finalists live=20
@tune step i=38 phase=finalists live=18
@tune step i=39 phase=finalists live=18
@tune step i=40 phase=finalists live=4
@tune step i=41 phase=finalists live=4
@tune step i=42 phase=finalists live=4
@tune step i=43 phase=finalists live=4
@tune step i=44 phase=finalists live=4
@tune step i=45 phase=finalists live=4
@tune step i=46 phase=finalists live=4
@tune step i=47 phase=finalists live=4
@tune step i=48 phase=finalists live=4
@tune step i=49 phase=finalists live=4
@tune step i=50 phase=finalists live=4
@tune step i=51 phase=finalists live=4
@tune step i=52 phase=finalists live=4
@tune step i=53 phase=finalists live=4
@tune step i=54 phase=finalists live=4
@tune step i=55 phase=finalists live=4
@tune step i=56 phase=finalists live=4
@tune step i=57 phase=finalists live=4
@tune step i=58 phase=finalists live=4
@tune step i=59 phase=finalists live=4
@tune step i=60 phase=finalists live=4
@tune step i=61 phase=finalists live=4
@tune step i=62 phase=finalists live=4
@tune step i=63 phase=finalists live=4
@tune step i=64 phase=finalists live=4
@tune step i=65 phase=finalists live=4
@tune step i=66 phase=finalists live=4
@tune step i=67 phase=finalists live=4
@tune step i=68 phase=finalists live=4
@tune step i=69 phase=finalists live=4
@tune step i=70 phase=finalists live=4
@tune step i=71 phase=finalists live=4
@tune step i=72 phase=finalists live=4
@tune step i=73 phase=finalists live=4
@tune step i=74 phase=finalists live=4
@tune step i=75 phase=finalists live=4
@tune step i=76 phase=finalists live=4
@tune step i=77 phase=finalists live=4
@tune step i=78 phase=finalists live=4
@tune step i=79 phase=finalists live=4
@tune step i=80 phase=finalists live=4
@tune end name=copy_floats winner=u4 verdict=beats
noise probe (mid1): cv 0.99% <= 2.0% — box is quiet (median 2435 us)
@tune begin name=softmax total=80
@tune step i=1 phase=screening live=20
@tune step i=2 phase=screening live=20
@tune step i=3 phase=screening live=20
@tune step i=4 phase=screening live=20
@tune step i=5 phase=screening live=20
@tune step i=6 phase=screening live=20
@tune step i=7 phase=screening live=20
@tune step i=8 phase=screening live=20
@tune step i=9 phase=screening live=20
@tune step i=10 phase=screening live=20
@tune step i=11 phase=screening live=20
@tune step i=12 phase=screening live=20
@tune step i=13 phase=screening live=20
@tune step i=14 phase=screening live=20
@tune step i=15 phase=screening live=20
@tune step i=16 phase=screening live=20
@tune step i=17 phase=screening live=20
@tune step i=18 phase=screening live=20
@tune step i=19 phase=screening live=20
@tune step i=20 phase=screening live=20
@tune step i=21 phase=finalists live=20
@tune step i=22 phase=finalists live=20
@tune step i=23 phase=finalists live=20
@tune step i=24 phase=finalists live=20
@tune step i=25 phase=finalists live=20
@tune step i=26 phase=finalists live=20
@tune step i=27 phase=finalists live=20
@tune step i=28 phase=finalists live=20
@tune step i=29 phase=finalists live=20
@tune step i=30 phase=finalists live=20
@tune step i=31 phase=finalists live=20
@tune step i=32 phase=finalists live=20
@tune step i=33 phase=finalists live=20
@tune step i=34 phase=finalists live=20
@tune step i=35 phase=finalists live=20
@tune step i=36 phase=finalists live=20
@tune step i=37 phase=finalists live=20
@tune step i=38 phase=finalists live=20
@tune step i=39 phase=finalists live=20
@tune step i=40 phase=finalists live=20
@tune step i=41 phase=finalists live=20
@tune step i=42 phase=finalists live=20
@tune step i=43 phase=finalists live=20
@tune step i=44 phase=finalists live=20
@tune step i=45 phase=finalists live=20
@tune step i=46 phase=finalists live=20
@tune step i=47 phase=finalists live=20
@tune step i=48 phase=finalists live=20
@tune step i=49 phase=finalists live=20
@tune step i=50 phase=finalists live=20
@tune step i=51 phase=finalists live=20
@tune step i=52 phase=finalists live=20
@tune step i=53 phase=finalists live=20
@tune step i=54 phase=finalists live=20
@tune step i=55 phase=finalists live=20
@tune step i=56 phase=finalists live=20
@tune step i=57 phase=finalists live=20
@tune step i=58 phase=finalists live=20
@tune step i=59 phase=finalists live=20
@tune step i=60 phase=finalists live=20
@tune step i=61 phase=finalists live=20
@tune step i=62 phase=finalists live=20
@tune step i=63 phase=finalists live=20
@tune step i=64 phase=finalists live=20
@tune step i=65 phase=finalists live=20
@tune step i=66 phase=finalists live=20
@tune step i=67 phase=finalists live=20
@tune step i=68 phase=finalists live=20
@tune step i=69 phase=finalists live=20
@tune step i=70 phase=finalists live=20
@tune step i=71 phase=finalists live=20
@tune step i=72 phase=finalists live=20
@tune step i=73 phase=finalists live=20
@tune step i=74 phase=finalists live=20
@tune step i=75 phase=finalists live=20
@tune step i=76 phase=finalists live=20
@tune step i=77 phase=finalists live=20
@tune step i=78 phase=finalists live=20
@tune step i=79 phase=finalists live=20
@tune step i=80 phase=finalists live=20
@tune end name=softmax winner=vec8_u2 verdict=holds
@tune begin name=rmsnorm total=80
@tune step i=1 phase=screening live=20
@tune step i=2 phase=screening live=20
@tune step i=3 phase=screening live=20
@tune step i=4 phase=screening live=20
@tune step i=5 phase=screening live=20
@tune step i=6 phase=screening live=20
@tune step i=7 phase=screening live=20
@tune step i=8 phase=screening live=20
@tune step i=9 phase=screening live=20
@tune step i=10 phase=screening live=20
@tune step i=11 phase=screening live=20
@tune step i=12 phase=screening live=20
@tune step i=13 phase=screening live=20
@tune step i=14 phase=screening live=20
@tune step i=15 phase=screening live=20
@tune step i=16 phase=screening live=20
@tune step i=17 phase=screening live=20
@tune step i=18 phase=screening live=20
@tune step i=19 phase=screening live=20
@tune step i=20 phase=screening live=20
@tune step i=21 phase=finalists live=9
@tune step i=22 phase=finalists live=9
@tune step i=23 phase=finalists live=9
@tune step i=24 phase=finalists live=9
@tune step i=25 phase=finalists live=9
@tune step i=26 phase=finalists live=9
@tune step i=27 phase=finalists live=9
@tune step i=28 phase=finalists live=9
@tune step i=29 phase=finalists live=9
@tune step i=30 phase=finalists live=9
@tune step i=31 phase=finalists live=9
@tune step i=32 phase=finalists live=9
@tune step i=33 phase=finalists live=9
@tune step i=34 phase=finalists live=9
@tune step i=35 phase=finalists live=9
@tune step i=36 phase=finalists live=9
@tune step i=37 phase=finalists live=9
@tune step i=38 phase=finalists live=9
@tune step i=39 phase=finalists live=9
@tune step i=40 phase=finalists live=9
@tune step i=41 phase=finalists live=9
@tune step i=42 phase=finalists live=9
@tune step i=43 phase=finalists live=9
@tune step i=44 phase=finalists live=9
@tune step i=45 phase=finalists live=9
@tune step i=46 phase=finalists live=9
@tune step i=47 phase=finalists live=9
@tune step i=48 phase=finalists live=9
@tune step i=49 phase=finalists live=9
@tune step i=50 phase=finalists live=9
@tune step i=51 phase=finalists live=9
@tune step i=52 phase=finalists live=9
@tune step i=53 phase=finalists live=9
@tune step i=54 phase=finalists live=9
@tune step i=55 phase=finalists live=9
@tune step i=56 phase=finalists live=9
@tune step i=57 phase=finalists live=9
@tune step i=58 phase=finalists live=9
@tune step i=59 phase=finalists live=9
@tune step i=60 phase=finalists live=9
@tune step i=61 phase=finalists live=9
@tune step i=62 phase=finalists live=9
@tune step i=63 phase=finalists live=9
@tune step i=64 phase=finalists live=9
@tune step i=65 phase=finalists live=9
@tune step i=66 phase=finalists live=9
@tune step i=67 phase=finalists live=9
@tune step i=68 phase=finalists live=9
@tune step i=69 phase=finalists live=9
@tune step i=70 phase=finalists live=9
@tune step i=71 phase=finalists live=9
@tune step i=72 phase=finalists live=9
@tune step i=73 phase=finalists live=9
@tune step i=74 phase=finalists live=9
@tune step i=75 phase=finalists live=9
@tune step i=76 phase=finalists live=9
@tune step i=77 phase=finalists live=9
@tune step i=78 phase=finalists live=9
@tune step i=79 phase=finalists live=9
@tune step i=80 phase=finalists live=9
@tune end name=rmsnorm winner=vec8 verdict=beats
@tune begin name=dot_q4 total=80
@tune step i=1 phase=screening live=20
@tune step i=2 phase=screening live=20
@tune step i=3 phase=screening live=20
@tune step i=4 phase=screening live=20
@tune step i=5 phase=screening live=20
@tune step i=6 phase=screening live=20
@tune step i=7 phase=screening live=20
@tune step i=8 phase=screening live=20
@tune step i=9 phase=screening live=20
@tune step i=10 phase=screening live=20
@tune step i=11 phase=screening live=20
@tune step i=12 phase=screening live=20
@tune step i=13 phase=screening live=20
@tune step i=14 phase=screening live=20
@tune step i=15 phase=screening live=20
@tune step i=16 phase=screening live=20
@tune step i=17 phase=screening live=20
@tune step i=18 phase=screening live=20
@tune step i=19 phase=screening live=20
@tune step i=20 phase=screening live=20
@tune step i=21 phase=finalists live=6
@tune step i=22 phase=finalists live=6
@tune step i=23 phase=finalists live=6
@tune step i=24 phase=finalists live=6
@tune step i=25 phase=finalists live=6
@tune step i=26 phase=finalists live=6
@tune step i=27 phase=finalists live=6
@tune step i=28 phase=finalists live=6
@tune step i=29 phase=finalists live=6
@tune step i=30 phase=finalists live=6
@tune step i=31 phase=finalists live=6
@tune step i=32 phase=finalists live=6
@tune step i=33 phase=finalists live=6
@tune step i=34 phase=finalists live=6
@tune step i=35 phase=finalists live=6
@tune step i=36 phase=finalists live=6
@tune step i=37 phase=finalists live=6
@tune step i=38 phase=finalists live=6
@tune step i=39 phase=finalists live=6
@tune step i=40 phase=finalists live=6
@tune step i=41 phase=finalists live=6
@tune step i=42 phase=finalists live=6
@tune step i=43 phase=finalists live=6
@tune step i=44 phase=finalists live=6
@tune step i=45 phase=finalists live=6
@tune step i=46 phase=finalists live=6
@tune step i=47 phase=finalists live=6
@tune step i=48 phase=finalists live=6
@tune step i=49 phase=finalists live=6
@tune step i=50 phase=finalists live=6
@tune step i=51 phase=finalists live=6
@tune step i=52 phase=finalists live=6
@tune step i=53 phase=finalists live=6
@tune step i=54 phase=finalists live=6
@tune step i=55 phase=finalists live=6
@tune step i=56 phase=finalists live=6
@tune step i=57 phase=finalists live=6
@tune step i=58 phase=finalists live=6
@tune step i=59 phase=finalists live=6
@tune step i=60 phase=finalists live=6
@tune step i=61 phase=finalists live=6
@tune step i=62 phase=finalists live=6
@tune step i=63 phase=finalists live=6
@tune step i=64 phase=finalists live=6
@tune step i=65 phase=finalists live=6
@tune step i=66 phase=finalists live=6
@tune step i=67 phase=finalists live=6
@tune step i=68 phase=finalists live=6
@tune step i=69 phase=finalists live=6
@tune step i=70 phase=finalists live=6
@tune step i=71 phase=finalists live=6
@tune step i=72 phase=finalists live=6
@tune step i=73 phase=finalists live=6
@tune step i=74 phase=finalists live=6
@tune step i=75 phase=finalists live=6
@tune step i=76 phase=finalists live=6
@tune step i=77 phase=finalists live=6
@tune step i=78 phase=finalists live=6
@tune step i=79 phase=finalists live=6
@tune step i=80 phase=finalists live=6
@tune end name=dot_q4 winner=vec4_u4 verdict=holds
@tune begin name=dot_q8q8 total=80
@tune step i=1 phase=screening live=20
@tune step i=2 phase=screening live=20
@tune step i=3 phase=screening live=20
@tune step i=4 phase=screening live=20
@tune step i=5 phase=screening live=20
@tune step i=6 phase=screening live=20
@tune step i=7 phase=screening live=20
@tune step i=8 phase=screening live=20
@tune step i=9 phase=screening live=20
@tune step i=10 phase=screening live=20
@tune step i=11 phase=screening live=20
@tune step i=12 phase=screening live=20
@tune step i=13 phase=screening live=20
@tune step i=14 phase=screening live=20
@tune step i=15 phase=screening live=20
@tune step i=16 phase=screening live=20
@tune step i=17 phase=screening live=20
@tune step i=18 phase=screening live=20
@tune step i=19 phase=screening live=20
@tune step i=20 phase=screening live=20
@tune step i=21 phase=finalists live=14
@tune step i=22 phase=finalists live=14
@tune step i=23 phase=finalists live=14
@tune step i=24 phase=finalists live=14
@tune step i=25 phase=finalists live=14
@tune step i=26 phase=finalists live=14
@tune step i=27 phase=finalists live=14
@tune step i=28 phase=finalists live=14
@tune step i=29 phase=finalists live=14
@tune step i=30 phase=finalists live=14
@tune step i=31 phase=finalists live=14
@tune step i=32 phase=finalists live=14
@tune step i=33 phase=finalists live=14
@tune step i=34 phase=finalists live=14
@tune step i=35 phase=finalists live=14
@tune step i=36 phase=finalists live=14
@tune step i=37 phase=finalists live=14
@tune step i=38 phase=finalists live=14
@tune step i=39 phase=finalists live=14
@tune step i=40 phase=finalists live=14
@tune step i=41 phase=finalists live=14
@tune step i=42 phase=finalists live=14
@tune step i=43 phase=finalists live=14
@tune step i=44 phase=finalists live=14
@tune step i=45 phase=finalists live=14
@tune step i=46 phase=finalists live=14
@tune step i=47 phase=finalists live=14
@tune step i=48 phase=finalists live=14
@tune step i=49 phase=finalists live=14
@tune step i=50 phase=finalists live=14
@tune step i=51 phase=finalists live=14
@tune step i=52 phase=finalists live=14
@tune step i=53 phase=finalists live=14
@tune step i=54 phase=finalists live=14
@tune step i=55 phase=finalists live=14
@tune step i=56 phase=finalists live=14
@tune step i=57 phase=finalists live=14
@tune step i=58 phase=finalists live=14
@tune step i=59 phase=finalists live=14
@tune step i=60 phase=finalists live=14
@tune step i=61 phase=finalists live=14
@tune step i=62 phase=finalists live=14
@tune step i=63 phase=finalists live=14
@tune step i=64 phase=finalists live=14
@tune step i=65 phase=finalists live=14
@tune step i=66 phase=finalists live=14
@tune step i=67 phase=finalists live=14
@tune step i=68 phase=finalists live=14
@tune step i=69 phase=finalists live=14
@tune step i=70 phase=finalists live=14
@tune step i=71 phase=finalists live=14
@tune step i=72 phase=finalists live=14
@tune step i=73 phase=finalists live=14
@tune step i=74 phase=finalists live=14
@tune step i=75 phase=finalists live=14
@tune step i=76 phase=finalists live=14
@tune step i=77 phase=finalists live=14
@tune step i=78 phase=finalists live=14
@tune step i=79 phase=finalists live=14
@tune step i=80 phase=finalists live=14
@tune end name=dot_q8q8 winner=vec16 verdict=holds
@tune begin name=dot_q8kv total=80
@tune step i=1 phase=screening live=20
@tune step i=2 phase=screening live=20
@tune step i=3 phase=screening live=20
@tune step i=4 phase=screening live=20
@tune step i=5 phase=screening live=20
@tune step i=6 phase=screening live=20
@tune step i=7 phase=screening live=20
@tune step i=8 phase=screening live=20
@tune step i=9 phase=screening live=20
@tune step i=10 phase=screening live=20
@tune step i=11 phase=screening live=20
@tune step i=12 phase=screening live=20
@tune step i=13 phase=screening live=20
@tune step i=14 phase=screening live=20
@tune step i=15 phase=screening live=20
@tune step i=16 phase=screening live=20
@tune step i=17 phase=screening live=20
@tune step i=18 phase=screening live=20
@tune step i=19 phase=screening live=20
@tune step i=20 phase=screening live=20
@tune step i=21 phase=finalists live=6
@tune step i=22 phase=finalists live=6
@tune step i=23 phase=finalists live=6
@tune step i=24 phase=finalists live=6
@tune step i=25 phase=finalists live=6
@tune step i=26 phase=finalists live=6
@tune step i=27 phase=finalists live=6
@tune step i=28 phase=finalists live=6
@tune step i=29 phase=finalists live=6
@tune step i=30 phase=finalists live=6
@tune step i=31 phase=finalists live=6
@tune step i=32 phase=finalists live=6
@tune step i=33 phase=finalists live=6
@tune step i=34 phase=finalists live=6
@tune step i=35 phase=finalists live=6
@tune step i=36 phase=finalists live=6
@tune step i=37 phase=finalists live=6
@tune step i=38 phase=finalists live=6
@tune step i=39 phase=finalists live=6
@tune step i=40 phase=finalists live=6
@tune step i=41 phase=finalists live=6
@tune step i=42 phase=finalists live=6
@tune step i=43 phase=finalists live=6
@tune step i=44 phase=finalists live=6
@tune step i=45 phase=finalists live=6
@tune step i=46 phase=finalists live=6
@tune step i=47 phase=finalists live=6
@tune step i=48 phase=finalists live=6
@tune step i=49 phase=finalists live=6
@tune step i=50 phase=finalists live=6
@tune step i=51 phase=finalists live=6
@tune step i=52 phase=finalists live=6
@tune step i=53 phase=finalists live=6
@tune step i=54 phase=finalists live=6
@tune step i=55 phase=finalists live=6
@tune step i=56 phase=finalists live=6
@tune step i=57 phase=finalists live=6
@tune step i=58 phase=finalists live=6
@tune step i=59 phase=finalists live=6
@tune step i=60 phase=finalists live=6
@tune step i=61 phase=finalists live=6
@tune step i=62 phase=finalists live=6
@tune step i=63 phase=finalists live=6
@tune step i=64 phase=finalists live=6
@tune step i=65 phase=finalists live=6
@tune step i=66 phase=finalists live=6
@tune step i=67 phase=finalists live=6
@tune step i=68 phase=finalists live=6
@tune step i=69 phase=finalists live=6
@tune step i=70 phase=finalists live=6
@tune step i=71 phase=finalists live=6
@tune step i=72 phase=finalists live=6
@tune step i=73 phase=finalists live=6
@tune step i=74 phase=finalists live=6
@tune step i=75 phase=finalists live=6
@tune step i=76 phase=finalists live=6
@tune step i=77 phase=finalists live=6
@tune step i=78 phase=finalists live=6
@tune step i=79 phase=finalists live=6
@tune step i=80 phase=finalists live=6
@tune end name=dot_q8kv winner=vec4_u2 verdict=beats
@tune begin name=dot_q8q8kv total=80
@tune step i=1 phase=screening live=20
@tune step i=2 phase=screening live=20
@tune step i=3 phase=screening live=20
@tune step i=4 phase=screening live=20
@tune step i=5 phase=screening live=20
@tune step i=6 phase=screening live=20
@tune step i=7 phase=screening live=20
@tune step i=8 phase=screening live=20
@tune step i=9 phase=screening live=20
@tune step i=10 phase=screening live=20
@tune step i=11 phase=screening live=20
@tune step i=12 phase=screening live=20
@tune step i=13 phase=screening live=20
@tune step i=14 phase=screening live=20
@tune step i=15 phase=screening live=20
@tune step i=16 phase=screening live=20
@tune step i=17 phase=screening live=20
@tune step i=18 phase=screening live=20
@tune step i=19 phase=screening live=20
@tune step i=20 phase=screening live=20
@tune step i=21 phase=finalists live=14
@tune step i=22 phase=finalists live=14
@tune step i=23 phase=finalists live=14
@tune step i=24 phase=finalists live=14
@tune step i=25 phase=finalists live=14
@tune step i=26 phase=finalists live=14
@tune step i=27 phase=finalists live=14
@tune step i=28 phase=finalists live=14
@tune step i=29 phase=finalists live=14
@tune step i=30 phase=finalists live=14
@tune step i=31 phase=finalists live=14
@tune step i=32 phase=finalists live=14
@tune step i=33 phase=finalists live=14
@tune step i=34 phase=finalists live=14
@tune step i=35 phase=finalists live=14
@tune step i=36 phase=finalists live=14
@tune step i=37 phase=finalists live=14
@tune step i=38 phase=finalists live=14
@tune step i=39 phase=finalists live=14
@tune step i=40 phase=finalists live=14
@tune step i=41 phase=finalists live=14
@tune step i=42 phase=finalists live=14
@tune step i=43 phase=finalists live=14
@tune step i=44 phase=finalists live=14
@tune step i=45 phase=finalists live=14
@tune step i=46 phase=finalists live=14
@tune step i=47 phase=finalists live=14
@tune step i=48 phase=finalists live=14
@tune step i=49 phase=finalists live=14
@tune step i=50 phase=finalists live=14
@tune step i=51 phase=finalists live=14
@tune step i=52 phase=finalists live=14
@tune step i=53 phase=finalists live=14
@tune step i=54 phase=finalists live=14
@tune step i=55 phase=finalists live=14
@tune step i=56 phase=finalists live=14
@tune step i=57 phase=finalists live=14
@tune step i=58 phase=finalists live=14
@tune step i=59 phase=finalists live=14
@tune step i=60 phase=finalists live=14
@tune step i=61 phase=finalists live=14
@tune step i=62 phase=finalists live=14
@tune step i=63 phase=finalists live=14
@tune step i=64 phase=finalists live=14
@tune step i=65 phase=finalists live=14
@tune step i=66 phase=finalists live=14
@tune step i=67 phase=finalists live=14
@tune step i=68 phase=finalists live=14
@tune step i=69 phase=finalists live=14
@tune step i=70 phase=finalists live=14
@tune step i=71 phase=finalists live=14
@tune step i=72 phase=finalists live=14
@tune step i=73 phase=finalists live=14
@tune step i=74 phase=finalists live=14
@tune step i=75 phase=finalists live=14
@tune step i=76 phase=finalists live=14
@tune step i=77 phase=finalists live=14
@tune step i=78 phase=finalists live=14
@tune step i=79 phase=finalists live=14
@tune step i=80 phase=finalists live=14
@tune end name=dot_q8q8kv winner=vec16 verdict=holds
@tune begin name=axpy_q8kv total=80
@tune step i=1 phase=screening live=20
@tune step i=2 phase=screening live=20
@tune step i=3 phase=screening live=20
@tune step i=4 phase=screening live=20
@tune step i=5 phase=screening live=20
@tune step i=6 phase=screening live=20
@tune step i=7 phase=screening live=20
@tune step i=8 phase=screening live=20
@tune step i=9 phase=screening live=20
@tune step i=10 phase=screening live=20
@tune step i=11 phase=screening live=20
@tune step i=12 phase=screening live=20
@tune step i=13 phase=screening live=20
@tune step i=14 phase=screening live=20
@tune step i=15 phase=screening live=20
@tune step i=16 phase=screening live=20
@tune step i=17 phase=screening live=20
@tune step i=18 phase=screening live=20
@tune step i=19 phase=screening live=20
@tune step i=20 phase=screening live=20
@tune step i=21 phase=finalists live=19
@tune step i=22 phase=finalists live=19
@tune step i=23 phase=finalists live=19
@tune step i=24 phase=finalists live=19
@tune step i=25 phase=finalists live=19
@tune step i=26 phase=finalists live=19
@tune step i=27 phase=finalists live=19
@tune step i=28 phase=finalists live=19
@tune step i=29 phase=finalists live=19
@tune step i=30 phase=finalists live=19
@tune step i=31 phase=finalists live=19
@tune step i=32 phase=finalists live=19
@tune step i=33 phase=finalists live=19
@tune step i=34 phase=finalists live=19
@tune step i=35 phase=finalists live=19
@tune step i=36 phase=finalists live=19
@tune step i=37 phase=finalists live=19
@tune step i=38 phase=finalists live=19
@tune step i=39 phase=finalists live=19
@tune step i=40 phase=finalists live=19
@tune step i=41 phase=finalists live=19
@tune step i=42 phase=finalists live=19
@tune step i=43 phase=finalists live=19
@tune step i=44 phase=finalists live=19
@tune step i=45 phase=finalists live=19
@tune step i=46 phase=finalists live=19
@tune step i=47 phase=finalists live=19
@tune step i=48 phase=finalists live=19
@tune step i=49 phase=finalists live=19
@tune step i=50 phase=finalists live=19
@tune step i=51 phase=finalists live=19
@tune step i=52 phase=finalists live=19
@tune step i=53 phase=finalists live=19
@tune step i=54 phase=finalists live=19
@tune step i=55 phase=finalists live=19
@tune step i=56 phase=finalists live=19
@tune step i=57 phase=finalists live=19
@tune step i=58 phase=finalists live=19
@tune step i=59 phase=finalists live=19
@tune step i=60 phase=finalists live=19
@tune step i=61 phase=finalists live=19
@tune step i=62 phase=finalists live=19
@tune step i=63 phase=finalists live=19
@tune step i=64 phase=finalists live=19
@tune step i=65 phase=finalists live=19
@tune step i=66 phase=finalists live=19
@tune step i=67 phase=finalists live=19
@tune step i=68 phase=finalists live=19
@tune step i=69 phase=finalists live=19
@tune step i=70 phase=finalists live=19
@tune step i=71 phase=finalists live=19
@tune step i=72 phase=finalists live=19
@tune step i=73 phase=finalists live=19
@tune step i=74 phase=finalists live=19
@tune step i=75 phase=finalists live=19
@tune step i=76 phase=finalists live=16
@tune step i=77 phase=finalists live=16
@tune step i=78 phase=finalists live=16
@tune step i=79 phase=finalists live=16
@tune step i=80 phase=finalists live=16
@tune end name=axpy_q8kv winner=u2 verdict=beats
@tune begin name=cvt_q8kv_to_f32 total=80
@tune step i=1 phase=screening live=20
@tune step i=2 phase=screening live=20
@tune step i=3 phase=screening live=20
@tune step i=4 phase=screening live=20
@tune step i=5 phase=screening live=20
@tune step i=6 phase=screening live=20
@tune step i=7 phase=screening live=20
@tune step i=8 phase=screening live=20
@tune step i=9 phase=screening live=20
@tune step i=10 phase=screening live=20
@tune step i=11 phase=screening live=20
@tune step i=12 phase=screening live=20
@tune step i=13 phase=screening live=20
@tune step i=14 phase=screening live=20
@tune step i=15 phase=screening live=20
@tune step i=16 phase=screening live=20
@tune step i=17 phase=screening live=20
@tune step i=18 phase=screening live=20
@tune step i=19 phase=screening live=20
@tune step i=20 phase=screening live=20
@tune step i=21 phase=finalists live=20
@tune step i=22 phase=finalists live=20
@tune step i=23 phase=finalists live=20
@tune step i=24 phase=finalists live=20
@tune step i=25 phase=finalists live=20
@tune step i=26 phase=finalists live=20
@tune step i=27 phase=finalists live=20
@tune step i=28 phase=finalists live=20
@tune step i=29 phase=finalists live=20
@tune step i=30 phase=finalists live=20
@tune step i=31 phase=finalists live=20
@tune step i=32 phase=finalists live=20
@tune step i=33 phase=finalists live=20
@tune step i=34 phase=finalists live=20
@tune step i=35 phase=finalists live=20
@tune step i=36 phase=finalists live=20
@tune step i=37 phase=finalists live=20
@tune step i=38 phase=finalists live=20
@tune step i=39 phase=finalists live=20
@tune step i=40 phase=finalists live=20
@tune step i=41 phase=finalists live=20
@tune step i=42 phase=finalists live=20
@tune step i=43 phase=finalists live=20
@tune step i=44 phase=finalists live=20
@tune step i=45 phase=finalists live=20
@tune step i=46 phase=finalists live=20
@tune step i=47 phase=finalists live=20
@tune step i=48 phase=finalists live=20
@tune step i=49 phase=finalists live=20
@tune step i=50 phase=finalists live=20
@tune step i=51 phase=finalists live=20
@tune step i=52 phase=finalists live=20
@tune step i=53 phase=finalists live=20
@tune step i=54 phase=finalists live=20
@tune step i=55 phase=finalists live=20
@tune step i=56 phase=finalists live=20
@tune step i=57 phase=finalists live=20
@tune step i=58 phase=finalists live=20
@tune step i=59 phase=finalists live=20
@tune step i=60 phase=finalists live=20
@tune step i=61 phase=finalists live=20
@tune step i=62 phase=finalists live=20
@tune step i=63 phase=finalists live=20
@tune step i=64 phase=finalists live=20
@tune step i=65 phase=finalists live=20
@tune step i=66 phase=finalists live=20
@tune step i=67 phase=finalists live=20
@tune step i=68 phase=finalists live=20
@tune step i=69 phase=finalists live=20
@tune step i=70 phase=finalists live=20
@tune step i=71 phase=finalists live=20
@tune step i=72 phase=finalists live=20
@tune step i=73 phase=finalists live=20
@tune step i=74 phase=finalists live=20
@tune step i=75 phase=finalists live=20
@tune step i=76 phase=finalists live=20
@tune step i=77 phase=finalists live=20
@tune step i=78 phase=finalists live=20
@tune step i=79 phase=finalists live=20
@tune step i=80 phase=finalists live=20
@tune end name=cvt_q8kv_to_f32 winner=vec8_u2 verdict=holds
@tune begin name=quantize_q8kv_row total=80
@tune step i=1 phase=screening live=20
@tune step i=2 phase=screening live=20
@tune step i=3 phase=screening live=20
@tune step i=4 phase=screening live=20
@tune step i=5 phase=screening live=20
@tune step i=6 phase=screening live=20
@tune step i=7 phase=screening live=20
@tune step i=8 phase=screening live=20
@tune step i=9 phase=screening live=20
@tune step i=10 phase=screening live=20
@tune step i=11 phase=screening live=20
@tune step i=12 phase=screening live=20
@tune step i=13 phase=screening live=20
@tune step i=14 phase=screening live=20
@tune step i=15 phase=screening live=20
@tune step i=16 phase=screening live=20
@tune step i=17 phase=screening live=20
@tune step i=18 phase=screening live=20
@tune step i=19 phase=screening live=20
@tune step i=20 phase=screening live=20
@tune step i=21 phase=finalists live=16
@tune step i=22 phase=finalists live=16
@tune step i=23 phase=finalists live=16
@tune step i=24 phase=finalists live=16
@tune step i=25 phase=finalists live=16
@tune step i=26 phase=finalists live=16
@tune step i=27 phase=finalists live=16
@tune step i=28 phase=finalists live=16
@tune step i=29 phase=finalists live=16
@tune step i=30 phase=finalists live=16
@tune step i=31 phase=finalists live=16
@tune step i=32 phase=finalists live=16
@tune step i=33 phase=finalists live=16
@tune step i=34 phase=finalists live=16
@tune step i=35 phase=finalists live=16
@tune step i=36 phase=finalists live=16
@tune step i=37 phase=finalists live=16
@tune step i=38 phase=finalists live=16
@tune step i=39 phase=finalists live=16
@tune step i=40 phase=finalists live=16
@tune step i=41 phase=finalists live=16
@tune step i=42 phase=finalists live=16
@tune step i=43 phase=finalists live=16
@tune step i=44 phase=finalists live=16
@tune step i=45 phase=finalists live=16
@tune step i=46 phase=finalists live=16
@tune step i=47 phase=finalists live=16
@tune step i=48 phase=finalists live=16
@tune step i=49 phase=finalists live=16
@tune step i=50 phase=finalists live=16
@tune step i=51 phase=finalists live=16
@tune step i=52 phase=finalists live=16
@tune step i=53 phase=finalists live=16
@tune step i=54 phase=finalists live=16
@tune step i=55 phase=finalists live=16
@tune step i=56 phase=finalists live=16
@tune step i=57 phase=finalists live=16
@tune step i=58 phase=finalists live=16
@tune step i=59 phase=finalists live=16
@tune step i=60 phase=finalists live=16
@tune step i=61 phase=finalists live=16
@tune step i=62 phase=finalists live=16
@tune step i=63 phase=finalists live=16
@tune step i=64 phase=finalists live=16
@tune step i=65 phase=finalists live=16
@tune step i=66 phase=finalists live=16
@tune step i=67 phase=finalists live=16
@tune step i=68 phase=finalists live=16
@tune step i=69 phase=finalists live=16
@tune step i=70 phase=finalists live=16
@tune step i=71 phase=finalists live=16
@tune step i=72 phase=finalists live=16
@tune step i=73 phase=finalists live=16
@tune step i=74 phase=finalists live=16
@tune step i=75 phase=finalists live=16
@tune step i=76 phase=finalists live=16
@tune step i=77 phase=finalists live=16
@tune step i=78 phase=finalists live=16
@tune step i=79 phase=finalists live=16
@tune step i=80 phase=finalists live=16
@tune end name=quantize_q8kv_row winner=plain verdict=holds
noise probe (mid2): cv 0.11% <= 2.0% — box is quiet (median 2466 us)
@tune begin name=dot_mx4q8 total=80
@tune step i=1 phase=screening live=20
@tune step i=2 phase=screening live=20
@tune step i=3 phase=screening live=20
@tune step i=4 phase=screening live=20
@tune step i=5 phase=screening live=20
@tune step i=6 phase=screening live=20
@tune step i=7 phase=screening live=20
@tune step i=8 phase=screening live=20
@tune step i=9 phase=screening live=20
@tune step i=10 phase=screening live=20
@tune step i=11 phase=screening live=20
@tune step i=12 phase=screening live=20
@tune step i=13 phase=screening live=20
@tune step i=14 phase=screening live=20
@tune step i=15 phase=screening live=20
@tune step i=16 phase=screening live=20
@tune step i=17 phase=screening live=20
@tune step i=18 phase=screening live=20
@tune step i=19 phase=screening live=20
@tune step i=20 phase=screening live=20
@tune step i=21 phase=finalists live=10
@tune step i=22 phase=finalists live=10
@tune step i=23 phase=finalists live=10
@tune step i=24 phase=finalists live=10
@tune step i=25 phase=finalists live=10
@tune step i=26 phase=finalists live=10
@tune step i=27 phase=finalists live=10
@tune step i=28 phase=finalists live=10
@tune step i=29 phase=finalists live=10
@tune step i=30 phase=finalists live=10
@tune step i=31 phase=finalists live=10
@tune step i=32 phase=finalists live=10
@tune step i=33 phase=finalists live=10
@tune step i=34 phase=finalists live=10
@tune step i=35 phase=finalists live=10
@tune step i=36 phase=finalists live=10
@tune step i=37 phase=finalists live=10
@tune step i=38 phase=finalists live=10
@tune step i=39 phase=finalists live=10
@tune step i=40 phase=finalists live=10
@tune step i=41 phase=finalists live=10
@tune step i=42 phase=finalists live=10
@tune step i=43 phase=finalists live=10
@tune step i=44 phase=finalists live=10
@tune step i=45 phase=finalists live=10
@tune step i=46 phase=finalists live=10
@tune step i=47 phase=finalists live=10
@tune step i=48 phase=finalists live=10
@tune step i=49 phase=finalists live=10
@tune step i=50 phase=finalists live=10
@tune step i=51 phase=finalists live=10
@tune step i=52 phase=finalists live=10
@tune step i=53 phase=finalists live=10
@tune step i=54 phase=finalists live=10
@tune step i=55 phase=finalists live=10
@tune step i=56 phase=finalists live=10
@tune step i=57 phase=finalists live=10
@tune step i=58 phase=finalists live=10
@tune step i=59 phase=finalists live=10
@tune step i=60 phase=finalists live=10
@tune step i=61 phase=finalists live=10
@tune step i=62 phase=finalists live=10
@tune step i=63 phase=finalists live=10
@tune step i=64 phase=finalists live=10
@tune step i=65 phase=finalists live=10
@tune step i=66 phase=finalists live=10
@tune step i=67 phase=finalists live=10
@tune step i=68 phase=finalists live=10
@tune step i=69 phase=finalists live=10
@tune step i=70 phase=finalists live=10
@tune step i=71 phase=finalists live=10
@tune step i=72 phase=finalists live=10
@tune step i=73 phase=finalists live=10
@tune step i=74 phase=finalists live=10
@tune step i=75 phase=finalists live=10
@tune step i=76 phase=finalists live=10
@tune step i=77 phase=finalists live=10
@tune step i=78 phase=finalists live=10
@tune step i=79 phase=finalists live=10
@tune step i=80 phase=finalists live=10
@tune end name=dot_mx4q8 winner=u8 verdict=beats
@tune begin name=quantize_q8_0_into_ptr total=80
@tune step i=1 phase=screening live=20
@tune step i=2 phase=screening live=20
@tune step i=3 phase=screening live=20
@tune step i=4 phase=screening live=20
@tune step i=5 phase=screening live=20
@tune step i=6 phase=screening live=20
@tune step i=7 phase=screening live=20
@tune step i=8 phase=screening live=20
@tune step i=9 phase=screening live=20
@tune step i=10 phase=screening live=20
@tune step i=11 phase=screening live=20
@tune step i=12 phase=screening live=20
@tune step i=13 phase=screening live=20
@tune step i=14 phase=screening live=20
@tune step i=15 phase=screening live=20
@tune step i=16 phase=screening live=20
@tune step i=17 phase=screening live=20
@tune step i=18 phase=screening live=20
@tune step i=19 phase=screening live=20
@tune step i=20 phase=screening live=20
@tune step i=21 phase=finalists live=14
@tune step i=22 phase=finalists live=14
@tune step i=23 phase=finalists live=14
@tune step i=24 phase=finalists live=14
@tune step i=25 phase=finalists live=14
@tune step i=26 phase=finalists live=14
@tune step i=27 phase=finalists live=14
@tune step i=28 phase=finalists live=14
@tune step i=29 phase=finalists live=14
@tune step i=30 phase=finalists live=14
@tune step i=31 phase=finalists live=14
@tune step i=32 phase=finalists live=14
@tune step i=33 phase=finalists live=14
@tune step i=34 phase=finalists live=14
@tune step i=35 phase=finalists live=14
@tune step i=36 phase=finalists live=14
@tune step i=37 phase=finalists live=14
@tune step i=38 phase=finalists live=14
@tune step i=39 phase=finalists live=14
@tune step i=40 phase=finalists live=14
@tune step i=41 phase=finalists live=14
@tune step i=42 phase=finalists live=14
@tune step i=43 phase=finalists live=14
@tune step i=44 phase=finalists live=14
@tune step i=45 phase=finalists live=14
@tune step i=46 phase=finalists live=14
@tune step i=47 phase=finalists live=14
@tune step i=48 phase=finalists live=14
@tune step i=49 phase=finalists live=14
@tune step i=50 phase=finalists live=14
@tune step i=51 phase=finalists live=14
@tune step i=52 phase=finalists live=14
@tune step i=53 phase=finalists live=14
@tune step i=54 phase=finalists live=14
@tune step i=55 phase=finalists live=14
@tune step i=56 phase=finalists live=14
@tune step i=57 phase=finalists live=14
@tune step i=58 phase=finalists live=14
@tune step i=59 phase=finalists live=14
@tune step i=60 phase=finalists live=14
@tune step i=61 phase=finalists live=14
@tune step i=62 phase=finalists live=14
@tune step i=63 phase=finalists live=14
@tune step i=64 phase=finalists live=14
@tune step i=65 phase=finalists live=14
@tune step i=66 phase=finalists live=14
@tune step i=67 phase=finalists live=14
@tune step i=68 phase=finalists live=14
@tune step i=69 phase=finalists live=14
@tune step i=70 phase=finalists live=14
@tune step i=71 phase=finalists live=14
@tune step i=72 phase=finalists live=14
@tune step i=73 phase=finalists live=14
@tune step i=74 phase=finalists live=14
@tune step i=75 phase=finalists live=14
@tune step i=76 phase=finalists live=14
@tune step i=77 phase=finalists live=14
@tune step i=78 phase=finalists live=14
@tune step i=79 phase=finalists live=14
@tune step i=80 phase=finalists live=14
@tune end name=quantize_q8_0_into_ptr winner=plain verdict=holds
@tune begin name=quantize_q8_0_bs_into_ptr total=80
@tune step i=1 phase=screening live=20
@tune step i=2 phase=screening live=20
@tune step i=3 phase=screening live=20
@tune step i=4 phase=screening live=20
@tune step i=5 phase=screening live=20
@tune step i=6 phase=screening live=20
@tune step i=7 phase=screening live=20
@tune step i=8 phase=screening live=20
@tune step i=9 phase=screening live=20
@tune step i=10 phase=screening live=20
@tune step i=11 phase=screening live=20
@tune step i=12 phase=screening live=20
@tune step i=13 phase=screening live=20
@tune step i=14 phase=screening live=20
@tune step i=15 phase=screening live=20
@tune step i=16 phase=screening live=20
@tune step i=17 phase=screening live=20
@tune step i=18 phase=screening live=20
@tune step i=19 phase=screening live=20
@tune step i=20 phase=screening live=20
@tune step i=21 phase=finalists live=17
@tune step i=22 phase=finalists live=17
@tune step i=23 phase=finalists live=17
@tune step i=24 phase=finalists live=17
@tune step i=25 phase=finalists live=17
@tune step i=26 phase=finalists live=17
@tune step i=27 phase=finalists live=17
@tune step i=28 phase=finalists live=17
@tune step i=29 phase=finalists live=17
@tune step i=30 phase=finalists live=17
@tune step i=31 phase=finalists live=17
@tune step i=32 phase=finalists live=17
@tune step i=33 phase=finalists live=17
@tune step i=34 phase=finalists live=17
@tune step i=35 phase=finalists live=17
@tune step i=36 phase=finalists live=17
@tune step i=37 phase=finalists live=17
@tune step i=38 phase=finalists live=17
@tune step i=39 phase=finalists live=17
@tune step i=40 phase=finalists live=17
@tune step i=41 phase=finalists live=17
@tune step i=42 phase=finalists live=17
@tune step i=43 phase=finalists live=17
@tune step i=44 phase=finalists live=17
@tune step i=45 phase=finalists live=17
@tune step i=46 phase=finalists live=17
@tune step i=47 phase=finalists live=17
@tune step i=48 phase=finalists live=17
@tune step i=49 phase=finalists live=17
@tune step i=50 phase=finalists live=17
@tune step i=51 phase=finalists live=17
@tune step i=52 phase=finalists live=17
@tune step i=53 phase=finalists live=17
@tune step i=54 phase=finalists live=17
@tune step i=55 phase=finalists live=17
@tune step i=56 phase=finalists live=17
@tune step i=57 phase=finalists live=17
@tune step i=58 phase=finalists live=17
@tune step i=59 phase=finalists live=17
@tune step i=60 phase=finalists live=17
@tune step i=61 phase=finalists live=17
@tune step i=62 phase=finalists live=17
@tune step i=63 phase=finalists live=17
@tune step i=64 phase=finalists live=17
@tune step i=65 phase=finalists live=17
@tune step i=66 phase=finalists live=17
@tune step i=67 phase=finalists live=17
@tune step i=68 phase=finalists live=17
@tune step i=69 phase=finalists live=17
@tune step i=70 phase=finalists live=17
@tune step i=71 phase=finalists live=17
@tune step i=72 phase=finalists live=17
@tune step i=73 phase=finalists live=17
@tune step i=74 phase=finalists live=17
@tune step i=75 phase=finalists live=17
@tune step i=76 phase=finalists live=17
@tune step i=77 phase=finalists live=17
@tune step i=78 phase=finalists live=17
@tune step i=79 phase=finalists live=17
@tune step i=80 phase=finalists live=17
@tune end name=quantize_q8_0_bs_into_ptr winner=plain verdict=holds
@tune begin name=rope_scaled_neox_tab total=80
@tune step i=1 phase=screening live=20
@tune step i=2 phase=screening live=20
@tune step i=3 phase=screening live=20
@tune step i=4 phase=screening live=20
@tune step i=5 phase=screening live=20
@tune step i=6 phase=screening live=20
@tune step i=7 phase=screening live=20
@tune step i=8 phase=screening live=20
@tune step i=9 phase=screening live=20
@tune step i=10 phase=screening live=20
@tune step i=11 phase=screening live=20
@tune step i=12 phase=screening live=20
@tune step i=13 phase=screening live=20
@tune step i=14 phase=screening live=20
@tune step i=15 phase=screening live=20
@tune step i=16 phase=screening live=20
@tune step i=17 phase=screening live=20
@tune step i=18 phase=screening live=20
@tune step i=19 phase=screening live=20
@tune step i=20 phase=screening live=20
@tune step i=21 phase=finalists live=6
@tune step i=22 phase=finalists live=6
@tune step i=23 phase=finalists live=6
@tune step i=24 phase=finalists live=6
@tune step i=25 phase=finalists live=6
@tune step i=26 phase=finalists live=6
@tune step i=27 phase=finalists live=6
@tune step i=28 phase=finalists live=6
@tune step i=29 phase=finalists live=6
@tune step i=30 phase=finalists live=6
@tune step i=31 phase=finalists live=6
@tune step i=32 phase=finalists live=6
@tune step i=33 phase=finalists live=6
@tune step i=34 phase=finalists live=6
@tune step i=35 phase=finalists live=6
@tune step i=36 phase=finalists live=6
@tune step i=37 phase=finalists live=6
@tune step i=38 phase=finalists live=6
@tune step i=39 phase=finalists live=6
@tune step i=40 phase=finalists live=6
@tune step i=41 phase=finalists live=6
@tune step i=42 phase=finalists live=6
@tune step i=43 phase=finalists live=6
@tune step i=44 phase=finalists live=6
@tune step i=45 phase=finalists live=6
@tune step i=46 phase=finalists live=6
@tune step i=47 phase=finalists live=6
@tune step i=48 phase=finalists live=6
@tune step i=49 phase=finalists live=6
@tune step i=50 phase=finalists live=6
@tune step i=51 phase=finalists live=6
@tune step i=52 phase=finalists live=6
@tune step i=53 phase=finalists live=6
@tune step i=54 phase=finalists live=6
@tune step i=55 phase=finalists live=6
@tune step i=56 phase=finalists live=6
@tune step i=57 phase=finalists live=6
@tune step i=58 phase=finalists live=6
@tune step i=59 phase=finalists live=6
@tune step i=60 phase=finalists live=6
@tune step i=61 phase=finalists live=6
@tune step i=62 phase=finalists live=6
@tune step i=63 phase=finalists live=6
@tune step i=64 phase=finalists live=6
@tune step i=65 phase=finalists live=6
@tune step i=66 phase=finalists live=6
@tune step i=67 phase=finalists live=6
@tune step i=68 phase=finalists live=6
@tune step i=69 phase=finalists live=6
@tune step i=70 phase=finalists live=6
@tune step i=71 phase=finalists live=6
@tune step i=72 phase=finalists live=6
@tune step i=73 phase=finalists live=6
@tune step i=74 phase=finalists live=6
@tune step i=75 phase=finalists live=6
@tune step i=76 phase=finalists live=6
@tune step i=77 phase=finalists live=6
@tune step i=78 phase=finalists live=6
@tune step i=79 phase=finalists live=6
@tune step i=80 phase=finalists live=6
@tune end name=rope_scaled_neox_tab winner=u4 verdict=beats
@tune begin name=gemm_f32_uk_4x16 total=80
@tune step i=1 phase=screening live=20
@tune step i=2 phase=screening live=20
@tune step i=3 phase=screening live=20
@tune step i=4 phase=screening live=20
@tune step i=5 phase=screening live=20
@tune step i=6 phase=screening live=20
@tune step i=7 phase=screening live=20
@tune step i=8 phase=screening live=20
@tune step i=9 phase=screening live=20
@tune step i=10 phase=screening live=20
@tune step i=11 phase=screening live=20
@tune step i=12 phase=screening live=20
@tune step i=13 phase=screening live=20
@tune step i=14 phase=screening live=20
@tune step i=15 phase=screening live=20
@tune step i=16 phase=screening live=20
@tune step i=17 phase=screening live=20
@tune step i=18 phase=screening live=20
@tune step i=19 phase=screening live=20
@tune step i=20 phase=screening live=20
@tune step i=21 phase=finalists live=7
@tune step i=22 phase=finalists live=7
@tune step i=23 phase=finalists live=7
@tune step i=24 phase=finalists live=7
@tune step i=25 phase=finalists live=7
@tune step i=26 phase=finalists live=7
@tune step i=27 phase=finalists live=7
@tune step i=28 phase=finalists live=7
@tune step i=29 phase=finalists live=7
@tune step i=30 phase=finalists live=7
@tune step i=31 phase=finalists live=7
@tune step i=32 phase=finalists live=7
@tune step i=33 phase=finalists live=7
@tune step i=34 phase=finalists live=7
@tune step i=35 phase=finalists live=7
@tune step i=36 phase=finalists live=7
@tune step i=37 phase=finalists live=7
@tune step i=38 phase=finalists live=7
@tune step i=39 phase=finalists live=7
@tune step i=40 phase=finalists live=7
@tune step i=41 phase=finalists live=7
@tune step i=42 phase=finalists live=7
@tune step i=43 phase=finalists live=7
@tune step i=44 phase=finalists live=7
@tune step i=45 phase=finalists live=7
@tune step i=46 phase=finalists live=7
@tune step i=47 phase=finalists live=7
@tune step i=48 phase=finalists live=7
@tune step i=49 phase=finalists live=7
@tune step i=50 phase=finalists live=7
@tune step i=51 phase=finalists live=7
@tune step i=52 phase=finalists live=7
@tune step i=53 phase=finalists live=7
@tune step i=54 phase=finalists live=7
@tune step i=55 phase=finalists live=7
@tune step i=56 phase=finalists live=7
@tune step i=57 phase=finalists live=7
@tune step i=58 phase=finalists live=7
@tune step i=59 phase=finalists live=7
@tune step i=60 phase=finalists live=7
@tune step i=61 phase=finalists live=7
@tune step i=62 phase=finalists live=7
@tune step i=63 phase=finalists live=7
@tune step i=64 phase=finalists live=7
@tune step i=65 phase=finalists live=7
@tune step i=66 phase=finalists live=7
@tune step i=67 phase=finalists live=7
@tune step i=68 phase=finalists live=7
@tune step i=69 phase=finalists live=7
@tune step i=70 phase=finalists live=7
@tune step i=71 phase=finalists live=7
@tune step i=72 phase=finalists live=7
@tune step i=73 phase=finalists live=7
@tune step i=74 phase=finalists live=7
@tune step i=75 phase=finalists live=7
@tune step i=76 phase=finalists live=7
@tune step i=77 phase=finalists live=7
@tune step i=78 phase=finalists live=7
@tune step i=79 phase=finalists live=7
@tune step i=80 phase=finalists live=7
@tune end name=gemm_f32_uk_4x16 winner=u2 verdict=holds
@tune begin name=dot_q8q8_laneq4x4 total=80
@tune step i=1 phase=screening live=20
@tune step i=2 phase=screening live=20
@tune step i=3 phase=screening live=20
@tune step i=4 phase=screening live=20
@tune step i=5 phase=screening live=20
@tune step i=6 phase=screening live=20
@tune step i=7 phase=screening live=20
@tune step i=8 phase=screening live=20
@tune step i=9 phase=screening live=20
@tune step i=10 phase=screening live=20
@tune step i=11 phase=screening live=20
@tune step i=12 phase=screening live=20
@tune step i=13 phase=screening live=20
@tune step i=14 phase=screening live=20
@tune step i=15 phase=screening live=20
@tune step i=16 phase=screening live=20
@tune step i=17 phase=screening live=20
@tune step i=18 phase=screening live=20
@tune step i=19 phase=screening live=20
@tune step i=20 phase=screening live=20
@tune step i=21 phase=finalists live=20
@tune step i=22 phase=finalists live=20
@tune step i=23 phase=finalists live=20
@tune step i=24 phase=finalists live=20
@tune step i=25 phase=finalists live=20
@tune step i=26 phase=finalists live=20
@tune step i=27 phase=finalists live=20
@tune step i=28 phase=finalists live=20
@tune step i=29 phase=finalists live=20
@tune step i=30 phase=finalists live=20
@tune step i=31 phase=finalists live=20
@tune step i=32 phase=finalists live=20
@tune step i=33 phase=finalists live=20
@tune step i=34 phase=finalists live=20
@tune step i=35 phase=finalists live=20
@tune step i=36 phase=finalists live=20
@tune step i=37 phase=finalists live=20
@tune step i=38 phase=finalists live=20
@tune step i=39 phase=finalists live=20
@tune step i=40 phase=finalists live=20
@tune step i=41 phase=finalists live=20
@tune step i=42 phase=finalists live=20
@tune step i=43 phase=finalists live=20
@tune step i=44 phase=finalists live=20
@tune step i=45 phase=finalists live=20
@tune step i=46 phase=finalists live=20
@tune step i=47 phase=finalists live=20
@tune step i=48 phase=finalists live=20
@tune step i=49 phase=finalists live=20
@tune step i=50 phase=finalists live=20
@tune step i=51 phase=finalists live=20
@tune step i=52 phase=finalists live=20
@tune step i=53 phase=finalists live=20
@tune step i=54 phase=finalists live=20
@tune step i=55 phase=finalists live=20
@tune step i=56 phase=finalists live=20
@tune step i=57 phase=finalists live=20
@tune step i=58 phase=finalists live=20
@tune step i=59 phase=finalists live=20
@tune step i=60 phase=finalists live=20
@tune step i=61 phase=finalists live=20
@tune step i=62 phase=finalists live=20
@tune step i=63 phase=finalists live=20
@tune step i=64 phase=finalists live=20
@tune step i=65 phase=finalists live=20
@tune step i=66 phase=finalists live=20
@tune step i=67 phase=finalists live=20
@tune step i=68 phase=finalists live=20
@tune step i=69 phase=finalists live=20
@tune step i=70 phase=finalists live=20
@tune step i=71 phase=finalists live=20
@tune step i=72 phase=finalists live=20
@tune step i=73 phase=finalists live=20
@tune step i=74 phase=finalists live=20
@tune step i=75 phase=finalists live=20
@tune step i=76 phase=finalists live=20
@tune step i=77 phase=finalists live=20
@tune step i=78 phase=finalists live=20
@tune step i=79 phase=finalists live=20
@tune step i=80 phase=finalists live=20
@tune end name=dot_q8q8_laneq4x4 winner=u4 verdict=beats
validation: re-racing 5 heavy kernels twice at full budget
@tune begin name=dot total=80
@tune step i=1 phase=screening live=20
@tune step i=2 phase=screening live=20
@tune step i=3 phase=screening live=20
@tune step i=4 phase=screening live=20
@tune step i=5 phase=screening live=20
@tune step i=6 phase=screening live=20
@tune step i=7 phase=screening live=20
@tune step i=8 phase=screening live=20
@tune step i=9 phase=screening live=20
@tune step i=10 phase=screening live=20
@tune step i=11 phase=screening live=20
@tune step i=12 phase=screening live=20
@tune step i=13 phase=screening live=20
@tune step i=14 phase=screening live=20
@tune step i=15 phase=screening live=20
@tune step i=16 phase=screening live=20
@tune step i=17 phase=screening live=20
@tune step i=18 phase=screening live=20
@tune step i=19 phase=screening live=20
@tune step i=20 phase=screening live=20
@tune step i=21 phase=finalists live=10
@tune step i=22 phase=finalists live=10
@tune step i=23 phase=finalists live=10
@tune step i=24 phase=finalists live=10
@tune step i=25 phase=finalists live=10
@tune step i=26 phase=finalists live=10
@tune step i=27 phase=finalists live=10
@tune step i=28 phase=finalists live=10
@tune step i=29 phase=finalists live=10
@tune step i=30 phase=finalists live=10
@tune step i=31 phase=finalists live=10
@tune step i=32 phase=finalists live=10
@tune step i=33 phase=finalists live=10
@tune step i=34 phase=finalists live=10
@tune step i=35 phase=finalists live=10
@tune step i=36 phase=finalists live=10
@tune step i=37 phase=finalists live=10
@tune step i=38 phase=finalists live=10
@tune step i=39 phase=finalists live=10
@tune step i=40 phase=finalists live=10
@tune step i=41 phase=finalists live=10
@tune step i=42 phase=finalists live=10
@tune step i=43 phase=finalists live=10
@tune step i=44 phase=finalists live=10
@tune step i=45 phase=finalists live=10
@tune step i=46 phase=finalists live=10
@tune step i=47 phase=finalists live=10
@tune step i=48 phase=finalists live=10
@tune step i=49 phase=finalists live=10
@tune step i=50 phase=finalists live=10
@tune step i=51 phase=finalists live=10
@tune step i=52 phase=finalists live=10
@tune step i=53 phase=finalists live=10
@tune step i=54 phase=finalists live=10
@tune step i=55 phase=finalists live=10
@tune step i=56 phase=finalists live=10
@tune step i=57 phase=finalists live=10
@tune step i=58 phase=finalists live=10
@tune step i=59 phase=finalists live=10
@tune step i=60 phase=finalists live=10
@tune step i=61 phase=finalists live=10
@tune step i=62 phase=finalists live=10
@tune step i=63 phase=finalists live=10
@tune step i=64 phase=finalists live=10
@tune step i=65 phase=finalists live=10
@tune step i=66 phase=finalists live=10
@tune step i=67 phase=finalists live=10
@tune step i=68 phase=finalists live=10
@tune step i=69 phase=finalists live=10
@tune step i=70 phase=finalists live=10
@tune step i=71 phase=finalists live=10
@tune step i=72 phase=finalists live=8
@tune step i=73 phase=finalists live=8
@tune step i=74 phase=finalists live=8
@tune step i=75 phase=finalists live=8
@tune step i=76 phase=finalists live=8
@tune step i=77 phase=finalists live=8
@tune step i=78 phase=finalists live=8
@tune step i=79 phase=finalists live=8
@tune step i=80 phase=finalists live=8
@tune end name=dot winner=vec8_u4 verdict=beats
VALIDATE dot: OK — winner vec8_u4, drift 1.12%
@tune begin name=dot_q8q8 total=80
@tune step i=1 phase=screening live=20
@tune step i=2 phase=screening live=20
@tune step i=3 phase=screening live=20
@tune step i=4 phase=screening live=20
@tune step i=5 phase=screening live=20
@tune step i=6 phase=screening live=20
@tune step i=7 phase=screening live=20
@tune step i=8 phase=screening live=20
@tune step i=9 phase=screening live=20
@tune step i=10 phase=screening live=20
@tune step i=11 phase=screening live=20
@tune step i=12 phase=screening live=20
@tune step i=13 phase=screening live=20
@tune step i=14 phase=screening live=20
@tune step i=15 phase=screening live=20
@tune step i=16 phase=screening live=20
@tune step i=17 phase=screening live=20
@tune step i=18 phase=screening live=20
@tune step i=19 phase=screening live=20
@tune step i=20 phase=screening live=20
@tune step i=21 phase=finalists live=14
@tune step i=22 phase=finalists live=14
@tune step i=23 phase=finalists live=14
@tune step i=24 phase=finalists live=14
@tune step i=25 phase=finalists live=14
@tune step i=26 phase=finalists live=14
@tune step i=27 phase=finalists live=14
@tune step i=28 phase=finalists live=14
@tune step i=29 phase=finalists live=14
@tune step i=30 phase=finalists live=14
@tune step i=31 phase=finalists live=14
@tune step i=32 phase=finalists live=14
@tune step i=33 phase=finalists live=14
@tune step i=34 phase=finalists live=14
@tune step i=35 phase=finalists live=14
@tune step i=36 phase=finalists live=14
@tune step i=37 phase=finalists live=14
@tune step i=38 phase=finalists live=14
@tune step i=39 phase=finalists live=14
@tune step i=40 phase=finalists live=14
@tune step i=41 phase=finalists live=14
@tune step i=42 phase=finalists live=14
@tune step i=43 phase=finalists live=14
@tune step i=44 phase=finalists live=14
@tune step i=45 phase=finalists live=14
@tune step i=46 phase=finalists live=14
@tune step i=47 phase=finalists live=14
@tune step i=48 phase=finalists live=14
@tune step i=49 phase=finalists live=14
@tune step i=50 phase=finalists live=14
@tune step i=51 phase=finalists live=14
@tune step i=52 phase=finalists live=14
@tune step i=53 phase=finalists live=14
@tune step i=54 phase=finalists live=14
@tune step i=55 phase=finalists live=14
@tune step i=56 phase=finalists live=14
@tune step i=57 phase=finalists live=14
@tune step i=58 phase=finalists live=14
@tune step i=59 phase=finalists live=14
@tune step i=60 phase=finalists live=14
@tune step i=61 phase=finalists live=14
@tune step i=62 phase=finalists live=14
@tune step i=63 phase=finalists live=14
@tune step i=64 phase=finalists live=14
@tune step i=65 phase=finalists live=14
@tune step i=66 phase=finalists live=14
@tune step i=67 phase=finalists live=14
@tune step i=68 phase=finalists live=14
@tune step i=69 phase=finalists live=14
@tune step i=70 phase=finalists live=14
@tune step i=71 phase=finalists live=14
@tune step i=72 phase=finalists live=14
@tune step i=73 phase=finalists live=14
@tune step i=74 phase=finalists live=14
@tune step i=75 phase=finalists live=14
@tune step i=76 phase=finalists live=14
@tune step i=77 phase=finalists live=14
@tune step i=78 phase=finalists live=14
@tune step i=79 phase=finalists live=14
@tune step i=80 phase=finalists live=14
@tune end name=dot_q8q8 winner=vec16 verdict=holds
VALIDATE dot_q8q8: OK — winner vec16, drift 0.00%
@tune begin name=rmsnorm total=80
@tune step i=1 phase=screening live=20
@tune step i=2 phase=screening live=20
@tune step i=3 phase=screening live=20
@tune step i=4 phase=screening live=20
@tune step i=5 phase=screening live=20
@tune step i=6 phase=screening live=20
@tune step i=7 phase=screening live=20
@tune step i=8 phase=screening live=20
@tune step i=9 phase=screening live=20
@tune step i=10 phase=screening live=20
@tune step i=11 phase=screening live=20
@tune step i=12 phase=screening live=20
@tune step i=13 phase=screening live=20
@tune step i=14 phase=screening live=20
@tune step i=15 phase=screening live=20
@tune step i=16 phase=screening live=20
@tune step i=17 phase=screening live=20
@tune step i=18 phase=screening live=20
@tune step i=19 phase=screening live=20
@tune step i=20 phase=screening live=20
@tune step i=21 phase=finalists live=9
@tune step i=22 phase=finalists live=9
@tune step i=23 phase=finalists live=9
@tune step i=24 phase=finalists live=9
@tune step i=25 phase=finalists live=9
@tune step i=26 phase=finalists live=9
@tune step i=27 phase=finalists live=9
@tune step i=28 phase=finalists live=9
@tune step i=29 phase=finalists live=9
@tune step i=30 phase=finalists live=9
@tune step i=31 phase=finalists live=9
@tune step i=32 phase=finalists live=9
@tune step i=33 phase=finalists live=9
@tune step i=34 phase=finalists live=9
@tune step i=35 phase=finalists live=9
@tune step i=36 phase=finalists live=9
@tune step i=37 phase=finalists live=9
@tune step i=38 phase=finalists live=9
@tune step i=39 phase=finalists live=9
@tune step i=40 phase=finalists live=9
@tune step i=41 phase=finalists live=9
@tune step i=42 phase=finalists live=9
@tune step i=43 phase=finalists live=9
@tune step i=44 phase=finalists live=9
@tune step i=45 phase=finalists live=9
@tune step i=46 phase=finalists live=9
@tune step i=47 phase=finalists live=9
@tune step i=48 phase=finalists live=9
@tune step i=49 phase=finalists live=9
@tune step i=50 phase=finalists live=9
@tune step i=51 phase=finalists live=9
@tune step i=52 phase=finalists live=9
@tune step i=53 phase=finalists live=9
@tune step i=54 phase=finalists live=9
@tune step i=55 phase=finalists live=9
@tune step i=56 phase=finalists live=9
@tune step i=57 phase=finalists live=9
@tune step i=58 phase=finalists live=9
@tune step i=59 phase=finalists live=9
@tune step i=60 phase=finalists live=9
@tune step i=61 phase=finalists live=9
@tune step i=62 phase=finalists live=9
@tune step i=63 phase=finalists live=9
@tune step i=64 phase=finalists live=9
@tune step i=65 phase=finalists live=9
@tune step i=66 phase=finalists live=9
@tune step i=67 phase=finalists live=9
@tune step i=68 phase=finalists live=9
@tune step i=69 phase=finalists live=9
@tune step i=70 phase=finalists live=9
@tune step i=71 phase=finalists live=9
@tune step i=72 phase=finalists live=9
@tune step i=73 phase=finalists live=9
@tune step i=74 phase=finalists live=9
@tune step i=75 phase=finalists live=9
@tune step i=76 phase=finalists live=9
@tune step i=77 phase=finalists live=9
@tune step i=78 phase=finalists live=9
@tune step i=79 phase=finalists live=9
@tune step i=80 phase=finalists live=9
@tune end name=rmsnorm winner=vec8 verdict=beats
VALIDATE rmsnorm: OK — winner vec8, drift 0.11%
@tune begin name=gemm_f32_uk_4x16 total=80
@tune step i=1 phase=screening live=20
@tune step i=2 phase=screening live=20
@tune step i=3 phase=screening live=20
@tune step i=4 phase=screening live=20
@tune step i=5 phase=screening live=20
@tune step i=6 phase=screening live=20
@tune step i=7 phase=screening live=20
@tune step i=8 phase=screening live=20
@tune step i=9 phase=screening live=20
@tune step i=10 phase=screening live=20
@tune step i=11 phase=screening live=20
@tune step i=12 phase=screening live=20
@tune step i=13 phase=screening live=20
@tune step i=14 phase=screening live=20
@tune step i=15 phase=screening live=20
@tune step i=16 phase=screening live=20
@tune step i=17 phase=screening live=20
@tune step i=18 phase=screening live=20
@tune step i=19 phase=screening live=20
@tune step i=20 phase=screening live=20
@tune step i=21 phase=finalists live=8
@tune step i=22 phase=finalists live=8
@tune step i=23 phase=finalists live=8
@tune step i=24 phase=finalists live=8
@tune step i=25 phase=finalists live=8
@tune step i=26 phase=finalists live=8
@tune step i=27 phase=finalists live=8
@tune step i=28 phase=finalists live=8
@tune step i=29 phase=finalists live=8
@tune step i=30 phase=finalists live=8
@tune step i=31 phase=finalists live=8
@tune step i=32 phase=finalists live=8
@tune step i=33 phase=finalists live=8
@tune step i=34 phase=finalists live=8
@tune step i=35 phase=finalists live=8
@tune step i=36 phase=finalists live=8
@tune step i=37 phase=finalists live=8
@tune step i=38 phase=finalists live=8
@tune step i=39 phase=finalists live=8
@tune step i=40 phase=finalists live=8
@tune step i=41 phase=finalists live=8
@tune step i=42 phase=finalists live=8
@tune step i=43 phase=finalists live=8
@tune step i=44 phase=finalists live=8
@tune step i=45 phase=finalists live=8
@tune step i=46 phase=finalists live=8
@tune step i=47 phase=finalists live=8
@tune step i=48 phase=finalists live=8
@tune step i=49 phase=finalists live=8
@tune step i=50 phase=finalists live=8
@tune step i=51 phase=finalists live=8
@tune step i=52 phase=finalists live=8
@tune step i=53 phase=finalists live=8
@tune step i=54 phase=finalists live=8
@tune step i=55 phase=finalists live=8
@tune step i=56 phase=finalists live=8
@tune step i=57 phase=finalists live=8
@tune step i=58 phase=finalists live=8
@tune step i=59 phase=finalists live=8
@tune step i=60 phase=finalists live=8
@tune step i=61 phase=finalists live=8
@tune step i=62 phase=finalists live=8
@tune step i=63 phase=finalists live=8
@tune step i=64 phase=finalists live=8
@tune step i=65 phase=finalists live=8
@tune step i=66 phase=finalists live=8
@tune step i=67 phase=finalists live=8
@tune step i=68 phase=finalists live=8
@tune step i=69 phase=finalists live=8
@tune step i=70 phase=finalists live=8
@tune step i=71 phase=finalists live=8
@tune step i=72 phase=finalists live=8
@tune step i=73 phase=finalists live=8
@tune step i=74 phase=finalists live=8
@tune step i=75 phase=finalists live=8
@tune step i=76 phase=finalists live=8
@tune step i=77 phase=finalists live=8
@tune step i=78 phase=finalists live=8
@tune step i=79 phase=finalists live=8
@tune step i=80 phase=finalists live=8
@tune end name=gemm_f32_uk_4x16 winner=u2 verdict=holds
VALIDATE gemm_f32_uk_4x16: OK — winner u2, drift 0.07%
@tune begin name=quantize_q8_0_into_ptr total=80
@tune step i=1 phase=screening live=20
@tune step i=2 phase=screening live=20
@tune step i=3 phase=screening live=20
@tune step i=4 phase=screening live=20
@tune step i=5 phase=screening live=20
@tune step i=6 phase=screening live=20
@tune step i=7 phase=screening live=20
@tune step i=8 phase=screening live=20
@tune step i=9 phase=screening live=20
@tune step i=10 phase=screening live=20
@tune step i=11 phase=screening live=20
@tune step i=12 phase=screening live=20
@tune step i=13 phase=screening live=20
@tune step i=14 phase=screening live=20
@tune step i=15 phase=screening live=20
@tune step i=16 phase=screening live=20
@tune step i=17 phase=screening live=20
@tune step i=18 phase=screening live=20
@tune step i=19 phase=screening live=20
@tune step i=20 phase=screening live=20
@tune step i=21 phase=finalists live=14
@tune step i=22 phase=finalists live=14
@tune step i=23 phase=finalists live=14
@tune step i=24 phase=finalists live=14
@tune step i=25 phase=finalists live=14
@tune step i=26 phase=finalists live=14
@tune step i=27 phase=finalists live=14
@tune step i=28 phase=finalists live=14
@tune step i=29 phase=finalists live=14
@tune step i=30 phase=finalists live=14
@tune step i=31 phase=finalists live=14
@tune step i=32 phase=finalists live=14
@tune step i=33 phase=finalists live=14
@tune step i=34 phase=finalists live=14
@tune step i=35 phase=finalists live=14
@tune step i=36 phase=finalists live=14
@tune step i=37 phase=finalists live=14
@tune step i=38 phase=finalists live=14
@tune step i=39 phase=finalists live=14
@tune step i=40 phase=finalists live=14
@tune step i=41 phase=finalists live=14
@tune step i=42 phase=finalists live=14
@tune step i=43 phase=finalists live=14
@tune step i=44 phase=finalists live=14
@tune step i=45 phase=finalists live=14
@tune step i=46 phase=finalists live=14
@tune step i=47 phase=finalists live=14
@tune step i=48 phase=finalists live=14
@tune step i=49 phase=finalists live=14
@tune step i=50 phase=finalists live=14
@tune step i=51 phase=finalists live=14
@tune step i=52 phase=finalists live=14
@tune step i=53 phase=finalists live=14
@tune step i=54 phase=finalists live=14
@tune step i=55 phase=finalists live=14
@tune step i=56 phase=finalists live=14
@tune step i=57 phase=finalists live=14
@tune step i=58 phase=finalists live=14
@tune step i=59 phase=finalists live=14
@tune step i=60 phase=finalists live=14
@tune step i=61 phase=finalists live=14
@tune step i=62 phase=finalists live=14
@tune step i=63 phase=finalists live=14
@tune step i=64 phase=finalists live=14
@tune step i=65 phase=finalists live=14
@tune step i=66 phase=finalists live=14
@tune step i=67 phase=finalists live=14
@tune step i=68 phase=finalists live=14
@tune step i=69 phase=finalists live=14
@tune step i=70 phase=finalists live=14
@tune step i=71 phase=finalists live=14
@tune step i=72 phase=finalists live=14
@tune step i=73 phase=finalists live=14
@tune step i=74 phase=finalists live=14
@tune step i=75 phase=finalists live=14
@tune step i=76 phase=finalists live=14
@tune step i=77 phase=finalists live=14
@tune step i=78 phase=finalists live=14
@tune step i=79 phase=finalists live=14
@tune step i=80 phase=finalists live=14
@tune end name=quantize_q8_0_into_ptr winner=plain verdict=holds
VALIDATE quantize_q8_0_into_ptr: OK — winner plain, drift 0.25%
@tune begin name=dot total=80
@tune step i=1 phase=screening live=20
@tune step i=2 phase=screening live=20
@tune step i=3 phase=screening live=20
@tune step i=4 phase=screening live=20
@tune step i=5 phase=screening live=20
@tune step i=6 phase=screening live=20
@tune step i=7 phase=screening live=20
@tune step i=8 phase=screening live=20
@tune step i=9 phase=screening live=20
@tune step i=10 phase=screening live=20
@tune step i=11 phase=screening live=20
@tune step i=12 phase=screening live=20
@tune step i=13 phase=screening live=20
@tune step i=14 phase=screening live=20
@tune step i=15 phase=screening live=20
@tune step i=16 phase=screening live=20
@tune step i=17 phase=screening live=20
@tune step i=18 phase=screening live=20
@tune step i=19 phase=screening live=20
@tune step i=20 phase=screening live=20
@tune step i=21 phase=finalists live=7
@tune step i=22 phase=finalists live=7
@tune step i=23 phase=finalists live=7
@tune step i=24 phase=finalists live=7
@tune step i=25 phase=finalists live=7
@tune step i=26 phase=finalists live=7
@tune step i=27 phase=finalists live=7
@tune step i=28 phase=finalists live=7
@tune step i=29 phase=finalists live=7
@tune step i=30 phase=finalists live=7
@tune step i=31 phase=finalists live=7
@tune step i=32 phase=finalists live=7
@tune step i=33 phase=finalists live=7
@tune step i=34 phase=finalists live=7
@tune step i=35 phase=finalists live=7
@tune step i=36 phase=finalists live=7
@tune step i=37 phase=finalists live=7
@tune step i=38 phase=finalists live=7
@tune step i=39 phase=finalists live=7
@tune step i=40 phase=finalists live=7
@tune step i=41 phase=finalists live=7
@tune step i=42 phase=finalists live=7
@tune step i=43 phase=finalists live=7
@tune step i=44 phase=finalists live=7
@tune step i=45 phase=finalists live=7
@tune step i=46 phase=finalists live=7
@tune step i=47 phase=finalists live=7
@tune step i=48 phase=finalists live=7
@tune step i=49 phase=finalists live=7
@tune step i=50 phase=finalists live=7
@tune step i=51 phase=finalists live=7
@tune step i=52 phase=finalists live=7
@tune step i=53 phase=finalists live=7
@tune step i=54 phase=finalists live=7
@tune step i=55 phase=finalists live=7
@tune step i=56 phase=finalists live=7
@tune step i=57 phase=finalists live=7
@tune step i=58 phase=finalists live=7
@tune step i=59 phase=finalists live=7
@tune step i=60 phase=finalists live=7
@tune step i=61 phase=finalists live=7
@tune step i=62 phase=finalists live=7
@tune step i=63 phase=finalists live=7
@tune step i=64 phase=finalists live=7
@tune step i=65 phase=finalists live=7
@tune step i=66 phase=finalists live=7
@tune step i=67 phase=finalists live=7
@tune step i=68 phase=finalists live=7
@tune step i=69 phase=finalists live=7
@tune step i=70 phase=finalists live=7
@tune step i=71 phase=finalists live=7
@tune step i=72 phase=finalists live=7
@tune step i=73 phase=finalists live=7
@tune step i=74 phase=finalists live=7
@tune step i=75 phase=finalists live=7
@tune step i=76 phase=finalists live=7
@tune step i=77 phase=finalists live=7
@tune step i=78 phase=finalists live=7
@tune step i=79 phase=finalists live=7
@tune step i=80 phase=finalists live=7
@tune end name=dot winner=vec8_u4 verdict=beats
VALIDATE dot: OK — winner vec8_u4, drift 1.12%
@tune begin name=dot_q8q8 total=80
@tune step i=1 phase=screening live=20
@tune step i=2 phase=screening live=20
@tune step i=3 phase=screening live=20
@tune step i=4 phase=screening live=20
@tune step i=5 phase=screening live=20
@tune step i=6 phase=screening live=20
@tune step i=7 phase=screening live=20
@tune step i=8 phase=screening live=20
@tune step i=9 phase=screening live=20
@tune step i=10 phase=screening live=20
@tune step i=11 phase=screening live=20
@tune step i=12 phase=screening live=20
@tune step i=13 phase=screening live=20
@tune step i=14 phase=screening live=20
@tune step i=15 phase=screening live=20
@tune step i=16 phase=screening live=20
@tune step i=17 phase=screening live=20
@tune step i=18 phase=screening live=20
@tune step i=19 phase=screening live=20
@tune step i=20 phase=screening live=20
@tune step i=21 phase=finalists live=14
@tune step i=22 phase=finalists live=14
@tune step i=23 phase=finalists live=14
@tune step i=24 phase=finalists live=14
@tune step i=25 phase=finalists live=14
@tune step i=26 phase=finalists live=14
@tune step i=27 phase=finalists live=14
@tune step i=28 phase=finalists live=14
@tune step i=29 phase=finalists live=14
@tune step i=30 phase=finalists live=14
@tune step i=31 phase=finalists live=14
@tune step i=32 phase=finalists live=14
@tune step i=33 phase=finalists live=14
@tune step i=34 phase=finalists live=14
@tune step i=35 phase=finalists live=14
@tune step i=36 phase=finalists live=14
@tune step i=37 phase=finalists live=14
@tune step i=38 phase=finalists live=14
@tune step i=39 phase=finalists live=14
@tune step i=40 phase=finalists live=14
@tune step i=41 phase=finalists live=14
@tune step i=42 phase=finalists live=14
@tune step i=43 phase=finalists live=14
@tune step i=44 phase=finalists live=14
@tune step i=45 phase=finalists live=14
@tune step i=46 phase=finalists live=14
@tune step i=47 phase=finalists live=14
@tune step i=48 phase=finalists live=14
@tune step i=49 phase=finalists live=14
@tune step i=50 phase=finalists live=14
@tune step i=51 phase=finalists live=14
@tune step i=52 phase=finalists live=14
@tune step i=53 phase=finalists live=14
@tune step i=54 phase=finalists live=14
@tune step i=55 phase=finalists live=14
@tune step i=56 phase=finalists live=14
@tune step i=57 phase=finalists live=14
@tune step i=58 phase=finalists live=14
@tune step i=59 phase=finalists live=14
@tune step i=60 phase=finalists live=14
@tune step i=61 phase=finalists live=14
@tune step i=62 phase=finalists live=14
@tune step i=63 phase=finalists live=14
@tune step i=64 phase=finalists live=14
@tune step i=65 phase=finalists live=14
@tune step i=66 phase=finalists live=14
@tune step i=67 phase=finalists live=14
@tune step i=68 phase=finalists live=14
@tune step i=69 phase=finalists live=14
@tune step i=70 phase=finalists live=14
@tune step i=71 phase=finalists live=14
@tune step i=72 phase=finalists live=14
@tune step i=73 phase=finalists live=14
@tune step i=74 phase=finalists live=14
@tune step i=75 phase=finalists live=14
@tune step i=76 phase=finalists live=14
@tune step i=77 phase=finalists live=14
@tune step i=78 phase=finalists live=14
@tune step i=79 phase=finalists live=14
@tune step i=80 phase=finalists live=14
@tune end name=dot_q8q8 winner=vec16 verdict=holds
VALIDATE dot_q8q8: OK — winner vec16, drift 0.00%
@tune begin name=rmsnorm total=80
@tune step i=1 phase=screening live=20
@tune step i=2 phase=screening live=20
@tune step i=3 phase=screening live=20
@tune step i=4 phase=screening live=20
@tune step i=5 phase=screening live=20
@tune step i=6 phase=screening live=20
@tune step i=7 phase=screening live=20
@tune step i=8 phase=screening live=20
@tune step i=9 phase=screening live=20
@tune step i=10 phase=screening live=20
@tune step i=11 phase=screening live=20
@tune step i=12 phase=screening live=20
@tune step i=13 phase=screening live=20
@tune step i=14 phase=screening live=20
@tune step i=15 phase=screening live=20
@tune step i=16 phase=screening live=20
@tune step i=17 phase=screening live=20
@tune step i=18 phase=screening live=20
@tune step i=19 phase=screening live=20
@tune step i=20 phase=screening live=20
@tune step i=21 phase=finalists live=8
@tune step i=22 phase=finalists live=8
@tune step i=23 phase=finalists live=8
@tune step i=24 phase=finalists live=8
@tune step i=25 phase=finalists live=8
@tune step i=26 phase=finalists live=8
@tune step i=27 phase=finalists live=8
@tune step i=28 phase=finalists live=8
@tune step i=29 phase=finalists live=8
@tune step i=30 phase=finalists live=8
@tune step i=31 phase=finalists live=8
@tune step i=32 phase=finalists live=8
@tune step i=33 phase=finalists live=8
@tune step i=34 phase=finalists live=8
@tune step i=35 phase=finalists live=8
@tune step i=36 phase=finalists live=8
@tune step i=37 phase=finalists live=8
@tune step i=38 phase=finalists live=8
@tune step i=39 phase=finalists live=8
@tune step i=40 phase=finalists live=8
@tune step i=41 phase=finalists live=8
@tune step i=42 phase=finalists live=8
@tune step i=43 phase=finalists live=8
@tune step i=44 phase=finalists live=8
@tune step i=45 phase=finalists live=8
@tune step i=46 phase=finalists live=8
@tune step i=47 phase=finalists live=8
@tune step i=48 phase=finalists live=8
@tune step i=49 phase=finalists live=8
@tune step i=50 phase=finalists live=8
@tune step i=51 phase=finalists live=8
@tune step i=52 phase=finalists live=8
@tune step i=53 phase=finalists live=8
@tune step i=54 phase=finalists live=8
@tune step i=55 phase=finalists live=8
@tune step i=56 phase=finalists live=8
@tune step i=57 phase=finalists live=8
@tune step i=58 phase=finalists live=8
@tune step i=59 phase=finalists live=8
@tune step i=60 phase=finalists live=8
@tune step i=61 phase=finalists live=8
@tune step i=62 phase=finalists live=8
@tune step i=63 phase=finalists live=8
@tune step i=64 phase=finalists live=8
@tune step i=65 phase=finalists live=8
@tune step i=66 phase=finalists live=8
@tune step i=67 phase=finalists live=8
@tune step i=68 phase=finalists live=8
@tune step i=69 phase=finalists live=8
@tune step i=70 phase=finalists live=8
@tune step i=71 phase=finalists live=8
@tune step i=72 phase=finalists live=8
@tune step i=73 phase=finalists live=8
@tune step i=74 phase=finalists live=8
@tune step i=75 phase=finalists live=8
@tune step i=76 phase=finalists live=8
@tune step i=77 phase=finalists live=8
@tune step i=78 phase=finalists live=8
@tune step i=79 phase=finalists live=8
@tune step i=80 phase=finalists live=8
@tune end name=rmsnorm winner=vec8 verdict=beats
VALIDATE rmsnorm: OK — winner vec8, drift 0.11%
@tune begin name=gemm_f32_uk_4x16 total=80
@tune step i=1 phase=screening live=20
@tune step i=2 phase=screening live=20
@tune step i=3 phase=screening live=20
@tune step i=4 phase=screening live=20
@tune step i=5 phase=screening live=20
@tune step i=6 phase=screening live=20
@tune step i=7 phase=screening live=20
@tune step i=8 phase=screening live=20
@tune step i=9 phase=screening live=20
@tune step i=10 phase=screening live=20
@tune step i=11 phase=screening live=20
@tune step i=12 phase=screening live=20
@tune step i=13 phase=screening live=20
@tune step i=14 phase=screening live=20
@tune step i=15 phase=screening live=20
@tune step i=16 phase=screening live=20
@tune step i=17 phase=screening live=20
@tune step i=18 phase=screening live=20
@tune step i=19 phase=screening live=20
@tune step i=20 phase=screening live=20
@tune step i=21 phase=finalists live=10
@tune step i=22 phase=finalists live=10
@tune step i=23 phase=finalists live=10
@tune step i=24 phase=finalists live=10
@tune step i=25 phase=finalists live=10
@tune step i=26 phase=finalists live=10
@tune step i=27 phase=finalists live=10
@tune step i=28 phase=finalists live=10
@tune step i=29 phase=finalists live=10
@tune step i=30 phase=finalists live=10
@tune step i=31 phase=finalists live=10
@tune step i=32 phase=finalists live=10
@tune step i=33 phase=finalists live=10
@tune step i=34 phase=finalists live=10
@tune step i=35 phase=finalists live=7
@tune step i=36 phase=finalists live=7
@tune step i=37 phase=finalists live=7
@tune step i=38 phase=finalists live=7
@tune step i=39 phase=finalists live=7
@tune step i=40 phase=finalists live=7
@tune step i=41 phase=finalists live=7
@tune step i=42 phase=finalists live=7
@tune step i=43 phase=finalists live=7
@tune step i=44 phase=finalists live=7
@tune step i=45 phase=finalists live=7
@tune step i=46 phase=finalists live=7
@tune step i=47 phase=finalists live=7
@tune step i=48 phase=finalists live=7
@tune step i=49 phase=finalists live=7
@tune step i=50 phase=finalists live=7
@tune step i=51 phase=finalists live=7
@tune step i=52 phase=finalists live=7
@tune step i=53 phase=finalists live=7
@tune step i=54 phase=finalists live=7
@tune step i=55 phase=finalists live=7
@tune step i=56 phase=finalists live=7
@tune step i=57 phase=finalists live=7
@tune step i=58 phase=finalists live=7
@tune step i=59 phase=finalists live=7
@tune step i=60 phase=finalists live=7
@tune step i=61 phase=finalists live=7
@tune step i=62 phase=finalists live=7
@tune step i=63 phase=finalists live=7
@tune step i=64 phase=finalists live=7
@tune step i=65 phase=finalists live=7
@tune step i=66 phase=finalists live=7
@tune step i=67 phase=finalists live=7
@tune step i=68 phase=finalists live=7
@tune step i=69 phase=finalists live=7
@tune step i=70 phase=finalists live=7
@tune step i=71 phase=finalists live=7
@tune step i=72 phase=finalists live=7
@tune step i=73 phase=finalists live=7
@tune step i=74 phase=finalists live=7
@tune step i=75 phase=finalists live=7
@tune step i=76 phase=finalists live=7
@tune step i=77 phase=finalists live=7
@tune step i=78 phase=finalists live=7
@tune step i=79 phase=finalists live=7
@tune step i=80 phase=finalists live=7
@tune end name=gemm_f32_uk_4x16 winner=u2 verdict=holds
VALIDATE gemm_f32_uk_4x16: OK — winner u2, drift 0.37%
@tune begin name=quantize_q8_0_into_ptr total=80
@tune step i=1 phase=screening live=20
@tune step i=2 phase=screening live=20
@tune step i=3 phase=screening live=20
@tune step i=4 phase=screening live=20
@tune step i=5 phase=screening live=20
@tune step i=6 phase=screening live=20
@tune step i=7 phase=screening live=20
@tune step i=8 phase=screening live=20
@tune step i=9 phase=screening live=20
@tune step i=10 phase=screening live=20
@tune step i=11 phase=screening live=20
@tune step i=12 phase=screening live=20
@tune step i=13 phase=screening live=20
@tune step i=14 phase=screening live=20
@tune step i=15 phase=screening live=20
@tune step i=16 phase=screening live=20
@tune step i=17 phase=screening live=20
@tune step i=18 phase=screening live=20
@tune step i=19 phase=screening live=20
@tune step i=20 phase=screening live=20
@tune step i=21 phase=finalists live=14
@tune step i=22 phase=finalists live=14
@tune step i=23 phase=finalists live=14
@tune step i=24 phase=finalists live=14
@tune step i=25 phase=finalists live=14
@tune step i=26 phase=finalists live=14
@tune step i=27 phase=finalists live=14
@tune step i=28 phase=finalists live=14
@tune step i=29 phase=finalists live=14
@tune step i=30 phase=finalists live=14
@tune step i=31 phase=finalists live=14
@tune step i=32 phase=finalists live=14
@tune step i=33 phase=finalists live=14
@tune step i=34 phase=finalists live=14
@tune step i=35 phase=finalists live=14
@tune step i=36 phase=finalists live=14
@tune step i=37 phase=finalists live=14
@tune step i=38 phase=finalists live=14
@tune step i=39 phase=finalists live=14
@tune step i=40 phase=finalists live=14
@tune step i=41 phase=finalists live=14
@tune step i=42 phase=finalists live=14
@tune step i=43 phase=finalists live=14
@tune step i=44 phase=finalists live=14
@tune step i=45 phase=finalists live=14
@tune step i=46 phase=finalists live=14
@tune step i=47 phase=finalists live=14
@tune step i=48 phase=finalists live=14
@tune step i=49 phase=finalists live=14
@tune step i=50 phase=finalists live=14
@tune step i=51 phase=finalists live=14
@tune step i=52 phase=finalists live=14
@tune step i=53 phase=finalists live=14
@tune step i=54 phase=finalists live=14
@tune step i=55 phase=finalists live=14
@tune step i=56 phase=finalists live=14
@tune step i=57 phase=finalists live=14
@tune step i=58 phase=finalists live=14
@tune step i=59 phase=finalists live=14
@tune step i=60 phase=finalists live=14
@tune step i=61 phase=finalists live=14
@tune step i=62 phase=finalists live=14
@tune step i=63 phase=finalists live=14
@tune step i=64 phase=finalists live=14
@tune step i=65 phase=finalists live=14
@tune step i=66 phase=finalists live=14
@tune step i=67 phase=finalists live=14
@tune step i=68 phase=finalists live=14
@tune step i=69 phase=finalists live=14
@tune step i=70 phase=finalists live=14
@tune step i=71 phase=finalists live=14
@tune step i=72 phase=finalists live=14
@tune step i=73 phase=finalists live=14
@tune step i=74 phase=finalists live=14
@tune step i=75 phase=finalists live=14
@tune step i=76 phase=finalists live=14
@tune step i=77 phase=finalists live=14
@tune step i=78 phase=finalists live=14
@tune step i=79 phase=finalists live=14
@tune step i=80 phase=finalists live=14
@tune end name=quantize_q8_0_into_ptr winner=plain verdict=holds
VALIDATE quantize_q8_0_into_ptr: OK — winner plain, drift 0.11%
validation: every check reproduced
noise probe (end): cv 0.48% <= 2.0% — box is quiet (median 2468 us)

===== summary (winner per kernel) =====
  dot: vec8_u4  (shipped fallback vec8_u2)
  axpy: vec8_u8  (shipped fallback vec8_u2)
  dot_f16: vec8_u4  (shipped fallback vec8_u2)
  axpy_f16: vec4_u4  (shipped fallback vec8_u2)
  cvt_f32_to_f16: u4  (shipped fallback vec8_u2)
  cvt_f16_to_f32: vec16  (shipped fallback vec8_u2)
  add_inplace: vec8_u2
  mul_inplace: vec8_u2
  scale_inplace: vec16_u2  (shipped fallback vec8_u2)
  copy_floats: u4  (shipped fallback vec8_u2)
  softmax: vec8_u2
  rmsnorm: vec8  (shipped fallback plain)
  dot_q4: vec4_u4
  dot_q8q8: vec16
  dot_q8kv: vec4_u2  (shipped fallback vec8_u2)
  dot_q8q8kv: vec16
  axpy_q8kv: u2  (shipped fallback vec8_u2)
  cvt_q8kv_to_f32: vec8_u2
  quantize_q8kv_row: plain
  dot_mx4q8: u8  (shipped fallback u2)
  quantize_q8_0_into_ptr: plain
  quantize_q8_0_bs_into_ptr: plain
  rope_scaled_neox_tab: u4  (shipped fallback vec8_u2)
  gemm_f32_uk_4x16: u2
  dot_q8q8_laneq4x4: u4  (shipped fallback u2)

14 kernel(s) beat their shipped fallback on this box.
METAL_TWIN mulmm_bf16: base=0.6938750011613593ms tensor=1.4523749996442348ms -> simdgroup
METAL_TWIN mulmm_q8: base=0.35504167317412794ms tensor=1.787250002962537ms -> simdgroup
METAL_TWIN moe_mulmm_q8: base=0.18195833399659023ms tensor=0.8645000052638352ms -> simdgroup
METAL_TWIN moe_mulmm_mx4: base=0.2384999970672652ms tensor=1.7402916710125282ms -> simdgroup
METAL_TWIN attn_qkmm: base=0.02579166175564751ms tensor=0.12541667092591524ms -> simdgroup
METAL_TWIN attn_avmm: base=0.029499999072868377ms tensor=0.11816666665254161ms -> simdgroup
METAL_TWIN kq_mulmm_k4: base=0.6385833330568857ms tensor=2.1641249986714683ms -> simdgroup
METAL_TWIN kq_mulmm_k5: base=0.4830000034417026ms tensor=1.5651249996153638ms -> simdgroup
METAL_TWIN kq_mulmm_k6: base=0.442416661826428ms tensor=1.499083336966578ms -> simdgroup
METAL_TWIN gemmb_q8: base=0.08475000504404306ms tensor=0.29150000045774505ms -> simdgroup
METAL_TWIN gemmb_sk_q8: base=0.03887499769916758ms tensor=0.14287499652709812ms -> simdgroup
METAL_TWIN gemm64b_q8: base=0.1360000023851171ms tensor=0.5284583385218866ms -> simdgroup
wrote /Users/borisbatkin/Work/daScript/modules/dasLLAMA/benchmarks/lcpp_bench.tune.json
dasllama_tuner: tune_kernels.das finished in 57814 ms (rc=0)
dasllama_tuner: DIFF q8q8_tile_gen: kstep2 -> mr8_budget  (old suffix runs 11.02% vs new, per the new race table)
dasllama_tuner: DIFF q51q8_gemv_gen: mr8 -> mr4  (old suffix runs 0.00% vs new, per the new race table)
dasllama_tuner: DIFF times moved 2.35% median over 62 shared rows
dasllama_tuner: DIFF 2 winner change(s), 34 entry(ies) with no previous baseline; uniform shift = box state, scattered past-floor flips = a noisy mint
dasllama_tuner: archived -> /Users/borisbatkin/.tune-history/darwin-arm64-MacBookPro18-2-25F84-Apple-M1-Max/20260803-012708_lcpp_bench.tune.json
dasllama_tuner: total 437037 ms

  tune: scope `dasllama` finished in 439.2s — ships noise=ok mode=normal sha=3ec014ab6 written=2026-08-03T08:27:08.436Z box=darwin|arm64|MacBookPro18,2|25F84|Apple M1 Max
  rebuild: baking the fresh tune winners into the exe
  [debug] $ "/Users/borisbatkin/Work/daScript/bin/daslang" -exe -output "modules/dasLLAMA/performance/_rig/dasllama-bench.app/Contents/MacOS/dasllama-bench" --list-shared-modules "/Users/borisbatkin/Work/daScript/_daspkg_release_deps_2.json" "/Users/borisbatkin/Work/daScript/modules/dasLLAMA/benchmarks/lcpp_bench.das"
  output: [I] LLVM EXE: targeting the current box (CPU + features) — the build carries [llvm_code] kernels
[I] LLVM EXE: NEED_MODULE(Module_BuiltIn) for `$`
[I] LLVM EXE: NEED_MODULE(Module_Rtti) for `rtti_core`
[I] LLVM EXE: NEED_MODULE(Module_JobQue) for `jobque`
[I] LLVM EXE: NEED_MODULE(Module_Strings) for `strings`
[I] LLVM EXE: NEED_MODULE(Module_Math) for `math`
[I] LLVM EXE: NEED_MODULE(Module_FIO) for `fio_core`
[I] LLVM EXE: NEED_MODULE(Module_Debugger) for `debugapi`
[I] LLVM EXE: NEED_MODULE(Module_DASBIND) for `dasbind`
[I] LLVM EXE: wrote release deps to /Users/borisbatkin/Work/daScript/_daspkg_release_deps_2.json (shared=4, das=8)
[I] LLVM EXE: NEED_MODULE(Module_FIO) for `fio_core`
[I] LLVM EXE: NEED_MODULE(Module_Rtti) for `rtti_core`
[I] LLVM EXE: NEED_MODULE(Module_JobQue) for `jobque`
[I] LLVM EXE: include dynamic module: `das_metal`
[I] LLVM EXE: include dynamic module: `vulkan`
[I] LLVM EXE: include dynamic module: `audio`
[I] LLVM EXE: include dynamic module: `das_accelerate`
[I] LLVM JIT: standalone exe entry point generated '_anon_7813693388109758024`main implementation', 5210 functions
[I] Library modules/dasLLAMA/performance/_rig/dasllama-bench.app/Contents/MacOS/dasllama-bench.exe linked - ok
dry run: /Users/borisbatkin/Work/daScript/modules/dasLLAMA/benchmarks/lcpp_bench.das

  rebuild: standalone exe in 76.4s
  [debug] $ otool -l "modules/dasLLAMA/performance/_rig/dasllama-bench.app/Contents/MacOS/dasllama-bench"
  output: modules/dasLLAMA/performance/_rig/dasllama-bench.app/Contents/MacOS/dasllama-bench:
Load command 0
      cmd LC_SEGMENT_64
  cmdsize 72
  segname __PAGEZERO
   vmaddr 0x0000000000000000
   vmsize 0x0000000100000000
  fileoff 0
 filesize 0
  maxprot 0x00000000
 initprot 0x00000000
   nsects 0
    flags 0x0
Load command 1
      cmd LC_SEGMENT_64
  cmdsize 632
  segname __TEXT
   vmaddr 0x0000000100000000
   vmsize 0x000000000073c000
  fileoff 0
 filesize 7585792
  maxprot 0x00000005
 initprot 0x00000005
   nsects 7
    flags 0x0
Section
  sectname __text
   segname __TEXT
      addr 0x00000001000007a0
      size 0x00000000005f97a0
    offset 1952
     align 2^2 (4)
    reloff 0
    nreloc 0
     flags 0x80000400
 reserved1 0
 reserved2 0
Section
  sectname __stubs
   segname __TEXT
      addr 0x00000001005f9f40
      size 0x0000000000000330
    offset 6266688
     align 2^2 (4)
    reloff 0
    nreloc 0
     flags 0x80000408
 reserved1 0 (index into indirect symbol table)
 reserved2 12 (size of stubs)
Section
  sectname __init_offsets
   segname __TEXT
      addr 0x00000001005fa270
      size 0x0000000000000008
    offset 6267504
     align 2^2 (4)
    reloff 0
    nreloc 0
     flags 0x00000016
 reserved1 0
 reserved2 0
Section
  sectname __const
   segname __TEXT
      addr 0x00000001005fa280
      size 0x0000000000048ad0
    offset 6267520
     align 2^4 (16)
    reloff 0
    nreloc 0
     flags 0x00000000
 reserved1 0
 reserved2 0
Section
  sectname __cstring
   segname __TEXT
      addr 0x0000000100642d50
      size 0x00000000000d7713
    offset 6565200
     align 2^0 (1)
    reloff 0
    nreloc 0
     flags 0x00000002
 reserved1 0
 reserved2 0
Section
  sectname __unwind_info
   segname __TEXT
      addr 0x000000010071a464
      size 0x0000000000004c38
    offset 7447652
     align 2^2 (4)
    reloff 0
    nreloc 0
     flags 0x00000000
 reserved1 0
 reserved2 0
Section
  sectname __eh_frame
   segname __TEXT
      addr 0x000000010071f0a0
      size 0x0000000000019c20
    offset 7467168
     align 2^3 (8)
    reloff 0
    nreloc 0
     flags 0x6800000b
 reserved1 0
 reserved2 0
Load command 2
      cmd LC_SEGMENT_64
  cmdsize 232
  segname __DATA_CONST
   vmaddr 0x000000010073c000
   vmsize 0x0000000000004000
  fileoff 7585792
 filesize 16384
  maxprot 0x00000003
 initprot 0x00000003
   nsects 2
    flags 0x10
Section
  sectname __got
   segname __DATA_CONST
      addr 0x000000010073c000
      size 0x0000000000000220
    offset 7585792
     align 2^3 (8)
    reloff 0
    nreloc 0
     flags 0x00000006
 reserved1 68 (index into indirect symbol table)
 reserved2 0
Section
  sectname __const
   segname __DATA_CONST
      addr 0x000000010073c220
      size 0x0000000000000028
    offset 7586336
     align 2^3 (8)
    reloff 0
    nreloc 0
     flags 0x00000000
 reserved1 0
 reserved2 0
Load command 3
      cmd LC_SEGMENT_64
  cmdsize 232
  segname __DATA
   vmaddr 0x0000000100740000
   vmsize 0x00000000001d4000
  fileoff 7602176
 filesize 1900544
  maxprot 0x00000003
 initprot 0x00000003
   nsects 2
    flags 0x0
Section
  sectname __data
   segname __DATA
      addr 0x0000000100740000
      size 0x00000000001cce78
    offset 7602176
     align 2^4 (16)
    reloff 0
    nreloc 0
     flags 0x00000000
 reserved1 0
 reserved2 0
Section
  sectname __bss
   segname __DATA
      addr 0x000000010090ce80
      size 0x00000000000046e8
    offset 0
     align 2^4 (16)
    reloff 0
    nreloc 0
     flags 0x00000001
 reserved1 0
 reserved2 0
Load command 4
      cmd LC_SEGMENT_64
  cmdsize 72
  segname __LINKEDIT
   vmaddr 0x0000000100914000
   vmsize 0x0000000000018000
  fileoff 9502720
 filesize 84960
  maxprot 0x00000001
 initprot 0x00000001
   nsects 0
    flags 0x0
Load command 5
      cmd LC_DYLD_CHAINED_FIXUPS
  cmdsize 16
  dataoff 9502720
 datasize 1952
Load command 6
      cmd LC_DYLD_EXPORTS_TRIE
  cmdsize 16
  dataoff 9504672
 datasize 360
Load command 7
     cmd LC_SYMTAB
 cmdsize 24
  symoff 9509704
   nsyms 80
  stroff 9511528
 strsize 1680
Load command 8
            cmd LC_DYSYMTAB
        cmdsize 80
      ilocalsym 0
      nlocalsym 0
     iextdefsym 0
     nextdefsym 12
      iundefsym 12
      nundefsym 68
         tocoff 0
           ntoc 0
      modtaboff 0
        nmodtab 0
   extrefsymoff 0
    nextrefsyms 0
 indirectsymoff 9510984
  nindirectsyms 136
      extreloff 0
        nextrel 0
      locreloff 0
        nlocrel 0
Load command 9
          cmd LC_LOAD_DYLINKER
      cmdsize 32
         name /usr/lib/dyld (offset 12)
Load command 10
     cmd LC_UUID
 cmdsize 24
    uuid FDAF0C62-C8A9-3299-8F09-27B312C23DE9
Load command 11
      cmd LC_BUILD_VERSION
  cmdsize 32
 platform 1
    minos 26.0
      sdk 26.5
   ntools 1
     tool 3
  version 1267.0
Load command 12
      cmd LC_SOURCE_VERSION
  cmdsize 16
  version 0.0
Load command 13
       cmd LC_MAIN
   cmdsize 24
  entryoff 5587076
 stacksize 0
Load command 14
          cmd LC_LOAD_DYLIB
      cmdsize 64
         name @rpath/liblibDaScriptDyn_runtime.dylib (offset 24)
   time stamp 2 Wed Dec 31 16:00:02 1969
      current version 0.0.0
compatibility version 0.0.0
Load command 15
          cmd LC_LOAD_DYLIB
      cmdsize 56
         name @rpath/liblibDaScriptDyn.dylib (offset 24)
   time stamp 2 Wed Dec 31 16:00:02 1969
      current version 0.0.0
compatibility version 0.0.0
Load command 16
          cmd LC_LOAD_DYLIB
      cmdsize 48
         name /usr/lib/libc++.1.dylib (offset 24)
   time stamp 2 Wed Dec 31 16:00:02 1969
      current version 2100.43.0
compatibility version 1.0.0
Load command 17
          cmd LC_LOAD_DYLIB
      cmdsize 56
         name /usr/lib/libSystem.B.dylib (offset 24)
   time stamp 2 Wed Dec 31 16:00:02 1969
      current version 1356.0.0
compatibility version 1.0.0
Load command 18
          cmd LC_RPATH
      cmdsize 32
         path @executable_path (offset 12)
Load command 19
          cmd LC_RPATH
      cmdsize 56
         path /Users/borisbatkin/Work/daScript/lib (offset 12)
Load command 20
      cmd LC_FUNCTION_STARTS
  cmdsize 16
  dataoff 9505032
 datasize 4672
Load command 21
      cmd LC_DATA_IN_CODE
  cmdsize 16
  dataoff 9509704
 datasize 0
Load command 22
      cmd LC_CODE_SIGNATURE
  cmdsize 16
  dataoff 9513216
 datasize 74464

  [debug] $ install_name_tool -delete_rpath "/Users/borisbatkin/Work/daScript/lib" "modules/dasLLAMA/performance/_rig/dasllama-bench.app/Contents/MacOS/dasllama-bench"
  ship: modules/dasMetal/dasModuleMetal.shared_module
  [debug] $ otool -D "modules/dasLLAMA/performance/_rig/dasllama-bench.app/Contents/MacOS/modules/dasMetal/dasModuleMetal.shared_module"
  output: modules/dasLLAMA/performance/_rig/dasllama-bench.app/Contents/MacOS/modules/dasMetal/dasModuleMetal.shared_module:
@rpath/dasModuleMetal.shared_module

  [debug] $ otool -l "modules/dasLLAMA/performance/_rig/dasllama-bench.app/Contents/MacOS/modules/dasMetal/dasModuleMetal.shared_module"
  output: modules/dasLLAMA/performance/_rig/dasllama-bench.app/Contents/MacOS/modules/dasMetal/dasModuleMetal.shared_module:
Load command 0
      cmd LC_SEGMENT_64
  cmdsize 792
  segname __TEXT
   vmaddr 0x0000000000000000
   vmsize 0x0000000000020000
  fileoff 0
 filesize 131072
  maxprot 0x00000005
 initprot 0x00000005
   nsects 9
    flags 0x0
Section
  sectname __text
   segname __TEXT
      addr 0x0000000000002e38
      size 0x0000000000017390
    offset 11832
     align 2^2 (4)
    reloff 0
    nreloc 0
     flags 0x80000400
 reserved1 0
 reserved2 0
Section
  sectname __stubs
   segname __TEXT
      addr 0x000000000001a1c8
      size 0x0000000000000330
    offset 106952
     align 2^2 (4)
    reloff 0
    nreloc 0
     flags 0x80000408
 reserved1 0 (index into indirect symbol table)
 reserved2 12 (size of stubs)
Section
  sectname __objc_stubs
   segname __TEXT
      addr 0x000000000001a500
      size 0x00000000000005a0
    offset 107776
     align 2^5 (32)
    reloff 0
    nreloc 0
     flags 0x80000400
 reserved1 0
 reserved2 0
Section
  sectname __init_offsets
   segname __TEXT
      addr 0x000000000001aaa0
      size 0x0000000000000018
    offset 109216
     align 2^2 (4)
    reloff 0
    nreloc 0
     flags 0x00000016
 reserved1 0
 reserved2 0
Section
  sectname __gcc_except_tab
   segname __TEXT
      addr 0x000000000001aab8
      size 0x00000000000011cc
    offset 109240
     align 2^2 (4)
    reloff 0
    nreloc 0
     flags 0x00000000
 reserved1 0
 reserved2 0
Section
  sectname __cstring
   segname __TEXT
      addr 0x000000000001bc84
      size 0x000000000000155c
    offset 113796
     align 2^0 (1)
    reloff 0
    nreloc 0
     flags 0x00000002
 reserved1 0
 reserved2 0
Section
  sectname __const
   segname __TEXT
      addr 0x000000000001d1e0
      size 0x0000000000000055
    offset 119264
     align 2^0 (1)
    reloff 0
    nreloc 0
     flags 0x00000000
 reserved1 0
 reserved2 0
Section
  sectname __objc_methname
   segname __TEXT
      addr 0x000000000001d235
      size 0x00000000000003cb
    offset 119349
     align 2^0 (1)
    reloff 0
    nreloc 0
     flags 0x00000002
 reserved1 0
 reserved2 0
Section
  sectname __unwind_info
   segname __TEXT
      addr 0x000000000001d600
      size 0x0000000000000d50
    offset 120320
     align 2^2 (4)
    reloff 0
    nreloc 0
     flags 0x00000000
 reserved1 0
 reserved2 0
Load command 1
      cmd LC_SEGMENT_64
  cmdsize 392
  segname __DATA_CONST
   vmaddr 0x0000000000020000
   vmsize 0x0000000000008000
  fileoff 131072
 filesize 32768
  maxprot 0x00000003
 initprot 0x00000003
   nsects 4
    flags 0x10
Section
  sectname __got
   segname __DATA_CONST
      addr 0x0000000000020000
      size 0x00000000000002e0
    offset 131072
     align 2^3 (8)
    reloff 0
    nreloc 0
     flags 0x00000006
 reserved1 68 (index into indirect symbol table)
 reserved2 0
Section
  sectname __const
   segname __DATA_CONST
      addr 0x00000000000202e0
      size 0x0000000000003d68
    offset 131808
     align 2^3 (8)
    reloff 0
    nreloc 0
     flags 0x00000000
 reserved1 0
 reserved2 0
Section
  sectname __cfstring
   segname __DATA_CONST
      addr 0x0000000000024048
      size 0x0000000000000020
    offset 147528
     align 2^3 (8)
    reloff 0
    nreloc 0
     flags 0x00000000
 reserved1 0
 reserved2 0
Section
  sectname __objc_imageinfo
   segname __DATA_CONST
      addr 0x0000000000024068
      size 0x0000000000000008
    offset 147560
     align 2^2 (4)
    reloff 0
    nreloc 0
     flags 0x00000000
 reserved1 0
 reserved2 0
Load command 2
      cmd LC_SEGMENT_64
  cmdsize 312
  segname __DATA
   vmaddr 0x0000000000028000
   vmsize 0x0000000000004000
  fileoff 163840
 filesize 16384
  maxprot 0x00000003
 initprot 0x00000003
   nsects 3
    flags 0x0
Section
  sectname __objc_selrefs
   segname __DATA
      addr 0x0000000000028000
      size 0x0000000000000168
    offset 163840
     align 2^3 (8)
    reloff 0
    nreloc 0
     flags 0x10000005
 reserved1 0
 reserved2 0
Section
  sectname __data
   segname __DATA
      addr 0x0000000000028168
      size 0x00000000000000b8
    offset 164200
     align 2^3 (8)
    reloff 0
    nreloc 0
     flags 0x00000000
 reserved1 0
 reserved2 0
Section
  sectname __bss
   segname __DATA
      addr 0x0000000000028220
      size 0x0000000000000038
    offset 0
     align 2^3 (8)
    reloff 0
    nreloc 0
     flags 0x00000001
 reserved1 0
 reserved2 0
Load command 3
      cmd LC_SEGMENT_64
  cmdsize 72
  segname __LINKEDIT
   vmaddr 0x000000000002c000
   vmsize 0x0000000000040000
  fileoff 180224
 filesize 248960
  maxprot 0x00000001
 initprot 0x00000001
   nsects 0
    flags 0x0
Load command 4
          cmd LC_ID_DYLIB
      cmdsize 64
         name @rpath/dasModuleMetal.shared_module (offset 24)
   time stamp 1 Wed Dec 31 16:00:01 1969
      current version 0.0.0
compatibility version 0.0.0
Load command 5
      cmd LC_DYLD_CHAINED_FIXUPS
  cmdsize 16
  dataoff 180224
 datasize 4288
Load command 6
      cmd LC_DYLD_EXPORTS_TRIE
  cmdsize 16
  dataoff 184512
 datasize 5120
Load command 7
     cmd LC_SYMTAB
 cmdsize 24
  symoff 191040
   nsyms 1562
  stroff 216672
 strsize 209032
Load command 8
            cmd LC_DYSYMTAB
        cmdsize 80
      ilocalsym 0
      nlocalsym 1404
     iextdefsym 1404
     nextdefsym 69
      iundefsym 1473
      nundefsym 89
         tocoff 0
           ntoc 0
      modtaboff 0
        nmodtab 0
   extrefsymoff 0
    nextrefsyms 0
 indirectsymoff 216032
  nindirectsyms 160
      extreloff 0
        nextrel 0
      locreloff 0
        nlocrel 0
Load command 9
     cmd LC_UUID
 cmdsize 24
    uuid D5D8CC72-AF9B-3348-8E39-EF91C367C620
Load command 10
      cmd LC_BUILD_VERSION
  cmdsize 32
 platform 1
    minos 26.0
      sdk 26.5
   ntools 1
     tool 3
  version 1267.0
Load command 11
      cmd LC_SOURCE_VERSION
  cmdsize 16
  version 0.0
Load command 12
          cmd LC_LOAD_DYLIB
      cmdsize 56
         name @rpath/liblibDaScriptDyn.dylib (offset 24)
   time stamp 2 Wed Dec 31 16:00:02 1969
      current version 0.0.0
compatibility version 0.0.0
Load command 13
          cmd LC_LOAD_DYLIB
      cmdsize 88
         name /System/Library/Frameworks/Metal.framework/Versions/A/Metal (offset 24)
   time stamp 2 Wed Dec 31 16:00:02 1969
      current version 373.2.0
compatibility version 1.0.0
Load command 14
          cmd LC_LOAD_DYLIB
      cmdsize 96
         name /System/Library/Frameworks/Foundation.framework/Versions/C/Foundation (offset 24)
   time stamp 2 Wed Dec 31 16:00:02 1969
      current version 5026.5.4
compatibility version 300.0.0
Load command 15
          cmd LC_LOAD_DYLIB
      cmdsize 64
         name @rpath/liblibDaScriptDyn_runtime.dylib (offset 24)
   time stamp 2 Wed Dec 31 16:00:02 1969
      current version 0.0.0
compatibility version 0.0.0
Load command 16
          cmd LC_LOAD_DYLIB
      cmdsize 48
         name /usr/lib/libc++.1.dylib (offset 24)
   time stamp 2 Wed Dec 31 16:00:02 1969
      current version 2100.43.0
compatibility version 1.0.0
Load command 17
          cmd LC_LOAD_DYLIB
      cmdsize 56
         name /usr/lib/libSystem.B.dylib (offset 24)
   time stamp 2 Wed Dec 31 16:00:02 1969
      current version 1356.0.0
compatibility version 1.0.0
Load command 18
          cmd LC_LOAD_DYLIB
      cmdsize 104
         name /System/Library/Frameworks/CoreFoundation.framework/Versions/A/CoreFoundation (offset 24)
   time stamp 2 Wed Dec 31 16:00:02 1969
      current version 5026.5.4
compatibility version 150.0.0
Load command 19
          cmd LC_LOAD_DYLIB
      cmdsize 56
         name /usr/lib/libobjc.A.dylib (offset 24)
   time stamp 2 Wed Dec 31 16:00:02 1969
      current version 228.0.0
compatibility version 1.0.0
Load command 20
          cmd LC_RPATH
      cmdsize 32
         path @loader_path (offset 12)
Load command 21
          cmd LC_RPATH
      cmdsize 56
         path /Users/borisbatkin/Work/daScript/lib (offset 12)
Load command 22
      cmd LC_FUNCTION_STARTS
  cmdsize 16
  dataoff 189632
 datasize 1408
Load command 23
      cmd LC_DATA_IN_CODE
  cmdsize 16
  dataoff 191040
 datasize 0
Load command 24
      cmd LC_CODE_SIGNATURE
  cmdsize 16
  dataoff 425712
 datasize 3472

  [debug] $ install_name_tool -delete_rpath "/Users/borisbatkin/Work/daScript/lib" "modules/dasLLAMA/performance/_rig/dasllama-bench.app/Contents/MacOS/modules/dasMetal/dasModuleMetal.shared_module"
  ship: modules/dasAccelerate/dasModuleAccelerate.shared_module
  [debug] $ otool -D "modules/dasLLAMA/performance/_rig/dasllama-bench.app/Contents/MacOS/modules/dasAccelerate/dasModuleAccelerate.shared_module"
  output: modules/dasLLAMA/performance/_rig/dasllama-bench.app/Contents/MacOS/modules/dasAccelerate/dasModuleAccelerate.shared_module:
@rpath/dasModuleAccelerate.shared_module

  [debug] $ otool -l "modules/dasLLAMA/performance/_rig/dasllama-bench.app/Contents/MacOS/modules/dasAccelerate/dasModuleAccelerate.shared_module"
  output: modules/dasLLAMA/performance/_rig/dasllama-bench.app/Contents/MacOS/modules/dasAccelerate/dasModuleAccelerate.shared_module:
Load command 0
      cmd LC_SEGMENT_64
  cmdsize 712
  segname __TEXT
   vmaddr 0x0000000000000000
   vmsize 0x0000000000008000
  fileoff 0
 filesize 32768
  maxprot 0x00000005
 initprot 0x00000005
   nsects 8
    flags 0x0
Section
  sectname __text
   segname __TEXT
      addr 0x0000000000002050
      size 0x0000000000002aac
    offset 8272
     align 2^2 (4)
    reloff 0
    nreloc 0
     flags 0x80000400
 reserved1 0
 reserved2 0
Section
  sectname __stubs
   segname __TEXT
      addr 0x0000000000004afc
      size 0x0000000000000210
    offset 19196
     align 2^2 (4)
    reloff 0
    nreloc 0
     flags 0x80000408
 reserved1 0 (index into indirect symbol table)
 reserved2 12 (size of stubs)
Section
  sectname __init_offsets
   segname __TEXT
      addr 0x0000000000004d0c
      size 0x0000000000000018
    offset 19724
     align 2^2 (4)
    reloff 0
    nreloc 0
     flags 0x00000016
 reserved1 0
 reserved2 0
Section
  sectname __const
   segname __TEXT
      addr 0x0000000000004d24
      size 0x000000000000002e
    offset 19748
     align 2^0 (1)
    reloff 0
    nreloc 0
     flags 0x00000000
 reserved1 0
 reserved2 0
Section
  sectname __gcc_except_tab
   segname __TEXT
      addr 0x0000000000004d54
      size 0x000000000000019c
    offset 19796
     align 2^2 (4)
    reloff 0
    nreloc 0
     flags 0x00000000
 reserved1 0
 reserved2 0
Section
  sectname __cstring
   segname __TEXT
      addr 0x0000000000004ef0
      size 0x00000000000001df
    offset 20208
     align 2^0 (1)
    reloff 0
    nreloc 0
     flags 0x00000002
 reserved1 0
 reserved2 0
Section
  sectname __unwind_info
   segname __TEXT
      addr 0x00000000000050d0
      size 0x00000000000003e8
    offset 20688
     align 2^2 (4)
    reloff 0
    nreloc 0
     flags 0x00000000
 reserved1 0
 reserved2 0
Section
  sectname __eh_frame
   segname __TEXT
      addr 0x00000000000054b8
      size 0x0000000000000eb0
    offset 21688
     align 2^3 (8)
    reloff 0
    nreloc 0
     flags 0x6800000b
 reserved1 0
 reserved2 0
Load command 1
      cmd LC_SEGMENT_64
  cmdsize 232
  segname __DATA_CONST
   vmaddr 0x0000000000008000
   vmsize 0x0000000000004000
  fileoff 32768
 filesize 16384
  maxprot 0x00000003
 initprot 0x00000003
   nsects 2
    flags 0x10
Section
  sectname __got
   segname __DATA_CONST
      addr 0x0000000000008000
      size 0x0000000000000190
    offset 32768
     align 2^3 (8)
    reloff 0
    nreloc 0
     flags 0x00000006
 reserved1 44 (index into indirect symbol table)
 reserved2 0
Section
  sectname __const
   segname __DATA_CONST
      addr 0x0000000000008190
      size 0x0000000000000580
    offset 33168
     align 2^3 (8)
    reloff 0
    nreloc 0
     flags 0x00000000
 reserved1 0
 reserved2 0
Load command 2
      cmd LC_SEGMENT_64
  cmdsize 312
  segname __DATA
   vmaddr 0x000000000000c000
   vmsize 0x0000000000004000
  fileoff 49152
 filesize 16384
  maxprot 0x00000003
 initprot 0x00000003
   nsects 3
    flags 0x0
Section
  sectname __thread_vars
   segname __DATA
      addr 0x000000000000c000
      size 0x0000000000000018
    offset 49152
     align 2^3 (8)
    reloff 0
    nreloc 0
     flags 0x00000013
 reserved1 0
 reserved2 0
Section
  sectname __thread_bss
   segname __DATA
      addr 0x000000000000c018
      size 0x0000000000000001
    offset 0
     align 2^0 (1)
    reloff 0
    nreloc 0
     flags 0x00000012
 reserved1 0
 reserved2 0
Section
  sectname __bss
   segname __DATA
      addr 0x000000000000c020
      size 0x0000000000000088
    offset 0
     align 2^3 (8)
    reloff 0
    nreloc 0
     flags 0x00000001
 reserved1 0
 reserved2 0
Load command 3
      cmd LC_SEGMENT_64
  cmdsize 72
  segname __LINKEDIT
   vmaddr 0x0000000000010000
   vmsize 0x0000000000008000
  fileoff 65536
 filesize 20832
  maxprot 0x00000001
 initprot 0x00000001
   nsects 0
    flags 0x0
Load command 4
          cmd LC_ID_DYLIB
      cmdsize 72
         name @rpath/dasModuleAccelerate.shared_module (offset 24)
   time stamp 1 Wed Dec 31 16:00:01 1969
      current version 0.0.0
compatibility version 0.0.0
Load command 5
      cmd LC_DYLD_CHAINED_FIXUPS
  cmdsize 16
  dataoff 65536
 datasize 2144
Load command 6
      cmd LC_DYLD_EXPORTS_TRIE
  cmdsize 16
  dataoff 67680
 datasize 128
Load command 7
     cmd LC_SYMTAB
 cmdsize 24
  symoff 67968
   nsyms 216
  stroff 71800
 strsize 13752
Load command 8
            cmd LC_DYSYMTAB
        cmdsize 80
      ilocalsym 0
      nlocalsym 155
     iextdefsym 155
     nextdefsym 3
      iundefsym 158
      nundefsym 58
         tocoff 0
           ntoc 0
      modtaboff 0
        nmodtab 0
   extrefsymoff 0
    nextrefsyms 0
 indirectsymoff 71424
  nindirectsyms 94
      extreloff 0
        nextrel 0
      locreloff 0
        nlocrel 0
Load command 9
     cmd LC_UUID
 cmdsize 24
    uuid 22EA539F-384B-3A3A-A5C2-ACDA255770A5
Load command 10
      cmd LC_BUILD_VERSION
  cmdsize 32
 platform 1
    minos 26.0
      sdk 26.5
   ntools 1
     tool 3
  version 1267.0
Load command 11
      cmd LC_SOURCE_VERSION
  cmdsize 16
  version 0.0
Load command 12
          cmd LC_LOAD_DYLIB
      cmdsize 56
         name @rpath/liblibDaScriptDyn.dylib (offset 24)
   time stamp 2 Wed Dec 31 16:00:02 1969
      current version 0.0.0
compatibility version 0.0.0
Load command 13
          cmd LC_LOAD_DYLIB
      cmdsize 96
         name /System/Library/Frameworks/Accelerate.framework/Versions/A/Accelerate (offset 24)
   time stamp 2 Wed Dec 31 16:00:02 1969
      current version 4.0.0
compatibility version 1.0.0
Load command 14
          cmd LC_LOAD_DYLIB
      cmdsize 64
         name @rpath/liblibDaScriptDyn_runtime.dylib (offset 24)
   time stamp 2 Wed Dec 31 16:00:02 1969
      current version 0.0.0
compatibility version 0.0.0
Load command 15
          cmd LC_LOAD_DYLIB
      cmdsize 48
         name /usr/lib/libc++.1.dylib (offset 24)
   time stamp 2 Wed Dec 31 16:00:02 1969
      current version 2100.43.0
compatibility version 1.0.0
Load command 16
          cmd LC_LOAD_DYLIB
      cmdsize 56
         name /usr/lib/libSystem.B.dylib (offset 24)
   time stamp 2 Wed Dec 31 16:00:02 1969
      current version 1356.0.0
compatibility version 1.0.0
Load command 17
          cmd LC_RPATH
      cmdsize 32
         path @loader_path (offset 12)
Load command 18
          cmd LC_RPATH
      cmdsize 56
         path /Users/borisbatkin/Work/daScript/lib (offset 12)
Load command 19
      cmd LC_FUNCTION_STARTS
  cmdsize 16
  dataoff 67808
 datasize 160
Load command 20
      cmd LC_DATA_IN_CODE
  cmdsize 16
  dataoff 67968
 datasize 0
Load command 21
      cmd LC_CODE_SIGNATURE
  cmdsize 16
  dataoff 85552
 datasize 816

  [debug] $ install_name_tool -delete_rpath "/Users/borisbatkin/Work/daScript/lib" "modules/dasLLAMA/performance/_rig/dasllama-bench.app/Contents/MacOS/modules/dasAccelerate/dasModuleAccelerate.shared_module"
  ship: modules/dasVulkan/dasModuleVulkan.shared_module
  [debug] $ otool -D "modules/dasLLAMA/performance/_rig/dasllama-bench.app/Contents/MacOS/modules/dasVulkan/dasModuleVulkan.shared_module"
  output: modules/dasLLAMA/performance/_rig/dasllama-bench.app/Contents/MacOS/modules/dasVulkan/dasModuleVulkan.shared_module:
@rpath/dasModuleVulkan.shared_module

  [debug] $ otool -l "modules/dasLLAMA/performance/_rig/dasllama-bench.app/Contents/MacOS/modules/dasVulkan/dasModuleVulkan.shared_module"
  output: modules/dasLLAMA/performance/_rig/dasllama-bench.app/Contents/MacOS/modules/dasVulkan/dasModuleVulkan.shared_module:
Load command 0
      cmd LC_SEGMENT_64
  cmdsize 792
  segname __TEXT
   vmaddr 0x0000000000000000
   vmsize 0x000000000063c000
  fileoff 0
 filesize 6537216
  maxprot 0x00000005
 initprot 0x00000005
   nsects 9
    flags 0x0
Section
  sectname __text
   segname __TEXT
      addr 0x00000000000029a8
      size 0x000000000057a08c
    offset 10664
     align 2^2 (4)
    reloff 0
    nreloc 0
     flags 0x80000400
 reserved1 0
 reserved2 0
Section
  sectname __stubs
   segname __TEXT
      addr 0x000000000057ca34
      size 0x000000000000033c
    offset 5753396
     align 2^2 (4)
    reloff 0
    nreloc 0
     flags 0x80000408
 reserved1 0 (index into indirect symbol table)
 reserved2 12 (size of stubs)
Section
  sectname __objc_stubs
   segname __TEXT
      addr 0x000000000057cd80
      size 0x00000000000000c0
    offset 5754240
     align 2^5 (32)
    reloff 0
    nreloc 0
     flags 0x80000400
 reserved1 0
 reserved2 0
Section
  sectname __init_offsets
   segname __TEXT
      addr 0x000000000057ce40
      size 0x0000000000000540
    offset 5754432
     align 2^2 (4)
    reloff 0
    nreloc 0
     flags 0x00000016
 reserved1 0
 reserved2 0
Section
  sectname __gcc_except_tab
   segname __TEXT
      addr 0x000000000057d380
      size 0x0000000000051008
    offset 5755776
     align 2^2 (4)
    reloff 0
    nreloc 0
     flags 0x00000000
 reserved1 0
 reserved2 0
Section
  sectname __cstring
   segname __TEXT
      addr 0x00000000005ce388
      size 0x0000000000045b5e
    offset 6087560
     align 2^0 (1)
    reloff 0
    nreloc 0
     flags 0x00000002
 reserved1 0
 reserved2 0
Section
  sectname __const
   segname __TEXT
      addr 0x0000000000613ef0
      size 0x0000000000000380
    offset 6373104
     align 2^4 (16)
    reloff 0
    nreloc 0
     flags 0x00000000
 reserved1 0
 reserved2 0
Section
  sectname __objc_methname
   segname __TEXT
      addr 0x0000000000614270
      size 0x0000000000000050
    offset 6374000
     align 2^0 (1)
    reloff 0
    nreloc 0
     flags 0x00000002
 reserved1 0
 reserved2 0
Section
  sectname __unwind_info
   segname __TEXT
      addr 0x00000000006142c0
      size 0x0000000000025de0
    offset 6374080
     align 2^2 (4)
    reloff 0
    nreloc 0
     flags 0x00000000
 reserved1 0
 reserved2 0
Load command 1
      cmd LC_SEGMENT_64
  cmdsize 312
  segname __DATA_CONST
   vmaddr 0x000000000063c000
   vmsize 0x0000000000254000
  fileoff 6537216
 filesize 2441216
  maxprot 0x00000003
 initprot 0x00000003
   nsects 3
    flags 0x10
Section
  sectname __got
   segname __DATA_CONST
      addr 0x000000000063c000
      size 0x00000000000078e8
    offset 6537216
     align 2^3 (8)
    reloff 0
    nreloc 0
     flags 0x00000006
 reserved1 69 (index into indirect symbol table)
 reserved2 0
Section
  sectname __const
   segname __DATA_CONST
      addr 0x00000000006438e8
      size 0x000000000024b998
    offset 6568168
     align 2^3 (8)
    reloff 0
    nreloc 0
     flags 0x00000000
 reserved1 0
 reserved2 0
Section
  sectname __objc_imageinfo
   segname __DATA_CONST
      addr 0x000000000088f280
      size 0x0000000000000008
    offset 8974976
     align 2^2 (4)
    reloff 0
    nreloc 0
     flags 0x00000000
 reserved1 0
 reserved2 0
Load command 2
      cmd LC_SEGMENT_64
  cmdsize 392
  segname __DATA
   vmaddr 0x0000000000890000
   vmsize 0x0000000000004000
  fileoff 8978432
 filesize 16384
  maxprot 0x00000003
 initprot 0x00000003
   nsects 4
    flags 0x0
Section
  sectname __objc_selrefs
   segname __DATA
      addr 0x0000000000890000
      size 0x0000000000000030
    offset 8978432
     align 2^3 (8)
    reloff 0
    nreloc 0
     flags 0x10000005
 reserved1 0
 reserved2 0
Section
  sectname __data
   segname __DATA
      addr 0x0000000000890030
      size 0x0000000000000084
    offset 8978480
     align 2^3 (8)
    reloff 0
    nreloc 0
     flags 0x00000000
 reserved1 0
 reserved2 0
Section
  sectname __bss
   segname __DATA
      addr 0x00000000008900b8
      size 0x0000000000002768
    offset 0
     align 2^3 (8)
    reloff 0
    nreloc 0
     flags 0x00000001
 reserved1 0
 reserved2 0
Section
  sectname __common
   segname __DATA
      addr 0x0000000000892820
      size 0x00000000000017b8
    offset 0
     align 2^3 (8)
    reloff 0
    nreloc 0
     flags 0x00000001
 reserved1 0
 reserved2 0
Load command 3
      cmd LC_SEGMENT_64
  cmdsize 72
  segname __LINKEDIT
   vmaddr 0x0000000000894000
   vmsize 0x0000000000a38000
  fileoff 8994816
 filesize 10702768
  maxprot 0x00000001
 initprot 0x00000001
   nsects 0
    flags 0x0
Load command 4
          cmd LC_ID_DYLIB
      cmdsize 64
         name @rpath/dasModuleVulkan.shared_module (offset 24)
   time stamp 1 Wed Dec 31 16:00:01 1969
      current version 0.0.0
compatibility version 0.0.0
Load command 5
      cmd LC_DYLD_CHAINED_FIXUPS
  cmdsize 16
  dataoff 8994816
 datasize 373376
Load command 6
      cmd LC_DYLD_EXPORTS_TRIE
  cmdsize 16
  dataoff 9368192
 datasize 298200
Load command 7
     cmd LC_SYMTAB
 cmdsize 24
  symoff 9714448
   nsyms 87302
  stroff 11127032
 strsize 8417704
Load command 8
            cmd LC_DYSYMTAB
        cmdsize 80
      ilocalsym 0
      nlocalsym 81831
     iextdefsym 81831
     nextdefsym 5355
      iundefsym 87186
      nundefsym 116
         tocoff 0
           ntoc 0
      modtaboff 0
        nmodtab 0
   extrefsymoff 0
    nextrefsyms 0
 indirectsymoff 11111280
  nindirectsyms 3938
      extreloff 0
        nextrel 0
      locreloff 0
        nlocrel 0
Load command 9
     cmd LC_UUID
 cmdsize 24
    uuid E688F20A-444F-3205-9BFC-7F0205EEC84B
Load command 10
      cmd LC_BUILD_VERSION
  cmdsize 32
 platform 1
    minos 26.0
      sdk 26.5
   ntools 1
     tool 3
  version 1267.0
Load command 11
      cmd LC_SOURCE_VERSION
  cmdsize 16
  version 0.0
Load command 12
          cmd LC_LOAD_DYLIB
      cmdsize 56
         name @rpath/liblibDaScriptDyn.dylib (offset 24)
   time stamp 2 Wed Dec 31 16:00:02 1969
      current version 0.0.0
compatibility version 0.0.0
Load command 13
          cmd LC_LOAD_DYLIB
      cmdsize 64
         name @rpath/liblibDaScriptDyn_runtime.dylib (offset 24)
   time stamp 2 Wed Dec 31 16:00:02 1969
      current version 0.0.0
compatibility version 0.0.0
Load command 14
          cmd LC_LOAD_DYLIB
      cmdsize 88
         name /System/Library/Frameworks/Cocoa.framework/Versions/A/Cocoa (offset 24)
   time stamp 2 Wed Dec 31 16:00:02 1969
      current version 24.0.0
compatibility version 1.0.0
Load command 15
          cmd LC_LOAD_DYLIB
      cmdsize 96
         name /System/Library/Frameworks/QuartzCore.framework/Versions/A/QuartzCore (offset 24)
   time stamp 2 Wed Dec 31 16:00:02 1969
      current version 1195.14.4
compatibility version 1.2.0
Load command 16
          cmd LC_LOAD_DYLIB
      cmdsize 48
         name /usr/lib/libc++.1.dylib (offset 24)
   time stamp 2 Wed Dec 31 16:00:02 1969
      current version 2100.43.0
compatibility version 1.0.0
Load command 17
          cmd LC_LOAD_DYLIB
      cmdsize 56
         name /usr/lib/libSystem.B.dylib (offset 24)
   time stamp 2 Wed Dec 31 16:00:02 1969
      current version 1356.0.0
compatibility version 1.0.0
Load command 18
          cmd LC_LOAD_DYLIB
      cmdsize 56
         name /usr/lib/libobjc.A.dylib (offset 24)
   time stamp 2 Wed Dec 31 16:00:02 1969
      current version 228.0.0
compatibility version 1.0.0
Load command 19
          cmd LC_RPATH
      cmdsize 56
         path /Users/borisbatkin/Work/daScript/lib (offset 12)
Load command 20
      cmd LC_FUNCTION_STARTS
  cmdsize 16
  dataoff 9666392
 datasize 48056
Load command 21
      cmd LC_DATA_IN_CODE
  cmdsize 16
  dataoff 9714448
 datasize 0
Load command 22
      cmd LC_CODE_SIGNATURE
  cmdsize 16
  dataoff 19544736
 datasize 152848

  [debug] $ install_name_tool -delete_rpath "/Users/borisbatkin/Work/daScript/lib" "modules/dasLLAMA/performance/_rig/dasllama-bench.app/Contents/MacOS/modules/dasVulkan/dasModuleVulkan.shared_module"
  ship: modules/dasAudio/dasModuleAudio.shared_module
  [debug] $ otool -D "modules/dasLLAMA/performance/_rig/dasllama-bench.app/Contents/MacOS/modules/dasAudio/dasModuleAudio.shared_module"
  output: modules/dasLLAMA/performance/_rig/dasllama-bench.app/Contents/MacOS/modules/dasAudio/dasModuleAudio.shared_module:
@rpath/dasModuleAudio.shared_module

  [debug] $ otool -l "modules/dasLLAMA/performance/_rig/dasllama-bench.app/Contents/MacOS/modules/dasAudio/dasModuleAudio.shared_module"
  output: modules/dasLLAMA/performance/_rig/dasllama-bench.app/Contents/MacOS/modules/dasAudio/dasModuleAudio.shared_module:
Load command 0
      cmd LC_SEGMENT_64
  cmdsize 712
  segname __TEXT
   vmaddr 0x0000000000000000
   vmsize 0x00000000001c4000
  fileoff 0
 filesize 1851392
  maxprot 0x00000005
 initprot 0x00000005
   nsects 8
    flags 0x0
Section
  sectname __text
   segname __TEXT
      addr 0x00000000000028c8
      size 0x0000000000091dd4
    offset 10440
     align 2^2 (4)
    reloff 0
    nreloc 0
     flags 0x80000400
 reserved1 0
 reserved2 0
Section
  sectname __stubs
   segname __TEXT
      addr 0x000000000009469c
      size 0x0000000000000654
    offset 607900
     align 2^2 (4)
    reloff 0
    nreloc 0
     flags 0x80000408
 reserved1 0 (index into indirect symbol table)
 reserved2 12 (size of stubs)
Section
  sectname __init_offsets
   segname __TEXT
      addr 0x0000000000094cf0
      size 0x0000000000000018
    offset 609520
     align 2^2 (4)
    reloff 0
    nreloc 0
     flags 0x00000016
 reserved1 0
 reserved2 0
Section
  sectname __const
   segname __TEXT
      addr 0x0000000000094d10
      size 0x000000000010e400
    offset 609552
     align 2^4 (16)
    reloff 0
    nreloc 0
     flags 0x00000000
 reserved1 0
 reserved2 0
Section
  sectname __gcc_except_tab
   segname __TEXT
      addr 0x00000000001a3110
      size 0x0000000000002a1c
    offset 1716496
     align 2^2 (4)
    reloff 0
    nreloc 0
     flags 0x00000000
 reserved1 0
 reserved2 0
Section
  sectname __cstring
   segname __TEXT
      addr 0x00000000001a5b2c
      size 0x0000000000002d80
    offset 1727276
     align 2^0 (1)
    reloff 0
    nreloc 0
     flags 0x00000002
 reserved1 0
 reserved2 0
Section
  sectname __unwind_info
   segname __TEXT
      addr 0x00000000001a88ac
      size 0x00000000000056a8
    offset 1738924
     align 2^2 (4)
    reloff 0
    nreloc 0
     flags 0x00000000
 reserved1 0
 reserved2 0
Section
  sectname __eh_frame
   segname __TEXT
      addr 0x00000000001adf58
      size 0x0000000000013c98
    offset 1761112
     align 2^3 (8)
    reloff 0
    nreloc 0
     flags 0x6800000b
 reserved1 0
 reserved2 0
Load command 1
      cmd LC_SEGMENT_64
  cmdsize 232
  segname __DATA_CONST
   vmaddr 0x00000000001c4000
   vmsize 0x0000000000010000
  fileoff 1851392
 filesize 65536
  maxprot 0x00000003
 initprot 0x00000003
   nsects 2
    flags 0x10
Section
  sectname __got
   segname __DATA_CONST
      addr 0x00000000001c4000
      size 0x0000000000000538
    offset 1851392
     align 2^3 (8)
    reloff 0
    nreloc 0
     flags 0x00000006
 reserved1 135 (index into indirect symbol table)
 reserved2 0
Section
  sectname __const
   segname __DATA_CONST
      addr 0x00000000001c4538
      size 0x000000000000ec08
    offset 1852728
     align 2^3 (8)
    reloff 0
    nreloc 0
     flags 0x00000000
 reserved1 0
 reserved2 0
Load command 2
      cmd LC_SEGMENT_64
  cmdsize 232
  segname __DATA
   vmaddr 0x00000000001d4000
   vmsize 0x0000000000004000
  fileoff 1916928
 filesize 16384
  maxprot 0x00000003
 initprot 0x00000003
   nsects 2
    flags 0x0
Section
  sectname __data
   segname __DATA
      addr 0x00000000001d4000
      size 0x0000000000000640
    offset 1916928
     align 2^3 (8)
    reloff 0
    nreloc 0
     flags 0x00000000
 reserved1 0
 reserved2 0
Section
  sectname __bss
   segname __DATA
      addr 0x00000000001d4640
      size 0x0000000000002aa8
    offset 0
     align 2^4 (16)
    reloff 0
    nreloc 0
     flags 0x00000001
 reserved1 0
 reserved2 0
Load command 3
      cmd LC_SEGMENT_64
  cmdsize 72
  segname __LINKEDIT
   vmaddr 0x00000000001d8000
   vmsize 0x000000000007c000
  fileoff 1933312
 filesize 493264
  maxprot 0x00000001
 initprot 0x00000001
   nsects 0
    flags 0x0
Load command 4
          cmd LC_ID_DYLIB
      cmdsize 64
         name @rpath/dasModuleAudio.shared_module (offset 24)
   time stamp 1 Wed Dec 31 16:00:01 1969
      current version 0.0.0
compatibility version 0.0.0
Load command 5
      cmd LC_DYLD_CHAINED_FIXUPS
  cmdsize 16
  dataoff 1933312
 datasize 8448
Load command 6
      cmd LC_DYLD_EXPORTS_TRIE
  cmdsize 16
  dataoff 1941760
 datasize 536
Load command 7
     cmd LC_SYMTAB
 cmdsize 24
  symoff 1946320
   nsyms 4020
  stroff 2011848
 strsize 395768
Load command 8
            cmd LC_DYSYMTAB
        cmdsize 80
      ilocalsym 0
      nlocalsym 3778
     iextdefsym 3778
     nextdefsym 32
      iundefsym 3810
      nundefsym 210
         tocoff 0
           ntoc 0
      modtaboff 0
        nmodtab 0
   extrefsymoff 0
    nextrefsyms 0
 indirectsymoff 2010640
  nindirectsyms 302
      extreloff 0
        nextrel 0
      locreloff 0
        nlocrel 0
Load command 9
     cmd LC_UUID
 cmdsize 24
    uuid 811F546D-C029-3F1C-8AB4-67CDDA40D1FC
Load command 10
      cmd LC_BUILD_VERSION
  cmdsize 32
 platform 1
    minos 26.0
      sdk 26.5
   ntools 1
     tool 3
  version 1267.0
Load command 11
      cmd LC_SOURCE_VERSION
  cmdsize 16
  version 0.0
Load command 12
          cmd LC_LOAD_DYLIB
      cmdsize 56
         name @rpath/liblibDaScriptDyn.dylib (offset 24)
   time stamp 2 Wed Dec 31 16:00:02 1969
      current version 0.0.0
compatibility version 0.0.0
Load command 13
          cmd LC_LOAD_DYLIB
      cmdsize 104
         name /System/Library/Frameworks/CoreFoundation.framework/Versions/A/CoreFoundation (offset 24)
   time stamp 2 Wed Dec 31 16:00:02 1969
      current version 5026.5.4
compatibility version 150.0.0
Load command 14
          cmd LC_LOAD_DYLIB
      cmdsize 96
         name /System/Library/Frameworks/CoreAudio.framework/Versions/A/CoreAudio (offset 24)
   time stamp 2 Wed Dec 31 16:00:02 1969
      current version 1.0.0
compatibility version 1.0.0
Load command 15
          cmd LC_LOAD_DYLIB
      cmdsize 104
         name /System/Library/Frameworks/AudioToolbox.framework/Versions/A/AudioToolbox (offset 24)
   time stamp 2 Wed Dec 31 16:00:02 1969
      current version 1000.0.0
compatibility version 1.0.0
Load command 16
          cmd LC_LOAD_DYLIB
      cmdsize 64
         name @rpath/liblibDaScriptDyn_runtime.dylib (offset 24)
   time stamp 2 Wed Dec 31 16:00:02 1969
      current version 0.0.0
compatibility version 0.0.0
Load command 17
          cmd LC_LOAD_DYLIB
      cmdsize 48
         name /usr/lib/libc++.1.dylib (offset 24)
   time stamp 2 Wed Dec 31 16:00:02 1969
      current version 2100.43.0
compatibility version 1.0.0
Load command 18
          cmd LC_LOAD_DYLIB
      cmdsize 56
         name /usr/lib/libSystem.B.dylib (offset 24)
   time stamp 2 Wed Dec 31 16:00:02 1969
      current version 1356.0.0
compatibility version 1.0.0
Load command 19
          cmd LC_RPATH
      cmdsize 32
         path @loader_path (offset 12)
Load command 20
          cmd LC_RPATH
      cmdsize 56
         path /Users/borisbatkin/Work/daScript/lib (offset 12)
Load command 21
      cmd LC_FUNCTION_STARTS
  cmdsize 16
  dataoff 1942296
 datasize 4024
Load command 22
      cmd LC_DATA_IN_CODE
  cmdsize 16
  dataoff 1946320
 datasize 0
Load command 23
      cmd LC_CODE_SIGNATURE
  cmdsize 16
  dataoff 2407616
 datasize 18960

  [debug] $ install_name_tool -delete_rpath "/Users/borisbatkin/Work/daScript/lib" "modules/dasLLAMA/performance/_rig/dasllama-bench.app/Contents/MacOS/modules/dasAudio/dasModuleAudio.shared_module"
  ship runtime: liblibDaScriptDyn.dylib
  [debug] $ otool -D "modules/dasLLAMA/performance/_rig/dasllama-bench.app/Contents/MacOS/liblibDaScriptDyn.dylib"
  output: modules/dasLLAMA/performance/_rig/dasllama-bench.app/Contents/MacOS/liblibDaScriptDyn.dylib:
@rpath/liblibDaScriptDyn.dylib

  [debug] $ otool -l "modules/dasLLAMA/performance/_rig/dasllama-bench.app/Contents/MacOS/liblibDaScriptDyn.dylib"
  output: modules/dasLLAMA/performance/_rig/dasllama-bench.app/Contents/MacOS/liblibDaScriptDyn.dylib:
Load command 0
      cmd LC_SEGMENT_64
  cmdsize 712
  segname __TEXT
   vmaddr 0x0000000000000000
   vmsize 0x00000000009b0000
  fileoff 0
 filesize 10158080
  maxprot 0x00000005
 initprot 0x00000005
   nsects 8
    flags 0x0
Section
  sectname __text
   segname __TEXT
      addr 0x0000000000001818
      size 0x000000000078c230
    offset 6168
     align 2^2 (4)
    reloff 0
    nreloc 0
     flags 0x80000400
 reserved1 0
 reserved2 0
Section
  sectname __stubs
   segname __TEXT
      addr 0x000000000078da48
      size 0x0000000000001b24
    offset 7920200
     align 2^2 (4)
    reloff 0
    nreloc 0
     flags 0x80000408
 reserved1 0 (index into indirect symbol table)
 reserved2 12 (size of stubs)
Section
  sectname __init_offsets
   segname __TEXT
      addr 0x000000000078f56c
      size 0x0000000000000460
    offset 7927148
     align 2^2 (4)
    reloff 0
    nreloc 0
     flags 0x00000016
 reserved1 0
 reserved2 0
Section
  sectname __const
   segname __TEXT
      addr 0x000000000078f9d0
      size 0x0000000000041fdc
    offset 7928272
     align 2^4 (16)
    reloff 0
    nreloc 0
     flags 0x00000000
 reserved1 0
 reserved2 0
Section
  sectname __gcc_except_tab
   segname __TEXT
      addr 0x00000000007d19ac
      size 0x000000000002c180
    offset 8198572
     align 2^2 (4)
    reloff 0
    nreloc 0
     flags 0x00000000
 reserved1 0
 reserved2 0
Section
  sectname __cstring
   segname __TEXT
      addr 0x00000000007fdb30
      size 0x0000000000014c8b
    offset 8379184
     align 2^3 (8)
    reloff 0
    nreloc 0
     flags 0x00000002
 reserved1 0
 reserved2 0
Section
  sectname __unwind_info
   segname __TEXT
      addr 0x00000000008127bc
      size 0x0000000000060170
    offset 8464316
     align 2^2 (4)
    reloff 0
    nreloc 0
     flags 0x00000000
 reserved1 0
 reserved2 0
Section
  sectname __eh_frame
   segname __TEXT
      addr 0x0000000000872930
      size 0x0000000000139ae4
    offset 8857904
     align 2^3 (8)
    reloff 0
    nreloc 0
     flags 0x6800000b
 reserved1 0
 reserved2 0
Load command 1
      cmd LC_SEGMENT_64
  cmdsize 232
  segname __DATA_CONST
   vmaddr 0x00000000009b0000
   vmsize 0x00000000003b4000
  fileoff 10158080
 filesize 3883008
  maxprot 0x00000003
 initprot 0x00000003
   nsects 2
    flags 0x10
Section
  sectname __got
   segname __DATA_CONST
      addr 0x00000000009b0000
      size 0x0000000000001610
    offset 10158080
     align 2^3 (8)
    reloff 0
    nreloc 0
     flags 0x00000006
 reserved1 579 (index into indirect symbol table)
 reserved2 0
Section
  sectname __const
   segname __DATA_CONST
      addr 0x00000000009b1610
      size 0x00000000003b0db0
    offset 10163728
     align 2^3 (8)
    reloff 0
    nreloc 0
     flags 0x00000000
 reserved1 0
 reserved2 0
Load command 2
      cmd LC_SEGMENT_64
  cmdsize 472
  segname __DATA
   vmaddr 0x0000000000d64000
   vmsize 0x0000000000004000
  fileoff 14041088
 filesize 16384
  maxprot 0x00000003
 initprot 0x00000003
   nsects 5
    flags 0x0
Section
  sectname __data
   segname __DATA
      addr 0x0000000000d64000
      size 0x0000000000000104
    offset 14041088
     align 2^3 (8)
    reloff 0
    nreloc 0
     flags 0x00000000
 reserved1 0
 reserved2 0
Section
  sectname __thread_vars
   segname __DATA
      addr 0x0000000000d64108
      size 0x0000000000000138
    offset 14041352
     align 2^3 (8)
    reloff 0
    nreloc 0
     flags 0x00000013
 reserved1 0
 reserved2 0
Section
  sectname __thread_bss
   segname __DATA
      addr 0x0000000000d64240
      size 0x0000000000000090
    offset 0
     align 2^3 (8)
    reloff 0
    nreloc 0
     flags 0x00000012
 reserved1 0
 reserved2 0
Section
  sectname __bss
   segname __DATA
      addr 0x0000000000d642d0
      size 0x00000000000000cc
    offset 0
     align 2^3 (8)
    reloff 0
    nreloc 0
     flags 0x00000001
 reserved1 0
 reserved2 0
Section
  sectname __common
   segname __DATA
      addr 0x0000000000d643a0
      size 0x0000000000000084
    offset 0
     align 2^4 (16)
    reloff 0
    nreloc 0
     flags 0x00000001
 reserved1 0
 reserved2 0
Load command 3
      cmd LC_SEGMENT_64
  cmdsize 72
  segname __LINKEDIT
   vmaddr 0x0000000000d68000
   vmsize 0x0000000000c34000
  fileoff 14057472
 filesize 12782248
  maxprot 0x00000001
 initprot 0x00000001
   nsects 0
    flags 0x0
Load command 4
          cmd LC_ID_DYLIB
      cmdsize 56
         name @rpath/liblibDaScriptDyn.dylib (offset 24)
   time stamp 1 Wed Dec 31 16:00:01 1969
      current version 0.0.0
compatibility version 0.0.0
Load command 5
      cmd LC_DYLD_CHAINED_FIXUPS
  cmdsize 16
  dataoff 14057472
 datasize 39296
Load command 6
      cmd LC_DYLD_EXPORTS_TRIE
  cmdsize 16
  dataoff 14096768
 datasize 38704
Load command 7
     cmd LC_SYMTAB
 cmdsize 24
  symoff 14230992
   nsyms 109730
  stroff 15991816
 strsize 10639704
Load command 8
            cmd LC_DYSYMTAB
        cmdsize 80
      ilocalsym 0
      nlocalsym 108227
     iextdefsym 108227
     nextdefsym 753
      iundefsym 108980
      nundefsym 750
         tocoff 0
           ntoc 0
      modtaboff 0
        nmodtab 0
   extrefsymoff 0
    nextrefsyms 0
 indirectsymoff 15986672
  nindirectsyms 1285
      extreloff 0
        nextrel 0
      locreloff 0
        nlocrel 0
Load command 9
     cmd LC_UUID
 cmdsize 24
    uuid B9AE3084-06A1-39E4-93B9-8B0825C65560
Load command 10
      cmd LC_BUILD_VERSION
  cmdsize 32
 platform 1
    minos 26.0
      sdk 26.5
   ntools 1
     tool 3
  version 1267.0
Load command 11
      cmd LC_SOURCE_VERSION
  cmdsize 16
  version 0.0
Load command 12
          cmd LC_LOAD_DYLIB
      cmdsize 64
         name @rpath/liblibDaScriptDyn_runtime.dylib (offset 24)
   time stamp 2 Wed Dec 31 16:00:02 1969
      current version 0.0.0
compatibility version 0.0.0
Load command 13
          cmd LC_LOAD_DYLIB
      cmdsize 48
         name /usr/lib/libc++.1.dylib (offset 24)
   time stamp 2 Wed Dec 31 16:00:02 1969
      current version 2100.43.0
compatibility version 1.0.0
Load command 14
          cmd LC_LOAD_DYLIB
      cmdsize 56
         name /usr/lib/libSystem.B.dylib (offset 24)
   time stamp 2 Wed Dec 31 16:00:02 1969
      current version 1356.0.0
compatibility version 1.0.0
Load command 15
          cmd LC_RPATH
      cmdsize 56
         path /Users/borisbatkin/Work/daScript/lib (offset 12)
Load command 16
      cmd LC_FUNCTION_STARTS
  cmdsize 16
  dataoff 14135472
 datasize 95520
Load command 17
      cmd LC_DATA_IN_CODE
  cmdsize 16
  dataoff 14230992
 datasize 0
Load command 18
      cmd LC_CODE_SIGNATURE
  cmdsize 16
  dataoff 26631520
 datasize 208200

  [debug] $ install_name_tool -delete_rpath "/Users/borisbatkin/Work/daScript/lib" "modules/dasLLAMA/performance/_rig/dasllama-bench.app/Contents/MacOS/liblibDaScriptDyn.dylib"
  ship runtime: liblibDaScriptDyn_runtime.dylib
  [debug] $ otool -D "modules/dasLLAMA/performance/_rig/dasllama-bench.app/Contents/MacOS/liblibDaScriptDyn_runtime.dylib"
  output: modules/dasLLAMA/performance/_rig/dasllama-bench.app/Contents/MacOS/liblibDaScriptDyn_runtime.dylib:
@rpath/liblibDaScriptDyn_runtime.dylib

  [debug] $ otool -l "modules/dasLLAMA/performance/_rig/dasllama-bench.app/Contents/MacOS/liblibDaScriptDyn_runtime.dylib"
  output: modules/dasLLAMA/performance/_rig/dasllama-bench.app/Contents/MacOS/liblibDaScriptDyn_runtime.dylib:
Load command 0
      cmd LC_SEGMENT_64
  cmdsize 712
  segname __TEXT
   vmaddr 0x0000000000000000
   vmsize 0x0000000000dbc000
  fileoff 0
 filesize 14401536
  maxprot 0x00000005
 initprot 0x00000005
   nsects 8
    flags 0x0
Section
  sectname __text
   segname __TEXT
      addr 0x00000000000013f0
      size 0x0000000000ab15d0
    offset 5104
     align 2^2 (4)
    reloff 0
    nreloc 0
     flags 0x80000400
 reserved1 0
 reserved2 0
Section
  sectname __stubs
   segname __TEXT
      addr 0x0000000000ab29c0
      size 0x0000000000000eb8
    offset 11217344
     align 2^2 (4)
    reloff 0
    nreloc 0
     flags 0x80000408
 reserved1 0 (index into indirect symbol table)
 reserved2 12 (size of stubs)
Section
  sectname __init_offsets
   segname __TEXT
      addr 0x0000000000ab3878
      size 0x0000000000000404
    offset 11221112
     align 2^2 (4)
    reloff 0
    nreloc 0
     flags 0x00000016
 reserved1 0
 reserved2 0
Section
  sectname __const
   segname __TEXT
      addr 0x0000000000ab3c80
      size 0x0000000000008f48
    offset 11222144
     align 2^4 (16)
    reloff 0
    nreloc 0
     flags 0x00000000
 reserved1 0
 reserved2 0
Section
  sectname __cstring
   segname __TEXT
      addr 0x0000000000abcbc8
      size 0x000000000001ceb2
    offset 11258824
     align 2^3 (8)
    reloff 0
    nreloc 0
     flags 0x00000002
 reserved1 0
 reserved2 0
Section
  sectname __gcc_except_tab
   segname __TEXT
      addr 0x0000000000ad9a7c
      size 0x000000000004685c
    offset 11377276
     align 2^2 (4)
    reloff 0
    nreloc 0
     flags 0x00000000
 reserved1 0
 reserved2 0
Section
  sectname __unwind_info
   segname __TEXT
      addr 0x0000000000b202d8
      size 0x0000000000089d18
    offset 11666136
     align 2^2 (4)
    reloff 0
    nreloc 0
     flags 0x00000000
 reserved1 0
 reserved2 0
Section
  sectname __eh_frame
   segname __TEXT
      addr 0x0000000000ba9ff0
      size 0x0000000000211848
    offset 12230640
     align 2^3 (8)
    reloff 0
    nreloc 0
     flags 0x6800000b
 reserved1 0
 reserved2 0
Load command 1
      cmd LC_SEGMENT_64
  cmdsize 232
  segname __DATA_CONST
   vmaddr 0x0000000000dbc000
   vmsize 0x00000000001ac000
  fileoff 14401536
 filesize 1753088
  maxprot 0x00000003
 initprot 0x00000003
   nsects 2
    flags 0x10
Section
  sectname __got
   segname __DATA_CONST
      addr 0x0000000000dbc000
      size 0x0000000000000ac0
    offset 14401536
     align 2^3 (8)
    reloff 0
    nreloc 0
     flags 0x00000006
 reserved1 314 (index into indirect symbol table)
 reserved2 0
Section
  sectname __const
   segname __DATA_CONST
      addr 0x0000000000dbcac0
      size 0x00000000001aac10
    offset 14404288
     align 2^3 (8)
    reloff 0
    nreloc 0
     flags 0x00000000
 reserved1 0
 reserved2 0
Load command 2
      cmd LC_SEGMENT_64
  cmdsize 552
  segname __DATA
   vmaddr 0x0000000000f68000
   vmsize 0x0000000000014000
  fileoff 16154624
 filesize 16384
  maxprot 0x00000003
 initprot 0x00000003
   nsects 6
    flags 0x0
Section
  sectname __data
   segname __DATA
      addr 0x0000000000f68000
      size 0x0000000000000420
    offset 16154624
     align 2^3 (8)
    reloff 0
    nreloc 0
     flags 0x00000000
 reserved1 0
 reserved2 0
Section
  sectname __thread_vars
   segname __DATA
      addr 0x0000000000f68420
      size 0x0000000000000210
    offset 16155680
     align 2^3 (8)
    reloff 0
    nreloc 0
     flags 0x00000013
 reserved1 0
 reserved2 0
Section
  sectname __thread_data
   segname __DATA
      addr 0x0000000000f68630
      size 0x0000000000000001
    offset 16156208
     align 2^3 (8)
    reloff 0
    nreloc 0
     flags 0x00000011
 reserved1 0
 reserved2 0
Section
  sectname __thread_bss
   segname __DATA
      addr 0x0000000000f68638
      size 0x0000000000010118
    offset 0
     align 2^3 (8)
    reloff 0
    nreloc 0
     flags 0x00000012
 reserved1 0
 reserved2 0
Section
  sectname __common
   segname __DATA
      addr 0x0000000000f78750
      size 0x0000000000000290
    offset 0
     align 2^4 (16)
    reloff 0
    nreloc 0
     flags 0x00000001
 reserved1 0
 reserved2 0
Section
  sectname __bss
   segname __DATA
      addr 0x0000000000f789e0
      size 0x00000000000004c0
    offset 0
     align 2^4 (16)
    reloff 0
    nreloc 0
     flags 0x00000001
 reserved1 0
 reserved2 0
Load command 3
      cmd LC_SEGMENT_64
  cmdsize 72
  segname __LINKEDIT
   vmaddr 0x0000000000f7c000
   vmsize 0x0000000000ab4000
  fileoff 16171008
 filesize 11220784
  maxprot 0x00000001
 initprot 0x00000001
   nsects 0
    flags 0x0
Load command 4
          cmd LC_ID_DYLIB
      cmdsize 64
         name @rpath/liblibDaScriptDyn_runtime.dylib (offset 24)
   time stamp 1 Wed Dec 31 16:00:01 1969
      current version 0.0.0
compatibility version 0.0.0
Load command 5
      cmd LC_DYLD_CHAINED_FIXUPS
  cmdsize 16
  dataoff 16171008
 datasize 10896
Load command 6
      cmd LC_DYLD_EXPORTS_TRIE
  cmdsize 16
  dataoff 16181904
 datasize 120064
Load command 7
     cmd LC_SYMTAB
 cmdsize 24
  symoff 16404360
   nsyms 98164
  stroff 17977616
 strsize 9201672
Load command 8
            cmd LC_DYSYMTAB
        cmdsize 80
      ilocalsym 0
      nlocalsym 95283
     iextdefsym 95283
     nextdefsym 2526
      iundefsym 97809
      nundefsym 355
         tocoff 0
           ntoc 0
      modtaboff 0
        nmodtab 0
   extrefsymoff 0
    nextrefsyms 0
 indirectsymoff 17974984
  nindirectsyms 658
      extreloff 0
        nextrel 0
      locreloff 0
        nlocrel 0
Load command 9
     cmd LC_UUID
 cmdsize 24
    uuid 08D2E569-1726-38F7-8943-C9062D663EFD
Load command 10
      cmd LC_BUILD_VERSION
  cmdsize 32
 platform 1
    minos 26.0
      sdk 26.5
   ntools 1
     tool 3
  version 1267.0
Load command 11
      cmd LC_SOURCE_VERSION
  cmdsize 16
  version 0.0
Load command 12
          cmd LC_LOAD_DYLIB
      cmdsize 48
         name /usr/lib/libc++.1.dylib (offset 24)
   time stamp 2 Wed Dec 31 16:00:02 1969
      current version 2100.43.0
compatibility version 1.0.0
Load command 13
          cmd LC_LOAD_DYLIB
      cmdsize 56
         name /usr/lib/libSystem.B.dylib (offset 24)
   time stamp 2 Wed Dec 31 16:00:02 1969
      current version 1356.0.0
compatibility version 1.0.0
Load command 14
      cmd LC_FUNCTION_STARTS
  cmdsize 16
  dataoff 16301968
 datasize 102392
Load command 15
      cmd LC_DATA_IN_CODE
  cmdsize 16
  dataoff 16404360
 datasize 0
Load command 16
      cmd LC_CODE_SIGNATURE
  cmdsize 16
  dataoff 27179296
 datasize 212496

  ship: dasllama-bench.tune.json (tune sidecar)
  wrote: Contents/Info.plist (CFBundleIdentifier=com.daspkg.dasllama-bench)
Released to: modules/dasLLAMA/performance/_rig/dasllama-bench.app (603.5s)

--- daspkg ---
  [debug] $ rm -rf "modules/dasLLAMA/performance/_rig/dasllama-bench.app"
  [debug] $ "/Users/borisbatkin/Work/daScript/bin/daslang" -exe -output "modules/dasLLAMA/performance/_rig/dasllama-bench.app/Contents/MacOS/dasllama-bench" --list-shared-modules "/Users/borisbatkin/Work/daScript/_daspkg_release_deps_2.json" "/Users/borisbatkin/Work/daScript/modules/dasLLAMA/benchmarks/lcpp_bench.das"
  output: [I] LLVM EXE: targeting the current box (CPU + features) — the build carries [llvm_code] kernels
[I] LLVM EXE: NEED_MODULE(Module_BuiltIn) for `$`
[I] LLVM EXE: NEED_MODULE(Module_Strings) for `strings`
[I] LLVM EXE: NEED_MODULE(Module_FIO) for `fio_core`
[I] LLVM EXE: NEED_MODULE(Module_Math) for `math`
[I] LLVM EXE: NEED_MODULE(Module_Rtti) for `rtti_core`
[I] LLVM EXE: NEED_MODULE(Module_JobQue) for `jobque`
[I] LLVM EXE: NEED_MODULE(Module_Debugger) for `debugapi`
[I] LLVM EXE: NEED_MODULE(Module_DASBIND) for `dasbind`
[I] LLVM EXE: wrote release deps to /Users/borisbatkin/Work/daScript/_daspkg_release_deps_2.json (shared=4, das=8)
[I] LLVM EXE: NEED_MODULE(Module_FIO) for `fio_core`
[I] LLVM EXE: NEED_MODULE(Module_Rtti) for `rtti_core`
[I] LLVM EXE: NEED_MODULE(Module_JobQue) for `jobque`
[I] LLVM EXE: include dynamic module: `das_metal`
[I] LLVM EXE: include dynamic module: `vulkan`
[I] LLVM EXE: include dynamic module: `audio`
[I] LLVM EXE: include dynamic module: `das_accelerate`
[I] LLVM JIT: standalone exe entry point generated '_anon_7813693388109758024`main implementation', 5211 functions
[I] Library modules/dasLLAMA/performance/_rig/dasllama-bench.app/Contents/MacOS/dasllama-bench.exe linked - ok
dry run: /Users/borisbatkin/Work/daScript/modules/dasLLAMA/benchmarks/lcpp_bench.das

  build: standalone exe in 74.7s
  tune: scope `dasllama` inherited (--quick): noise=ok mode=normal sha=3ec014ab6 written=2026-08-03T08:27:08.436Z box=darwin|arm64|MacBookPro18,2|25F84|Apple M1 Max
  [debug] $ otool -l "modules/dasLLAMA/performance/_rig/dasllama-bench.app/Contents/MacOS/dasllama-bench"
  output: modules/dasLLAMA/performance/_rig/dasllama-bench.app/Contents/MacOS/dasllama-bench:
Load command 0
      cmd LC_SEGMENT_64
  cmdsize 72
  segname __PAGEZERO
   vmaddr 0x0000000000000000
   vmsize 0x0000000100000000
  fileoff 0
 filesize 0
  maxprot 0x00000000
 initprot 0x00000000
   nsects 0
    flags 0x0
Load command 1
      cmd LC_SEGMENT_64
  cmdsize 632
  segname __TEXT
   vmaddr 0x0000000100000000
   vmsize 0x000000000073c000
  fileoff 0
 filesize 7585792
  maxprot 0x00000005
 initprot 0x00000005
   nsects 7
    flags 0x0
Section
  sectname __text
   segname __TEXT
      addr 0x00000001000007a0
      size 0x00000000005f9de8
    offset 1952
     align 2^2 (4)
    reloff 0
    nreloc 0
     flags 0x80000400
 reserved1 0
 reserved2 0
Section
  sectname __stubs
   segname __TEXT
      addr 0x00000001005fa588
      size 0x0000000000000330
    offset 6268296
     align 2^2 (4)
    reloff 0
    nreloc 0
     flags 0x80000408
 reserved1 0 (index into indirect symbol table)
 reserved2 12 (size of stubs)
Section
  sectname __init_offsets
   segname __TEXT
      addr 0x00000001005fa8b8
      size 0x0000000000000008
    offset 6269112
     align 2^2 (4)
    reloff 0
    nreloc 0
     flags 0x00000016
 reserved1 0
 reserved2 0
Section
  sectname __const
   segname __TEXT
      addr 0x00000001005fa8c0
      size 0x0000000000048ad0
    offset 6269120
     align 2^4 (16)
    reloff 0
    nreloc 0
     flags 0x00000000
 reserved1 0
 reserved2 0
Section
  sectname __cstring
   segname __TEXT
      addr 0x0000000100643390
      size 0x00000000000d788c
    offset 6566800
     align 2^0 (1)
    reloff 0
    nreloc 0
     flags 0x00000002
 reserved1 0
 reserved2 0
Section
  sectname __unwind_info
   segname __TEXT
      addr 0x000000010071ac1c
      size 0x0000000000004c48
    offset 7449628
     align 2^2 (4)
    reloff 0
    nreloc 0
     flags 0x00000000
 reserved1 0
 reserved2 0
Section
  sectname __eh_frame
   segname __TEXT
      addr 0x000000010071f868
      size 0x0000000000019c20
    offset 7469160
     align 2^3 (8)
    reloff 0
    nreloc 0
     flags 0x6800000b
 reserved1 0
 reserved2 0
Load command 2
      cmd LC_SEGMENT_64
  cmdsize 232
  segname __DATA_CONST
   vmaddr 0x000000010073c000
   vmsize 0x0000000000004000
  fileoff 7585792
 filesize 16384
  maxprot 0x00000003
 initprot 0x00000003
   nsects 2
    flags 0x10
Section
  sectname __got
   segname __DATA_CONST
      addr 0x000000010073c000
      size 0x0000000000000220
    offset 7585792
     align 2^3 (8)
    reloff 0
    nreloc 0
     flags 0x00000006
 reserved1 68 (index into indirect symbol table)
 reserved2 0
Section
  sectname __const
   segname __DATA_CONST
      addr 0x000000010073c220
      size 0x0000000000000028
    offset 7586336
     align 2^3 (8)
    reloff 0
    nreloc 0
     flags 0x00000000
 reserved1 0
 reserved2 0
Load command 3
      cmd LC_SEGMENT_64
  cmdsize 232
  segname __DATA
   vmaddr 0x0000000100740000
   vmsize 0x00000000001d4000
  fileoff 7602176
 filesize 1900544
  maxprot 0x00000003
 initprot 0x00000003
   nsects 2
    flags 0x0
Section
  sectname __data
   segname __DATA
      addr 0x0000000100740000
      size 0x00000000001cced8
    offset 7602176
     align 2^4 (16)
    reloff 0
    nreloc 0
     flags 0x00000000
 reserved1 0
 reserved2 0
Section
  sectname __bss
   segname __DATA
      addr 0x000000010090cee0
      size 0x0000000000004708
    offset 0
     align 2^4 (16)
    reloff 0
    nreloc 0
     flags 0x00000001
 reserved1 0
 reserved2 0
Load command 4
      cmd LC_SEGMENT_64
  cmdsize 72
  segname __LINKEDIT
   vmaddr 0x0000000100914000
   vmsize 0x0000000000018000
  fileoff 9502720
 filesize 84960
  maxprot 0x00000001
 initprot 0x00000001
   nsects 0
    flags 0x0
Load command 5
      cmd LC_DYLD_CHAINED_FIXUPS
  cmdsize 16
  dataoff 9502720
 datasize 1952
Load command 6
      cmd LC_DYLD_EXPORTS_TRIE
  cmdsize 16
  dataoff 9504672
 datasize 360
Load command 7
     cmd LC_SYMTAB
 cmdsize 24
  symoff 9509712
   nsyms 80
  stroff 9511536
 strsize 1680
Load command 8
            cmd LC_DYSYMTAB
        cmdsize 80
      ilocalsym 0
      nlocalsym 0
     iextdefsym 0
     nextdefsym 12
      iundefsym 12
      nundefsym 68
         tocoff 0
           ntoc 0
      modtaboff 0
        nmodtab 0
   extrefsymoff 0
    nextrefsyms 0
 indirectsymoff 9510992
  nindirectsyms 136
      extreloff 0
        nextrel 0
      locreloff 0
        nlocrel 0
Load command 9
          cmd LC_LOAD_DYLINKER
      cmdsize 32
         name /usr/lib/dyld (offset 12)
Load command 10
     cmd LC_UUID
 cmdsize 24
    uuid E0849048-3388-3678-8648-598D09F1E597
Load command 11
      cmd LC_BUILD_VERSION
  cmdsize 32
 platform 1
    minos 26.0
      sdk 26.5
   ntools 1
     tool 3
  version 1267.0
Load command 12
      cmd LC_SOURCE_VERSION
  cmdsize 16
  version 0.0
Load command 13
       cmd LC_MAIN
   cmdsize 24
  entryoff 5587928
 stacksize 0
Load command 14
          cmd LC_LOAD_DYLIB
      cmdsize 64
         name @rpath/liblibDaScriptDyn_runtime.dylib (offset 24)
   time stamp 2 Wed Dec 31 16:00:02 1969
      current version 0.0.0
compatibility version 0.0.0
Load command 15
          cmd LC_LOAD_DYLIB
      cmdsize 56
         name @rpath/liblibDaScriptDyn.dylib (offset 24)
   time stamp 2 Wed Dec 31 16:00:02 1969
      current version 0.0.0
compatibility version 0.0.0
Load command 16
          cmd LC_LOAD_DYLIB
      cmdsize 48
         name /usr/lib/libc++.1.dylib (offset 24)
   time stamp 2 Wed Dec 31 16:00:02 1969
      current version 2100.43.0
compatibility version 1.0.0
Load command 17
          cmd LC_LOAD_DYLIB
      cmdsize 56
         name /usr/lib/libSystem.B.dylib (offset 24)
   time stamp 2 Wed Dec 31 16:00:02 1969
      current version 1356.0.0
compatibility version 1.0.0
Load command 18
          cmd LC_RPATH
      cmdsize 32
         path @executable_path (offset 12)
Load command 19
          cmd LC_RPATH
      cmdsize 56
         path /Users/borisbatkin/Work/daScript/lib (offset 12)
Load command 20
      cmd LC_FUNCTION_STARTS
  cmdsize 16
  dataoff 9505032
 datasize 4680
Load command 21
      cmd LC_DATA_IN_CODE
  cmdsize 16
  dataoff 9509712
 datasize 0
Load command 22
      cmd LC_CODE_SIGNATURE
  cmdsize 16
  dataoff 9513216
 datasize 74464

  [debug] $ install_name_tool -delete_rpath "/Users/borisbatkin/Work/daScript/lib" "modules/dasLLAMA/performance/_rig/dasllama-bench.app/Contents/MacOS/dasllama-bench"
  ship: modules/dasMetal/dasModuleMetal.shared_module
  [debug] $ otool -D "modules/dasLLAMA/performance/_rig/dasllama-bench.app/Contents/MacOS/modules/dasMetal/dasModuleMetal.shared_module"
  output: modules/dasLLAMA/performance/_rig/dasllama-bench.app/Contents/MacOS/modules/dasMetal/dasModuleMetal.shared_module:
@rpath/dasModuleMetal.shared_module

  [debug] $ otool -l "modules/dasLLAMA/performance/_rig/dasllama-bench.app/Contents/MacOS/modules/dasMetal/dasModuleMetal.shared_module"
  output: modules/dasLLAMA/performance/_rig/dasllama-bench.app/Contents/MacOS/modules/dasMetal/dasModuleMetal.shared_module:
Load command 0
      cmd LC_SEGMENT_64
  cmdsize 792
  segname __TEXT
   vmaddr 0x0000000000000000
   vmsize 0x0000000000020000
  fileoff 0
 filesize 131072
  maxprot 0x00000005
 initprot 0x00000005
   nsects 9
    flags 0x0
Section
  sectname __text
   segname __TEXT
      addr 0x0000000000002e38
      size 0x0000000000017390
    offset 11832
     align 2^2 (4)
    reloff 0
    nreloc 0
     flags 0x80000400
 reserved1 0
 reserved2 0
Section
  sectname __stubs
   segname __TEXT
      addr 0x000000000001a1c8
      size 0x0000000000000330
    offset 106952
     align 2^2 (4)
    reloff 0
    nreloc 0
     flags 0x80000408
 reserved1 0 (index into indirect symbol table)
 reserved2 12 (size of stubs)
Section
  sectname __objc_stubs
   segname __TEXT
      addr 0x000000000001a500
      size 0x00000000000005a0
    offset 107776
     align 2^5 (32)
    reloff 0
    nreloc 0
     flags 0x80000400
 reserved1 0
 reserved2 0
Section
  sectname __init_offsets
   segname __TEXT
      addr 0x000000000001aaa0
      size 0x0000000000000018
    offset 109216
     align 2^2 (4)
    reloff 0
    nreloc 0
     flags 0x00000016
 reserved1 0
 reserved2 0
Section
  sectname __gcc_except_tab
   segname __TEXT
      addr 0x000000000001aab8
      size 0x00000000000011cc
    offset 109240
     align 2^2 (4)
    reloff 0
    nreloc 0
     flags 0x00000000
 reserved1 0
 reserved2 0
Section
  sectname __cstring
   segname __TEXT
      addr 0x000000000001bc84
      size 0x000000000000155c
    offset 113796
     align 2^0 (1)
    reloff 0
    nreloc 0
     flags 0x00000002
 reserved1 0
 reserved2 0
Section
  sectname __const
   segname __TEXT
      addr 0x000000000001d1e0
      size 0x0000000000000055
    offset 119264
     align 2^0 (1)
    reloff 0
    nreloc 0
     flags 0x00000000
 reserved1 0
 reserved2 0
Section
  sectname __objc_methname
   segname __TEXT
      addr 0x000000000001d235
      size 0x00000000000003cb
    offset 119349
     align 2^0 (1)
    reloff 0
    nreloc 0
     flags 0x00000002
 reserved1 0
 reserved2 0
Section
  sectname __unwind_info
   segname __TEXT
      addr 0x000000000001d600
      size 0x0000000000000d50
    offset 120320
     align 2^2 (4)
    reloff 0
    nreloc 0
     flags 0x00000000
 reserved1 0
 reserved2 0
Load command 1
      cmd LC_SEGMENT_64
  cmdsize 392
  segname __DATA_CONST
   vmaddr 0x0000000000020000
   vmsize 0x0000000000008000
  fileoff 131072
 filesize 32768
  maxprot 0x00000003
 initprot 0x00000003
   nsects 4
    flags 0x10
Section
  sectname __got
   segname __DATA_CONST
      addr 0x0000000000020000
      size 0x00000000000002e0
    offset 131072
     align 2^3 (8)
    reloff 0
    nreloc 0
     flags 0x00000006
 reserved1 68 (index into indirect symbol table)
 reserved2 0
Section
  sectname __const
   segname __DATA_CONST
      addr 0x00000000000202e0
      size 0x0000000000003d68
    offset 131808
     align 2^3 (8)
    reloff 0
    nreloc 0
     flags 0x00000000
 reserved1 0
 reserved2 0
Section
  sectname __cfstring
   segname __DATA_CONST
      addr 0x0000000000024048
      size 0x0000000000000020
    offset 147528
     align 2^3 (8)
    reloff 0
    nreloc 0
     flags 0x00000000
 reserved1 0
 reserved2 0
Section
  sectname __objc_imageinfo
   segname __DATA_CONST
      addr 0x0000000000024068
      size 0x0000000000000008
    offset 147560
     align 2^2 (4)
    reloff 0
    nreloc 0
     flags 0x00000000
 reserved1 0
 reserved2 0
Load command 2
      cmd LC_SEGMENT_64
  cmdsize 312
  segname __DATA
   vmaddr 0x0000000000028000
   vmsize 0x0000000000004000
  fileoff 163840
 filesize 16384
  maxprot 0x00000003
 initprot 0x00000003
   nsects 3
    flags 0x0
Section
  sectname __objc_selrefs
   segname __DATA
      addr 0x0000000000028000
      size 0x0000000000000168
    offset 163840
     align 2^3 (8)
    reloff 0
    nreloc 0
     flags 0x10000005
 reserved1 0
 reserved2 0
Section
  sectname __data
   segname __DATA
      addr 0x0000000000028168
      size 0x00000000000000b8
    offset 164200
     align 2^3 (8)
    reloff 0
    nreloc 0
     flags 0x00000000
 reserved1 0
 reserved2 0
Section
  sectname __bss
   segname __DATA
      addr 0x0000000000028220
      size 0x0000000000000038
    offset 0
     align 2^3 (8)
    reloff 0
    nreloc 0
     flags 0x00000001
 reserved1 0
 reserved2 0
Load command 3
      cmd LC_SEGMENT_64
  cmdsize 72
  segname __LINKEDIT
   vmaddr 0x000000000002c000
   vmsize 0x0000000000040000
  fileoff 180224
 filesize 248960
  maxprot 0x00000001
 initprot 0x00000001
   nsects 0
    flags 0x0
Load command 4
          cmd LC_ID_DYLIB
      cmdsize 64
         name @rpath/dasModuleMetal.shared_module (offset 24)
   time stamp 1 Wed Dec 31 16:00:01 1969
      current version 0.0.0
compatibility version 0.0.0
Load command 5
      cmd LC_DYLD_CHAINED_FIXUPS
  cmdsize 16
  dataoff 180224
 datasize 4288
Load command 6
      cmd LC_DYLD_EXPORTS_TRIE
  cmdsize 16
  dataoff 184512
 datasize 5120
Load command 7
     cmd LC_SYMTAB
 cmdsize 24
  symoff 191040
   nsyms 1562
  stroff 216672
 strsize 209032
Load command 8
            cmd LC_DYSYMTAB
        cmdsize 80
      ilocalsym 0
      nlocalsym 1404
     iextdefsym 1404
     nextdefsym 69
      iundefsym 1473
      nundefsym 89
         tocoff 0
           ntoc 0
      modtaboff 0
        nmodtab 0
   extrefsymoff 0
    nextrefsyms 0
 indirectsymoff 216032
  nindirectsyms 160
      extreloff 0
        nextrel 0
      locreloff 0
        nlocrel 0
Load command 9
     cmd LC_UUID
 cmdsize 24
    uuid D5D8CC72-AF9B-3348-8E39-EF91C367C620
Load command 10
      cmd LC_BUILD_VERSION
  cmdsize 32
 platform 1
    minos 26.0
      sdk 26.5
   ntools 1
     tool 3
  version 1267.0
Load command 11
      cmd LC_SOURCE_VERSION
  cmdsize 16
  version 0.0
Load command 12
          cmd LC_LOAD_DYLIB
      cmdsize 56
         name @rpath/liblibDaScriptDyn.dylib (offset 24)
   time stamp 2 Wed Dec 31 16:00:02 1969
      current version 0.0.0
compatibility version 0.0.0
Load command 13
          cmd LC_LOAD_DYLIB
      cmdsize 88
         name /System/Library/Frameworks/Metal.framework/Versions/A/Metal (offset 24)
   time stamp 2 Wed Dec 31 16:00:02 1969
      current version 373.2.0
compatibility version 1.0.0
Load command 14
          cmd LC_LOAD_DYLIB
      cmdsize 96
         name /System/Library/Frameworks/Foundation.framework/Versions/C/Foundation (offset 24)
   time stamp 2 Wed Dec 31 16:00:02 1969
      current version 5026.5.4
compatibility version 300.0.0
Load command 15
          cmd LC_LOAD_DYLIB
      cmdsize 64
         name @rpath/liblibDaScriptDyn_runtime.dylib (offset 24)
   time stamp 2 Wed Dec 31 16:00:02 1969
      current version 0.0.0
compatibility version 0.0.0
Load command 16
          cmd LC_LOAD_DYLIB
      cmdsize 48
         name /usr/lib/libc++.1.dylib (offset 24)
   time stamp 2 Wed Dec 31 16:00:02 1969
      current version 2100.43.0
compatibility version 1.0.0
Load command 17
          cmd LC_LOAD_DYLIB
      cmdsize 56
         name /usr/lib/libSystem.B.dylib (offset 24)
   time stamp 2 Wed Dec 31 16:00:02 1969
      current version 1356.0.0
compatibility version 1.0.0
Load command 18
          cmd LC_LOAD_DYLIB
      cmdsize 104
         name /System/Library/Frameworks/CoreFoundation.framework/Versions/A/CoreFoundation (offset 24)
   time stamp 2 Wed Dec 31 16:00:02 1969
      current version 5026.5.4
compatibility version 150.0.0
Load command 19
          cmd LC_LOAD_DYLIB
      cmdsize 56
         name /usr/lib/libobjc.A.dylib (offset 24)
   time stamp 2 Wed Dec 31 16:00:02 1969
      current version 228.0.0
compatibility version 1.0.0
Load command 20
          cmd LC_RPATH
      cmdsize 32
         path @loader_path (offset 12)
Load command 21
          cmd LC_RPATH
      cmdsize 56
         path /Users/borisbatkin/Work/daScript/lib (offset 12)
Load command 22
      cmd LC_FUNCTION_STARTS
  cmdsize 16
  dataoff 189632
 datasize 1408
Load command 23
      cmd LC_DATA_IN_CODE
  cmdsize 16
  dataoff 191040
 datasize 0
Load command 24
      cmd LC_CODE_SIGNATURE
  cmdsize 16
  dataoff 425712
 datasize 3472

  [debug] $ install_name_tool -delete_rpath "/Users/borisbatkin/Work/daScript/lib" "modules/dasLLAMA/performance/_rig/dasllama-bench.app/Contents/MacOS/modules/dasMetal/dasModuleMetal.shared_module"
  ship: modules/dasAccelerate/dasModuleAccelerate.shared_module
  [debug] $ otool -D "modules/dasLLAMA/performance/_rig/dasllama-bench.app/Contents/MacOS/modules/dasAccelerate/dasModuleAccelerate.shared_module"
  output: modules/dasLLAMA/performance/_rig/dasllama-bench.app/Contents/MacOS/modules/dasAccelerate/dasModuleAccelerate.shared_module:
@rpath/dasModuleAccelerate.shared_module

  [debug] $ otool -l "modules/dasLLAMA/performance/_rig/dasllama-bench.app/Contents/MacOS/modules/dasAccelerate/dasModuleAccelerate.shared_module"
  output: modules/dasLLAMA/performance/_rig/dasllama-bench.app/Contents/MacOS/modules/dasAccelerate/dasModuleAccelerate.shared_module:
Load command 0
      cmd LC_SEGMENT_64
  cmdsize 712
  segname __TEXT
   vmaddr 0x0000000000000000
   vmsize 0x0000000000008000
  fileoff 0
 filesize 32768
  maxprot 0x00000005
 initprot 0x00000005
   nsects 8
    flags 0x0
Section
  sectname __text
   segname __TEXT
      addr 0x0000000000002050
      size 0x0000000000002aac
    offset 8272
     align 2^2 (4)
    reloff 0
    nreloc 0
     flags 0x80000400
 reserved1 0
 reserved2 0
Section
  sectname __stubs
   segname __TEXT
      addr 0x0000000000004afc
      size 0x0000000000000210
    offset 19196
     align 2^2 (4)
    reloff 0
    nreloc 0
     flags 0x80000408
 reserved1 0 (index into indirect symbol table)
 reserved2 12 (size of stubs)
Section
  sectname __init_offsets
   segname __TEXT
      addr 0x0000000000004d0c
      size 0x0000000000000018
    offset 19724
     align 2^2 (4)
    reloff 0
    nreloc 0
     flags 0x00000016
 reserved1 0
 reserved2 0
Section
  sectname __const
   segname __TEXT
      addr 0x0000000000004d24
      size 0x000000000000002e
    offset 19748
     align 2^0 (1)
    reloff 0
    nreloc 0
     flags 0x00000000
 reserved1 0
 reserved2 0
Section
  sectname __gcc_except_tab
   segname __TEXT
      addr 0x0000000000004d54
      size 0x000000000000019c
    offset 19796
     align 2^2 (4)
    reloff 0
    nreloc 0
     flags 0x00000000
 reserved1 0
 reserved2 0
Section
  sectname __cstring
   segname __TEXT
      addr 0x0000000000004ef0
      size 0x00000000000001df
    offset 20208
     align 2^0 (1)
    reloff 0
    nreloc 0
     flags 0x00000002
 reserved1 0
 reserved2 0
Section
  sectname __unwind_info
   segname __TEXT
      addr 0x00000000000050d0
      size 0x00000000000003e8
    offset 20688
     align 2^2 (4)
    reloff 0
    nreloc 0
     flags 0x00000000
 reserved1 0
 reserved2 0
Section
  sectname __eh_frame
   segname __TEXT
      addr 0x00000000000054b8
      size 0x0000000000000eb0
    offset 21688
     align 2^3 (8)
    reloff 0
    nreloc 0
     flags 0x6800000b
 reserved1 0
 reserved2 0
Load command 1
      cmd LC_SEGMENT_64
  cmdsize 232
  segname __DATA_CONST
   vmaddr 0x0000000000008000
   vmsize 0x0000000000004000
  fileoff 32768
 filesize 16384
  maxprot 0x00000003
 initprot 0x00000003
   nsects 2
    flags 0x10
Section
  sectname __got
   segname __DATA_CONST
      addr 0x0000000000008000
      size 0x0000000000000190
    offset 32768
     align 2^3 (8)
    reloff 0
    nreloc 0
     flags 0x00000006
 reserved1 44 (index into indirect symbol table)
 reserved2 0
Section
  sectname __const
   segname __DATA_CONST
      addr 0x0000000000008190
      size 0x0000000000000580
    offset 33168
     align 2^3 (8)
    reloff 0
    nreloc 0
     flags 0x00000000
 reserved1 0
 reserved2 0
Load command 2
      cmd LC_SEGMENT_64
  cmdsize 312
  segname __DATA
   vmaddr 0x000000000000c000
   vmsize 0x0000000000004000
  fileoff 49152
 filesize 16384
  maxprot 0x00000003
 initprot 0x00000003
   nsects 3
    flags 0x0
Section
  sectname __thread_vars
   segname __DATA
      addr 0x000000000000c000
      size 0x0000000000000018
    offset 49152
     align 2^3 (8)
    reloff 0
    nreloc 0
     flags 0x00000013
 reserved1 0
 reserved2 0
Section
  sectname __thread_bss
   segname __DATA
      addr 0x000000000000c018
      size 0x0000000000000001
    offset 0
     align 2^0 (1)
    reloff 0
    nreloc 0
     flags 0x00000012
 reserved1 0
 reserved2 0
Section
  sectname __bss
   segname __DATA
      addr 0x000000000000c020
      size 0x0000000000000088
    offset 0
     align 2^3 (8)
    reloff 0
    nreloc 0
     flags 0x00000001
 reserved1 0
 reserved2 0
Load command 3
      cmd LC_SEGMENT_64
  cmdsize 72
  segname __LINKEDIT
   vmaddr 0x0000000000010000
   vmsize 0x0000000000008000
  fileoff 65536
 filesize 20832
  maxprot 0x00000001
 initprot 0x00000001
   nsects 0
    flags 0x0
Load command 4
          cmd LC_ID_DYLIB
      cmdsize 72
         name @rpath/dasModuleAccelerate.shared_module (offset 24)
   time stamp 1 Wed Dec 31 16:00:01 1969
      current version 0.0.0
compatibility version 0.0.0
Load command 5
      cmd LC_DYLD_CHAINED_FIXUPS
  cmdsize 16
  dataoff 65536
 datasize 2144
Load command 6
      cmd LC_DYLD_EXPORTS_TRIE
  cmdsize 16
  dataoff 67680
 datasize 128
Load command 7
     cmd LC_SYMTAB
 cmdsize 24
  symoff 67968
   nsyms 216
  stroff 71800
 strsize 13752
Load command 8
            cmd LC_DYSYMTAB
        cmdsize 80
      ilocalsym 0
      nlocalsym 155
     iextdefsym 155
     nextdefsym 3
      iundefsym 158
      nundefsym 58
         tocoff 0
           ntoc 0
      modtaboff 0
        nmodtab 0
   extrefsymoff 0
    nextrefsyms 0
 indirectsymoff 71424
  nindirectsyms 94
      extreloff 0
        nextrel 0
      locreloff 0
        nlocrel 0
Load command 9
     cmd LC_UUID
 cmdsize 24
    uuid 22EA539F-384B-3A3A-A5C2-ACDA255770A5
Load command 10
      cmd LC_BUILD_VERSION
  cmdsize 32
 platform 1
    minos 26.0
      sdk 26.5
   ntools 1
     tool 3
  version 1267.0
Load command 11
      cmd LC_SOURCE_VERSION
  cmdsize 16
  version 0.0
Load command 12
          cmd LC_LOAD_DYLIB
      cmdsize 56
         name @rpath/liblibDaScriptDyn.dylib (offset 24)
   time stamp 2 Wed Dec 31 16:00:02 1969
      current version 0.0.0
compatibility version 0.0.0
Load command 13
          cmd LC_LOAD_DYLIB
      cmdsize 96
         name /System/Library/Frameworks/Accelerate.framework/Versions/A/Accelerate (offset 24)
   time stamp 2 Wed Dec 31 16:00:02 1969
      current version 4.0.0
compatibility version 1.0.0
Load command 14
          cmd LC_LOAD_DYLIB
      cmdsize 64
         name @rpath/liblibDaScriptDyn_runtime.dylib (offset 24)
   time stamp 2 Wed Dec 31 16:00:02 1969
      current version 0.0.0
compatibility version 0.0.0
Load command 15
          cmd LC_LOAD_DYLIB
      cmdsize 48
         name /usr/lib/libc++.1.dylib (offset 24)
   time stamp 2 Wed Dec 31 16:00:02 1969
      current version 2100.43.0
compatibility version 1.0.0
Load command 16
          cmd LC_LOAD_DYLIB
      cmdsize 56
         name /usr/lib/libSystem.B.dylib (offset 24)
   time stamp 2 Wed Dec 31 16:00:02 1969
      current version 1356.0.0
compatibility version 1.0.0
Load command 17
          cmd LC_RPATH
      cmdsize 32
         path @loader_path (offset 12)
Load command 18
          cmd LC_RPATH
      cmdsize 56
         path /Users/borisbatkin/Work/daScript/lib (offset 12)
Load command 19
      cmd LC_FUNCTION_STARTS
  cmdsize 16
  dataoff 67808
 datasize 160
Load command 20
      cmd LC_DATA_IN_CODE
  cmdsize 16
  dataoff 67968
 datasize 0
Load command 21
      cmd LC_CODE_SIGNATURE
  cmdsize 16
  dataoff 85552
 datasize 816

  [debug] $ install_name_tool -delete_rpath "/Users/borisbatkin/Work/daScript/lib" "modules/dasLLAMA/performance/_rig/dasllama-bench.app/Contents/MacOS/modules/dasAccelerate/dasModuleAccelerate.shared_module"
  ship: modules/dasVulkan/dasModuleVulkan.shared_module
  [debug] $ otool -D "modules/dasLLAMA/performance/_rig/dasllama-bench.app/Contents/MacOS/modules/dasVulkan/dasModuleVulkan.shared_module"
  output: modules/dasLLAMA/performance/_rig/dasllama-bench.app/Contents/MacOS/modules/dasVulkan/dasModuleVulkan.shared_module:
@rpath/dasModuleVulkan.shared_module

  [debug] $ otool -l "modules/dasLLAMA/performance/_rig/dasllama-bench.app/Contents/MacOS/modules/dasVulkan/dasModuleVulkan.shared_module"
  output: modules/dasLLAMA/performance/_rig/dasllama-bench.app/Contents/MacOS/modules/dasVulkan/dasModuleVulkan.shared_module:
Load command 0
      cmd LC_SEGMENT_64
  cmdsize 792
  segname __TEXT
   vmaddr 0x0000000000000000
   vmsize 0x000000000063c000
  fileoff 0
 filesize 6537216
  maxprot 0x00000005
 initprot 0x00000005
   nsects 9
    flags 0x0
Section
  sectname __text
   segname __TEXT
      addr 0x00000000000029a8
      size 0x000000000057a08c
    offset 10664
     align 2^2 (4)
    reloff 0
    nreloc 0
     flags 0x80000400
 reserved1 0
 reserved2 0
Section
  sectname __stubs
   segname __TEXT
      addr 0x000000000057ca34
      size 0x000000000000033c
    offset 5753396
     align 2^2 (4)
    reloff 0
    nreloc 0
     flags 0x80000408
 reserved1 0 (index into indirect symbol table)
 reserved2 12 (size of stubs)
Section
  sectname __objc_stubs
   segname __TEXT
      addr 0x000000000057cd80
      size 0x00000000000000c0
    offset 5754240
     align 2^5 (32)
    reloff 0
    nreloc 0
     flags 0x80000400
 reserved1 0
 reserved2 0
Section
  sectname __init_offsets
   segname __TEXT
      addr 0x000000000057ce40
      size 0x0000000000000540
    offset 5754432
     align 2^2 (4)
    reloff 0
    nreloc 0
     flags 0x00000016
 reserved1 0
 reserved2 0
Section
  sectname __gcc_except_tab
   segname __TEXT
      addr 0x000000000057d380
      size 0x0000000000051008
    offset 5755776
     align 2^2 (4)
    reloff 0
    nreloc 0
     flags 0x00000000
 reserved1 0
 reserved2 0
Section
  sectname __cstring
   segname __TEXT
      addr 0x00000000005ce388
      size 0x0000000000045b5e
    offset 6087560
     align 2^0 (1)
    reloff 0
    nreloc 0
     flags 0x00000002
 reserved1 0
 reserved2 0
Section
  sectname __const
   segname __TEXT
      addr 0x0000000000613ef0
      size 0x0000000000000380
    offset 6373104
     align 2^4 (16)
    reloff 0
    nreloc 0
     flags 0x00000000
 reserved1 0
 reserved2 0
Section
  sectname __objc_methname
   segname __TEXT
      addr 0x0000000000614270
      size 0x0000000000000050
    offset 6374000
     align 2^0 (1)
    reloff 0
    nreloc 0
     flags 0x00000002
 reserved1 0
 reserved2 0
Section
  sectname __unwind_info
   segname __TEXT
      addr 0x00000000006142c0
      size 0x0000000000025de0
    offset 6374080
     align 2^2 (4)
    reloff 0
    nreloc 0
     flags 0x00000000
 reserved1 0
 reserved2 0
Load command 1
      cmd LC_SEGMENT_64
  cmdsize 312
  segname __DATA_CONST
   vmaddr 0x000000000063c000
   vmsize 0x0000000000254000
  fileoff 6537216
 filesize 2441216
  maxprot 0x00000003
 initprot 0x00000003
   nsects 3
    flags 0x10
Section
  sectname __got
   segname __DATA_CONST
      addr 0x000000000063c000
      size 0x00000000000078e8
    offset 6537216
     align 2^3 (8)
    reloff 0
    nreloc 0
     flags 0x00000006
 reserved1 69 (index into indirect symbol table)
 reserved2 0
Section
  sectname __const
   segname __DATA_CONST
      addr 0x00000000006438e8
      size 0x000000000024b998
    offset 6568168
     align 2^3 (8)
    reloff 0
    nreloc 0
     flags 0x00000000
 reserved1 0
 reserved2 0
Section
  sectname __objc_imageinfo
   segname __DATA_CONST
      addr 0x000000000088f280
      size 0x0000000000000008
    offset 8974976
     align 2^2 (4)
    reloff 0
    nreloc 0
     flags 0x00000000
 reserved1 0
 reserved2 0
Load command 2
      cmd LC_SEGMENT_64
  cmdsize 392
  segname __DATA
   vmaddr 0x0000000000890000
   vmsize 0x0000000000004000
  fileoff 8978432
 filesize 16384
  maxprot 0x00000003
 initprot 0x00000003
   nsects 4
    flags 0x0
Section
  sectname __objc_selrefs
   segname __DATA
      addr 0x0000000000890000
      size 0x0000000000000030
    offset 8978432
     align 2^3 (8)
    reloff 0
    nreloc 0
     flags 0x10000005
 reserved1 0
 reserved2 0
Section
  sectname __data
   segname __DATA
      addr 0x0000000000890030
      size 0x0000000000000084
    offset 8978480
     align 2^3 (8)
    reloff 0
    nreloc 0
     flags 0x00000000
 reserved1 0
 reserved2 0
Section
  sectname __bss
   segname __DATA
      addr 0x00000000008900b8
      size 0x0000000000002768
    offset 0
     align 2^3 (8)
    reloff 0
    nreloc 0
     flags 0x00000001
 reserved1 0
 reserved2 0
Section
  sectname __common
   segname __DATA
      addr 0x0000000000892820
      size 0x00000000000017b8
    offset 0
     align 2^3 (8)
    reloff 0
    nreloc 0
     flags 0x00000001
 reserved1 0
 reserved2 0
Load command 3
      cmd LC_SEGMENT_64
  cmdsize 72
  segname __LINKEDIT
   vmaddr 0x0000000000894000
   vmsize 0x0000000000a38000
  fileoff 8994816
 filesize 10702768
  maxprot 0x00000001
 initprot 0x00000001
   nsects 0
    flags 0x0
Load command 4
          cmd LC_ID_DYLIB
      cmdsize 64
         name @rpath/dasModuleVulkan.shared_module (offset 24)
   time stamp 1 Wed Dec 31 16:00:01 1969
      current version 0.0.0
compatibility version 0.0.0
Load command 5
      cmd LC_DYLD_CHAINED_FIXUPS
  cmdsize 16
  dataoff 8994816
 datasize 373376
Load command 6
      cmd LC_DYLD_EXPORTS_TRIE
  cmdsize 16
  dataoff 9368192
 datasize 298200
Load command 7
     cmd LC_SYMTAB
 cmdsize 24
  symoff 9714448
   nsyms 87302
  stroff 11127032
 strsize 8417704
Load command 8
            cmd LC_DYSYMTAB
        cmdsize 80
      ilocalsym 0
      nlocalsym 81831
     iextdefsym 81831
     nextdefsym 5355
      iundefsym 87186
      nundefsym 116
         tocoff 0
           ntoc 0
      modtaboff 0
        nmodtab 0
   extrefsymoff 0
    nextrefsyms 0
 indirectsymoff 11111280
  nindirectsyms 3938
      extreloff 0
        nextrel 0
      locreloff 0
        nlocrel 0
Load command 9
     cmd LC_UUID
 cmdsize 24
    uuid E688F20A-444F-3205-9BFC-7F0205EEC84B
Load command 10
      cmd LC_BUILD_VERSION
  cmdsize 32
 platform 1
    minos 26.0
      sdk 26.5
   ntools 1
     tool 3
  version 1267.0
Load command 11
      cmd LC_SOURCE_VERSION
  cmdsize 16
  version 0.0
Load command 12
          cmd LC_LOAD_DYLIB
      cmdsize 56
         name @rpath/liblibDaScriptDyn.dylib (offset 24)
   time stamp 2 Wed Dec 31 16:00:02 1969
      current version 0.0.0
compatibility version 0.0.0
Load command 13
          cmd LC_LOAD_DYLIB
      cmdsize 64
         name @rpath/liblibDaScriptDyn_runtime.dylib (offset 24)
   time stamp 2 Wed Dec 31 16:00:02 1969
      current version 0.0.0
compatibility version 0.0.0
Load command 14
          cmd LC_LOAD_DYLIB
      cmdsize 88
         name /System/Library/Frameworks/Cocoa.framework/Versions/A/Cocoa (offset 24)
   time stamp 2 Wed Dec 31 16:00:02 1969
      current version 24.0.0
compatibility version 1.0.0
Load command 15
          cmd LC_LOAD_DYLIB
      cmdsize 96
         name /System/Library/Frameworks/QuartzCore.framework/Versions/A/QuartzCore (offset 24)
   time stamp 2 Wed Dec 31 16:00:02 1969
      current version 1195.14.4
compatibility version 1.2.0
Load command 16
          cmd LC_LOAD_DYLIB
      cmdsize 48
         name /usr/lib/libc++.1.dylib (offset 24)
   time stamp 2 Wed Dec 31 16:00:02 1969
      current version 2100.43.0
compatibility version 1.0.0
Load command 17
          cmd LC_LOAD_DYLIB
      cmdsize 56
         name /usr/lib/libSystem.B.dylib (offset 24)
   time stamp 2 Wed Dec 31 16:00:02 1969
      current version 1356.0.0
compatibility version 1.0.0
Load command 18
          cmd LC_LOAD_DYLIB
      cmdsize 56
         name /usr/lib/libobjc.A.dylib (offset 24)
   time stamp 2 Wed Dec 31 16:00:02 1969
      current version 228.0.0
compatibility version 1.0.0
Load command 19
          cmd LC_RPATH
      cmdsize 56
         path /Users/borisbatkin/Work/daScript/lib (offset 12)
Load command 20
      cmd LC_FUNCTION_STARTS
  cmdsize 16
  dataoff 9666392
 datasize 48056
Load command 21
      cmd LC_DATA_IN_CODE
  cmdsize 16
  dataoff 9714448
 datasize 0
Load command 22
      cmd LC_CODE_SIGNATURE
  cmdsize 16
  dataoff 19544736
 datasize 152848

  [debug] $ install_name_tool -delete_rpath "/Users/borisbatkin/Work/daScript/lib" "modules/dasLLAMA/performance/_rig/dasllama-bench.app/Contents/MacOS/modules/dasVulkan/dasModuleVulkan.shared_module"
  ship: modules/dasAudio/dasModuleAudio.shared_module
  [debug] $ otool -D "modules/dasLLAMA/performance/_rig/dasllama-bench.app/Contents/MacOS/modules/dasAudio/dasModuleAudio.shared_module"
  output: modules/dasLLAMA/performance/_rig/dasllama-bench.app/Contents/MacOS/modules/dasAudio/dasModuleAudio.shared_module:
@rpath/dasModuleAudio.shared_module

  [debug] $ otool -l "modules/dasLLAMA/performance/_rig/dasllama-bench.app/Contents/MacOS/modules/dasAudio/dasModuleAudio.shared_module"
  output: modules/dasLLAMA/performance/_rig/dasllama-bench.app/Contents/MacOS/modules/dasAudio/dasModuleAudio.shared_module:
Load command 0
      cmd LC_SEGMENT_64
  cmdsize 712
  segname __TEXT
   vmaddr 0x0000000000000000
   vmsize 0x00000000001c4000
  fileoff 0
 filesize 1851392
  maxprot 0x00000005
 initprot 0x00000005
   nsects 8
    flags 0x0
Section
  sectname __text
   segname __TEXT
      addr 0x00000000000028c8
      size 0x0000000000091dd4
    offset 10440
     align 2^2 (4)
    reloff 0
    nreloc 0
     flags 0x80000400
 reserved1 0
 reserved2 0
Section
  sectname __stubs
   segname __TEXT
      addr 0x000000000009469c
      size 0x0000000000000654
    offset 607900
     align 2^2 (4)
    reloff 0
    nreloc 0
     flags 0x80000408
 reserved1 0 (index into indirect symbol table)
 reserved2 12 (size of stubs)
Section
  sectname __init_offsets
   segname __TEXT
      addr 0x0000000000094cf0
      size 0x0000000000000018
    offset 609520
     align 2^2 (4)
    reloff 0
    nreloc 0
     flags 0x00000016
 reserved1 0
 reserved2 0
Section
  sectname __const
   segname __TEXT
      addr 0x0000000000094d10
      size 0x000000000010e400
    offset 609552
     align 2^4 (16)
    reloff 0
    nreloc 0
     flags 0x00000000
 reserved1 0
 reserved2 0
Section
  sectname __gcc_except_tab
   segname __TEXT
      addr 0x00000000001a3110
      size 0x0000000000002a1c
    offset 1716496
     align 2^2 (4)
    reloff 0
    nreloc 0
     flags 0x00000000
 reserved1 0
 reserved2 0
Section
  sectname __cstring
   segname __TEXT
      addr 0x00000000001a5b2c
      size 0x0000000000002d80
    offset 1727276
     align 2^0 (1)
    reloff 0
    nreloc 0
     flags 0x00000002
 reserved1 0
 reserved2 0
Section
  sectname __unwind_info
   segname __TEXT
      addr 0x00000000001a88ac
      size 0x00000000000056a8
    offset 1738924
     align 2^2 (4)
    reloff 0
    nreloc 0
     flags 0x00000000
 reserved1 0
 reserved2 0
Section
  sectname __eh_frame
   segname __TEXT
      addr 0x00000000001adf58
      size 0x0000000000013c98
    offset 1761112
     align 2^3 (8)
    reloff 0
    nreloc 0
     flags 0x6800000b
 reserved1 0
 reserved2 0
Load command 1
      cmd LC_SEGMENT_64
  cmdsize 232
  segname __DATA_CONST
   vmaddr 0x00000000001c4000
   vmsize 0x0000000000010000
  fileoff 1851392
 filesize 65536
  maxprot 0x00000003
 initprot 0x00000003
   nsects 2
    flags 0x10
Section
  sectname __got
   segname __DATA_CONST
      addr 0x00000000001c4000
      size 0x0000000000000538
    offset 1851392
     align 2^3 (8)
    reloff 0
    nreloc 0
     flags 0x00000006
 reserved1 135 (index into indirect symbol table)
 reserved2 0
Section
  sectname __const
   segname __DATA_CONST
      addr 0x00000000001c4538
      size 0x000000000000ec08
    offset 1852728
     align 2^3 (8)
    reloff 0
    nreloc 0
     flags 0x00000000
 reserved1 0
 reserved2 0
Load command 2
      cmd LC_SEGMENT_64
  cmdsize 232
  segname __DATA
   vmaddr 0x00000000001d4000
   vmsize 0x0000000000004000
  fileoff 1916928
 filesize 16384
  maxprot 0x00000003
 initprot 0x00000003
   nsects 2
    flags 0x0
Section
  sectname __data
   segname __DATA
      addr 0x00000000001d4000
      size 0x0000000000000640
    offset 1916928
     align 2^3 (8)
    reloff 0
    nreloc 0
     flags 0x00000000
 reserved1 0
 reserved2 0
Section
  sectname __bss
   segname __DATA
      addr 0x00000000001d4640
      size 0x0000000000002aa8
    offset 0
     align 2^4 (16)
    reloff 0
    nreloc 0
     flags 0x00000001
 reserved1 0
 reserved2 0
Load command 3
      cmd LC_SEGMENT_64
  cmdsize 72
  segname __LINKEDIT
   vmaddr 0x00000000001d8000
   vmsize 0x000000000007c000
  fileoff 1933312
 filesize 493264
  maxprot 0x00000001
 initprot 0x00000001
   nsects 0
    flags 0x0
Load command 4
          cmd LC_ID_DYLIB
      cmdsize 64
         name @rpath/dasModuleAudio.shared_module (offset 24)
   time stamp 1 Wed Dec 31 16:00:01 1969
      current version 0.0.0
compatibility version 0.0.0
Load command 5
      cmd LC_DYLD_CHAINED_FIXUPS
  cmdsize 16
  dataoff 1933312
 datasize 8448
Load command 6
      cmd LC_DYLD_EXPORTS_TRIE
  cmdsize 16
  dataoff 1941760
 datasize 536
Load command 7
     cmd LC_SYMTAB
 cmdsize 24
  symoff 1946320
   nsyms 4020
  stroff 2011848
 strsize 395768
Load command 8
            cmd LC_DYSYMTAB
        cmdsize 80
      ilocalsym 0
      nlocalsym 3778
     iextdefsym 3778
     nextdefsym 32
      iundefsym 3810
      nundefsym 210
         tocoff 0
           ntoc 0
      modtaboff 0
        nmodtab 0
   extrefsymoff 0
    nextrefsyms 0
 indirectsymoff 2010640
  nindirectsyms 302
      extreloff 0
        nextrel 0
      locreloff 0
        nlocrel 0
Load command 9
     cmd LC_UUID
 cmdsize 24
    uuid 811F546D-C029-3F1C-8AB4-67CDDA40D1FC
Load command 10
      cmd LC_BUILD_VERSION
  cmdsize 32
 platform 1
    minos 26.0
      sdk 26.5
   ntools 1
     tool 3
  version 1267.0
Load command 11
      cmd LC_SOURCE_VERSION
  cmdsize 16
  version 0.0
Load command 12
          cmd LC_LOAD_DYLIB
      cmdsize 56
         name @rpath/liblibDaScriptDyn.dylib (offset 24)
   time stamp 2 Wed Dec 31 16:00:02 1969
      current version 0.0.0
compatibility version 0.0.0
Load command 13
          cmd LC_LOAD_DYLIB
      cmdsize 104
         name /System/Library/Frameworks/CoreFoundation.framework/Versions/A/CoreFoundation (offset 24)
   time stamp 2 Wed Dec 31 16:00:02 1969
      current version 5026.5.4
compatibility version 150.0.0
Load command 14
          cmd LC_LOAD_DYLIB
      cmdsize 96
         name /System/Library/Frameworks/CoreAudio.framework/Versions/A/CoreAudio (offset 24)
   time stamp 2 Wed Dec 31 16:00:02 1969
      current version 1.0.0
compatibility version 1.0.0
Load command 15
          cmd LC_LOAD_DYLIB
      cmdsize 104
         name /System/Library/Frameworks/AudioToolbox.framework/Versions/A/AudioToolbox (offset 24)
   time stamp 2 Wed Dec 31 16:00:02 1969
      current version 1000.0.0
compatibility version 1.0.0
Load command 16
          cmd LC_LOAD_DYLIB
      cmdsize 64
         name @rpath/liblibDaScriptDyn_runtime.dylib (offset 24)
   time stamp 2 Wed Dec 31 16:00:02 1969
      current version 0.0.0
compatibility version 0.0.0
Load command 17
          cmd LC_LOAD_DYLIB
      cmdsize 48
         name /usr/lib/libc++.1.dylib (offset 24)
   time stamp 2 Wed Dec 31 16:00:02 1969
      current version 2100.43.0
compatibility version 1.0.0
Load command 18
          cmd LC_LOAD_DYLIB
      cmdsize 56
         name /usr/lib/libSystem.B.dylib (offset 24)
   time stamp 2 Wed Dec 31 16:00:02 1969
      current version 1356.0.0
compatibility version 1.0.0
Load command 19
          cmd LC_RPATH
      cmdsize 32
         path @loader_path (offset 12)
Load command 20
          cmd LC_RPATH
      cmdsize 56
         path /Users/borisbatkin/Work/daScript/lib (offset 12)
Load command 21
      cmd LC_FUNCTION_STARTS
  cmdsize 16
  dataoff 1942296
 datasize 4024
Load command 22
      cmd LC_DATA_IN_CODE
  cmdsize 16
  dataoff 1946320
 datasize 0
Load command 23
      cmd LC_CODE_SIGNATURE
  cmdsize 16
  dataoff 2407616
 datasize 18960

  [debug] $ install_name_tool -delete_rpath "/Users/borisbatkin/Work/daScript/lib" "modules/dasLLAMA/performance/_rig/dasllama-bench.app/Contents/MacOS/modules/dasAudio/dasModuleAudio.shared_module"
  ship runtime: liblibDaScriptDyn.dylib
  [debug] $ otool -D "modules/dasLLAMA/performance/_rig/dasllama-bench.app/Contents/MacOS/liblibDaScriptDyn.dylib"
  output: modules/dasLLAMA/performance/_rig/dasllama-bench.app/Contents/MacOS/liblibDaScriptDyn.dylib:
@rpath/liblibDaScriptDyn.dylib

  [debug] $ otool -l "modules/dasLLAMA/performance/_rig/dasllama-bench.app/Contents/MacOS/liblibDaScriptDyn.dylib"
  output: modules/dasLLAMA/performance/_rig/dasllama-bench.app/Contents/MacOS/liblibDaScriptDyn.dylib:
Load command 0
      cmd LC_SEGMENT_64
  cmdsize 712
  segname __TEXT
   vmaddr 0x0000000000000000
   vmsize 0x00000000009b0000
  fileoff 0
 filesize 10158080
  maxprot 0x00000005
 initprot 0x00000005
   nsects 8
    flags 0x0
Section
  sectname __text
   segname __TEXT
      addr 0x0000000000001818
      size 0x000000000078c230
    offset 6168
     align 2^2 (4)
    reloff 0
    nreloc 0
     flags 0x80000400
 reserved1 0
 reserved2 0
Section
  sectname __stubs
   segname __TEXT
      addr 0x000000000078da48
      size 0x0000000000001b24
    offset 7920200
     align 2^2 (4)
    reloff 0
    nreloc 0
     flags 0x80000408
 reserved1 0 (index into indirect symbol table)
 reserved2 12 (size of stubs)
Section
  sectname __init_offsets
   segname __TEXT
      addr 0x000000000078f56c
      size 0x0000000000000460
    offset 7927148
     align 2^2 (4)
    reloff 0
    nreloc 0
     flags 0x00000016
 reserved1 0
 reserved2 0
Section
  sectname __const
   segname __TEXT
      addr 0x000000000078f9d0
      size 0x0000000000041fdc
    offset 7928272
     align 2^4 (16)
    reloff 0
    nreloc 0
     flags 0x00000000
 reserved1 0
 reserved2 0
Section
  sectname __gcc_except_tab
   segname __TEXT
      addr 0x00000000007d19ac
      size 0x000000000002c180
    offset 8198572
     align 2^2 (4)
    reloff 0
    nreloc 0
     flags 0x00000000
 reserved1 0
 reserved2 0
Section
  sectname __cstring
   segname __TEXT
      addr 0x00000000007fdb30
      size 0x0000000000014c8b
    offset 8379184
     align 2^3 (8)
    reloff 0
    nreloc 0
     flags 0x00000002
 reserved1 0
 reserved2 0
Section
  sectname __unwind_info
   segname __TEXT
      addr 0x00000000008127bc
      size 0x0000000000060170
    offset 8464316
     align 2^2 (4)
    reloff 0
    nreloc 0
     flags 0x00000000
 reserved1 0
 reserved2 0
Section
  sectname __eh_frame
   segname __TEXT
      addr 0x0000000000872930
      size 0x0000000000139ae4
    offset 8857904
     align 2^3 (8)
    reloff 0
    nreloc 0
     flags 0x6800000b
 reserved1 0
 reserved2 0
Load command 1
      cmd LC_SEGMENT_64
  cmdsize 232
  segname __DATA_CONST
   vmaddr 0x00000000009b0000
   vmsize 0x00000000003b4000
  fileoff 10158080
 filesize 3883008
  maxprot 0x00000003
 initprot 0x00000003
   nsects 2
    flags 0x10
Section
  sectname __got
   segname __DATA_CONST
      addr 0x00000000009b0000
      size 0x0000000000001610
    offset 10158080
     align 2^3 (8)
    reloff 0
    nreloc 0
     flags 0x00000006
 reserved1 579 (index into indirect symbol table)
 reserved2 0
Section
  sectname __const
   segname __DATA_CONST
      addr 0x00000000009b1610
      size 0x00000000003b0db0
    offset 10163728
     align 2^3 (8)
    reloff 0
    nreloc 0
     flags 0x00000000
 reserved1 0
 reserved2 0
Load command 2
      cmd LC_SEGMENT_64
  cmdsize 472
  segname __DATA
   vmaddr 0x0000000000d64000
   vmsize 0x0000000000004000
  fileoff 14041088
 filesize 16384
  maxprot 0x00000003
 initprot 0x00000003
   nsects 5
    flags 0x0
Section
  sectname __data
   segname __DATA
      addr 0x0000000000d64000
      size 0x0000000000000104
    offset 14041088
     align 2^3 (8)
    reloff 0
    nreloc 0
     flags 0x00000000
 reserved1 0
 reserved2 0
Section
  sectname __thread_vars
   segname __DATA
      addr 0x0000000000d64108
      size 0x0000000000000138
    offset 14041352
     align 2^3 (8)
    reloff 0
    nreloc 0
     flags 0x00000013
 reserved1 0
 reserved2 0
Section
  sectname __thread_bss
   segname __DATA
      addr 0x0000000000d64240
      size 0x0000000000000090
    offset 0
     align 2^3 (8)
    reloff 0
    nreloc 0
     flags 0x00000012
 reserved1 0
 reserved2 0
Section
  sectname __bss
   segname __DATA
      addr 0x0000000000d642d0
      size 0x00000000000000cc
    offset 0
     align 2^3 (8)
    reloff 0
    nreloc 0
     flags 0x00000001
 reserved1 0
 reserved2 0
Section
  sectname __common
   segname __DATA
      addr 0x0000000000d643a0
      size 0x0000000000000084
    offset 0
     align 2^4 (16)
    reloff 0
    nreloc 0
     flags 0x00000001
 reserved1 0
 reserved2 0
Load command 3
      cmd LC_SEGMENT_64
  cmdsize 72
  segname __LINKEDIT
   vmaddr 0x0000000000d68000
   vmsize 0x0000000000c34000
  fileoff 14057472
 filesize 12782248
  maxprot 0x00000001
 initprot 0x00000001
   nsects 0
    flags 0x0
Load command 4
          cmd LC_ID_DYLIB
      cmdsize 56
         name @rpath/liblibDaScriptDyn.dylib (offset 24)
   time stamp 1 Wed Dec 31 16:00:01 1969
      current version 0.0.0
compatibility version 0.0.0
Load command 5
      cmd LC_DYLD_CHAINED_FIXUPS
  cmdsize 16
  dataoff 14057472
 datasize 39296
Load command 6
      cmd LC_DYLD_EXPORTS_TRIE
  cmdsize 16
  dataoff 14096768
 datasize 38704
Load command 7
     cmd LC_SYMTAB
 cmdsize 24
  symoff 14230992
   nsyms 109730
  stroff 15991816
 strsize 10639704
Load command 8
            cmd LC_DYSYMTAB
        cmdsize 80
      ilocalsym 0
      nlocalsym 108227
     iextdefsym 108227
     nextdefsym 753
      iundefsym 108980
      nundefsym 750
         tocoff 0
           ntoc 0
      modtaboff 0
        nmodtab 0
   extrefsymoff 0
    nextrefsyms 0
 indirectsymoff 15986672
  nindirectsyms 1285
      extreloff 0
        nextrel 0
      locreloff 0
        nlocrel 0
Load command 9
     cmd LC_UUID
 cmdsize 24
    uuid B9AE3084-06A1-39E4-93B9-8B0825C65560
Load command 10
      cmd LC_BUILD_VERSION
  cmdsize 32
 platform 1
    minos 26.0
      sdk 26.5
   ntools 1
     tool 3
  version 1267.0
Load command 11
      cmd LC_SOURCE_VERSION
  cmdsize 16
  version 0.0
Load command 12
          cmd LC_LOAD_DYLIB
      cmdsize 64
         name @rpath/liblibDaScriptDyn_runtime.dylib (offset 24)
   time stamp 2 Wed Dec 31 16:00:02 1969
      current version 0.0.0
compatibility version 0.0.0
Load command 13
          cmd LC_LOAD_DYLIB
      cmdsize 48
         name /usr/lib/libc++.1.dylib (offset 24)
   time stamp 2 Wed Dec 31 16:00:02 1969
      current version 2100.43.0
compatibility version 1.0.0
Load command 14
          cmd LC_LOAD_DYLIB
      cmdsize 56
         name /usr/lib/libSystem.B.dylib (offset 24)
   time stamp 2 Wed Dec 31 16:00:02 1969
      current version 1356.0.0
compatibility version 1.0.0
Load command 15
          cmd LC_RPATH
      cmdsize 56
         path /Users/borisbatkin/Work/daScript/lib (offset 12)
Load command 16
      cmd LC_FUNCTION_STARTS
  cmdsize 16
  dataoff 14135472
 datasize 95520
Load command 17
      cmd LC_DATA_IN_CODE
  cmdsize 16
  dataoff 14230992
 datasize 0
Load command 18
      cmd LC_CODE_SIGNATURE
  cmdsize 16
  dataoff 26631520
 datasize 208200

  [debug] $ install_name_tool -delete_rpath "/Users/borisbatkin/Work/daScript/lib" "modules/dasLLAMA/performance/_rig/dasllama-bench.app/Contents/MacOS/liblibDaScriptDyn.dylib"
  ship runtime: liblibDaScriptDyn_runtime.dylib
  [debug] $ otool -D "modules/dasLLAMA/performance/_rig/dasllama-bench.app/Contents/MacOS/liblibDaScriptDyn_runtime.dylib"
  output: modules/dasLLAMA/performance/_rig/dasllama-bench.app/Contents/MacOS/liblibDaScriptDyn_runtime.dylib:
@rpath/liblibDaScriptDyn_runtime.dylib

  [debug] $ otool -l "modules/dasLLAMA/performance/_rig/dasllama-bench.app/Contents/MacOS/liblibDaScriptDyn_runtime.dylib"
  output: modules/dasLLAMA/performance/_rig/dasllama-bench.app/Contents/MacOS/liblibDaScriptDyn_runtime.dylib:
Load command 0
      cmd LC_SEGMENT_64
  cmdsize 712
  segname __TEXT
   vmaddr 0x0000000000000000
   vmsize 0x0000000000dbc000
  fileoff 0
 filesize 14401536
  maxprot 0x00000005
 initprot 0x00000005
   nsects 8
    flags 0x0
Section
  sectname __text
   segname __TEXT
      addr 0x00000000000013f0
      size 0x0000000000ab15d0
    offset 5104
     align 2^2 (4)
    reloff 0
    nreloc 0
     flags 0x80000400
 reserved1 0
 reserved2 0
Section
  sectname __stubs
   segname __TEXT
      addr 0x0000000000ab29c0
      size 0x0000000000000eb8
    offset 11217344
     align 2^2 (4)
    reloff 0
    nreloc 0
     flags 0x80000408
 reserved1 0 (index into indirect symbol table)
 reserved2 12 (size of stubs)
Section
  sectname __init_offsets
   segname __TEXT
      addr 0x0000000000ab3878
      size 0x0000000000000404
    offset 11221112
     align 2^2 (4)
    reloff 0
    nreloc 0
     flags 0x00000016
 reserved1 0
 reserved2 0
Section
  sectname __const
   segname __TEXT
      addr 0x0000000000ab3c80
      size 0x0000000000008f48
    offset 11222144
     align 2^4 (16)
    reloff 0
    nreloc 0
     flags 0x00000000
 reserved1 0
 reserved2 0
Section
  sectname __cstring
   segname __TEXT
      addr 0x0000000000abcbc8
      size 0x000000000001ceb2
    offset 11258824
     align 2^3 (8)
    reloff 0
    nreloc 0
     flags 0x00000002
 reserved1 0
 reserved2 0
Section
  sectname __gcc_except_tab
   segname __TEXT
      addr 0x0000000000ad9a7c
      size 0x000000000004685c
    offset 11377276
     align 2^2 (4)
    reloff 0
    nreloc 0
     flags 0x00000000
 reserved1 0
 reserved2 0
Section
  sectname __unwind_info
   segname __TEXT
      addr 0x0000000000b202d8
      size 0x0000000000089d18
    offset 11666136
     align 2^2 (4)
    reloff 0
    nreloc 0
     flags 0x00000000
 reserved1 0
 reserved2 0
Section
  sectname __eh_frame
   segname __TEXT
      addr 0x0000000000ba9ff0
      size 0x0000000000211848
    offset 12230640
     align 2^3 (8)
    reloff 0
    nreloc 0
     flags 0x6800000b
 reserved1 0
 reserved2 0
Load command 1
      cmd LC_SEGMENT_64
  cmdsize 232
  segname __DATA_CONST
   vmaddr 0x0000000000dbc000
   vmsize 0x00000000001ac000
  fileoff 14401536
 filesize 1753088
  maxprot 0x00000003
 initprot 0x00000003
   nsects 2
    flags 0x10
Section
  sectname __got
   segname __DATA_CONST
      addr 0x0000000000dbc000
      size 0x0000000000000ac0
    offset 14401536
     align 2^3 (8)
    reloff 0
    nreloc 0
     flags 0x00000006
 reserved1 314 (index into indirect symbol table)
 reserved2 0
Section
  sectname __const
   segname __DATA_CONST
      addr 0x0000000000dbcac0
      size 0x00000000001aac10
    offset 14404288
     align 2^3 (8)
    reloff 0
    nreloc 0
     flags 0x00000000
 reserved1 0
 reserved2 0
Load command 2
      cmd LC_SEGMENT_64
  cmdsize 552
  segname __DATA
   vmaddr 0x0000000000f68000
   vmsize 0x0000000000014000
  fileoff 16154624
 filesize 16384
  maxprot 0x00000003
 initprot 0x00000003
   nsects 6
    flags 0x0
Section
  sectname __data
   segname __DATA
      addr 0x0000000000f68000
      size 0x0000000000000420
    offset 16154624
     align 2^3 (8)
    reloff 0
    nreloc 0
     flags 0x00000000
 reserved1 0
 reserved2 0
Section
  sectname __thread_vars
   segname __DATA
      addr 0x0000000000f68420
      size 0x0000000000000210
    offset 16155680
     align 2^3 (8)
    reloff 0
    nreloc 0
     flags 0x00000013
 reserved1 0
 reserved2 0
Section
  sectname __thread_data
   segname __DATA
      addr 0x0000000000f68630
      size 0x0000000000000001
    offset 16156208
     align 2^3 (8)
    reloff 0
    nreloc 0
     flags 0x00000011
 reserved1 0
 reserved2 0
Section
  sectname __thread_bss
   segname __DATA
      addr 0x0000000000f68638
      size 0x0000000000010118
    offset 0
     align 2^3 (8)
    reloff 0
    nreloc 0
     flags 0x00000012
 reserved1 0
 reserved2 0
Section
  sectname __common
   segname __DATA
      addr 0x0000000000f78750
      size 0x0000000000000290
    offset 0
     align 2^4 (16)
    reloff 0
    nreloc 0
     flags 0x00000001
 reserved1 0
 reserved2 0
Section
  sectname __bss
   segname __DATA
      addr 0x0000000000f789e0
      size 0x00000000000004c0
    offset 0
     align 2^4 (16)
    reloff 0
    nreloc 0
     flags 0x00000001
 reserved1 0
 reserved2 0
Load command 3
      cmd LC_SEGMENT_64
  cmdsize 72
  segname __LINKEDIT
   vmaddr 0x0000000000f7c000
   vmsize 0x0000000000ab4000
  fileoff 16171008
 filesize 11220784
  maxprot 0x00000001
 initprot 0x00000001
   nsects 0
    flags 0x0
Load command 4
          cmd LC_ID_DYLIB
      cmdsize 64
         name @rpath/liblibDaScriptDyn_runtime.dylib (offset 24)
   time stamp 1 Wed Dec 31 16:00:01 1969
      current version 0.0.0
compatibility version 0.0.0
Load command 5
      cmd LC_DYLD_CHAINED_FIXUPS
  cmdsize 16
  dataoff 16171008
 datasize 10896
Load command 6
      cmd LC_DYLD_EXPORTS_TRIE
  cmdsize 16
  dataoff 16181904
 datasize 120064
Load command 7
     cmd LC_SYMTAB
 cmdsize 24
  symoff 16404360
   nsyms 98164
  stroff 17977616
 strsize 9201672
Load command 8
            cmd LC_DYSYMTAB
        cmdsize 80
      ilocalsym 0
      nlocalsym 95283
     iextdefsym 95283
     nextdefsym 2526
      iundefsym 97809
      nundefsym 355
         tocoff 0
           ntoc 0
      modtaboff 0
        nmodtab 0
   extrefsymoff 0
    nextrefsyms 0
 indirectsymoff 17974984
  nindirectsyms 658
      extreloff 0
        nextrel 0
      locreloff 0
        nlocrel 0
Load command 9
     cmd LC_UUID
 cmdsize 24
    uuid 08D2E569-1726-38F7-8943-C9062D663EFD
Load command 10
      cmd LC_BUILD_VERSION
  cmdsize 32
 platform 1
    minos 26.0
      sdk 26.5
   ntools 1
     tool 3
  version 1267.0
Load command 11
      cmd LC_SOURCE_VERSION
  cmdsize 16
  version 0.0
Load command 12
          cmd LC_LOAD_DYLIB
      cmdsize 48
         name /usr/lib/libc++.1.dylib (offset 24)
   time stamp 2 Wed Dec 31 16:00:02 1969
      current version 2100.43.0
compatibility version 1.0.0
Load command 13
          cmd LC_LOAD_DYLIB
      cmdsize 56
         name /usr/lib/libSystem.B.dylib (offset 24)
   time stamp 2 Wed Dec 31 16:00:02 1969
      current version 1356.0.0
compatibility version 1.0.0
Load command 14
      cmd LC_FUNCTION_STARTS
  cmdsize 16
  dataoff 16301968
 datasize 102392
Load command 15
      cmd LC_DATA_IN_CODE
  cmdsize 16
  dataoff 16404360
 datasize 0
Load command 16
      cmd LC_CODE_SIGNATURE
  cmdsize 16
  dataoff 27179296
 datasize 212496

  ship: dasllama-bench.tune.json (tune sidecar)
  wrote: Contents/Info.plist (CFBundleIdentifier=com.daspkg.dasllama-bench)
Released to: modules/dasLLAMA/performance/_rig/dasllama-bench.app (85.9s)

--- daspkg ---
  [debug] $ rm -rf "modules/dasLLAMA/performance/_rig/dasllama-bench.app"
  [debug] $ "/Users/borisbatkin/Work/daScript/bin/daslang" -exe -output "modules/dasLLAMA/performance/_rig/dasllama-bench.app/Contents/MacOS/dasllama-bench" --list-shared-modules "/Users/borisbatkin/Work/daScript/_daspkg_release_deps_2.json" "/Users/borisbatkin/Work/daScript/modules/dasLLAMA/benchmarks/lcpp_bench.das"
  output: [I] LLVM EXE: targeting the current box (CPU + features) — the build carries [llvm_code] kernels
[I] LLVM EXE: NEED_MODULE(Module_BuiltIn) for `$`
[I] LLVM EXE: NEED_MODULE(Module_Strings) for `strings`
[I] LLVM EXE: NEED_MODULE(Module_Rtti) for `rtti_core`
[I] LLVM EXE: NEED_MODULE(Module_Math) for `math`
[I] LLVM EXE: NEED_MODULE(Module_FIO) for `fio_core`
[I] LLVM EXE: NEED_MODULE(Module_JobQue) for `jobque`
[I] LLVM EXE: NEED_MODULE(Module_Debugger) for `debugapi`
[I] LLVM EXE: NEED_MODULE(Module_DASBIND) for `dasbind`
[I] LLVM EXE: wrote release deps to /Users/borisbatkin/Work/daScript/_daspkg_release_deps_2.json (shared=3, das=1)
[I] LLVM EXE: NEED_MODULE(Module_FIO) for `fio_core`
[I] LLVM EXE: NEED_MODULE(Module_Rtti) for `rtti_core`
[I] LLVM EXE: NEED_MODULE(Module_JobQue) for `jobque`
[I] LLVM EXE: include dynamic module: `das_metal`
[I] LLVM EXE: include dynamic module: `audio`
[I] LLVM EXE: include dynamic module: `das_accelerate`
[I] LLVM JIT: standalone exe entry point generated '_anon_7813693388109758024`main implementation', 4698 functions
[I] Library modules/dasLLAMA/performance/_rig/dasllama-bench.app/Contents/MacOS/dasllama-bench.exe linked - ok
dry run: /Users/borisbatkin/Work/daScript/modules/dasLLAMA/benchmarks/lcpp_bench.das

  build: standalone exe in 57.2s
  tune: scope `dasllama` is incomplete — minting despite --quick
  tune: scope `dasllama` -> /Users/borisbatkin/Work/daScript/modules/dasLLAMA/benchmarks/lcpp_bench.tune.json
  [debug] $ DAS_TUNE_MODE=tune DAS_TUNE_MANIFEST="/Users/borisbatkin/Work/daScript/modules/dasLLAMA/benchmarks/lcpp_bench.tune.json" DAS_TUNE_COMPILE_FALLBACKS="k4q8_tile_gen=mr4;k5q8_tile_gen=mr4;k6q8_tile_gen=mr4;q40q8_tile_gen=mr4;q8q8_tile_gen=kstep2;q51q8_tile_gen=mr4" "/Users/borisbatkin/Work/daScript/bin/daslang" -jit "/Users/borisbatkin/Work/daScript/modules/dasLLAMA/dasllama/../harness/dasllama_tuner.das" -dasroot "/Users/borisbatkin/Work/daScript"
  output: [I] LLVM JIT: DLL cache miss, codegen for .jitted_scripts/_anon_5184251139602470627/0xc3b735091d90a9f4.dll
[I] Library .jitted_scripts/_anon_5184251139602470627/0xc3b735091d90a9f4.dll linked - ok
[I] LLVM JIT: GC stale artifact .jitted_scripts/_anon_5184251139602470627/0xb88757c483aaa10a.dll
[I] LLVM JIT: GC stale artifact .jitted_scripts/_anon_5184251139602470627/0xb88757c483aaa10a.o
dasllama_tuner: sidecar = /Users/borisbatkin/Work/daScript/modules/dasLLAMA/benchmarks/lcpp_bench.tune.json
dasllama_tuner: mode = default (kernels 20 screening / 80 max, generators best-of-6, validation)
dasllama_tuner: previous sidecar snapshotted -> /Users/borisbatkin/Work/daScript/modules/dasLLAMA/benchmarks/lcpp_bench.tune.json.bak
dasllama_tuner: "/Users/borisbatkin/Work/daScript/bin/daslang" -jit "/Users/borisbatkin/Work/daScript/modules/dasLLAMA/dasllama/../harness/gen_tune_probe.das" -dasroot "/Users/borisbatkin/Work/daScript" 2>&1
[I] LLVM JIT: DLL cache miss, codegen for .jitted_scripts/_anon_1894988233214198760/0xab90526b8629beac.dll
[I] Library .jitted_scripts/_anon_1894988233214198760/0xab90526b8629beac.dll linked - ok
[I] LLVM JIT: GC stale artifact .jitted_scripts/_anon_1894988233214198760/0x8c1f48d527e21886.o
[I] LLVM JIT: GC stale artifact .jitted_scripts/_anon_1894988233214198760/0x8c1f48d527e21886.dll
noise probe (start): cv 0.38% <= 2.0% — box is quiet (median 1145 us)
@tune plan scope=dasllama_generators total=7
@tune begin name=q8q8_tile_gen total=6
@tune step i=1 phase=best-of live=15
@tune step i=2 phase=best-of live=15
@tune step i=3 phase=best-of live=15
@tune step i=4 phase=best-of live=15
@tune step i=5 phase=best-of live=15
@tune step i=6 phase=best-of live=15
@tune end name=q8q8_tile_gen winner=mr8_budget verdict=beats
noise probe (mid1): cv 0.33% <= 2.0% — box is quiet (median 1167 us)
@tune begin name=k4q8_tile_gen total=6
@tune step i=1 phase=best-of live=11
@tune step i=2 phase=best-of live=11
@tune step i=3 phase=best-of live=11
@tune step i=4 phase=best-of live=11
@tune step i=5 phase=best-of live=11
@tune step i=6 phase=best-of live=11
@tune end name=k4q8_tile_gen winner=mr8 verdict=beats
k4q8_tile_gen winner: mr8
@tune begin name=k5q8_tile_gen total=6
@tune step i=1 phase=best-of live=11
@tune step i=2 phase=best-of live=11
@tune step i=3 phase=best-of live=11
@tune step i=4 phase=best-of live=11
@tune step i=5 phase=best-of live=11
@tune step i=6 phase=best-of live=11
@tune end name=k5q8_tile_gen winner=mr8 verdict=beats
k5q8_tile_gen winner: mr8
@tune begin name=k6q8_tile_gen total=6
@tune step i=1 phase=best-of live=11
@tune step i=2 phase=best-of live=11
@tune step i=3 phase=best-of live=11
@tune step i=4 phase=best-of live=11
@tune step i=5 phase=best-of live=11
@tune step i=6 phase=best-of live=11
@tune end name=k6q8_tile_gen winner=mr4 verdict=beats
k6q8_tile_gen winner: mr4
@tune begin name=k40q8_tile_gen total=6
@tune step i=1 phase=best-of live=11
@tune step i=2 phase=best-of live=11
@tune step i=3 phase=best-of live=11
@tune step i=4 phase=best-of live=11
@tune step i=5 phase=best-of live=11
@tune step i=6 phase=best-of live=11
@tune end name=k40q8_tile_gen winner=mr8 verdict=beats
q40q8_tile_gen winner: mr8
noise probe (mid2): cv 1.15% <= 2.0% — box is quiet (median 1145 us)
@tune begin name=q51q8_tile_gen total=6
@tune end name=q51q8_tile_gen winner=mr4 verdict=beats
q51q8_tile_gen winner: mr4
@tune begin name=confirm_e2e_prefill total=0
confirm: using q8q8 fallback 'kstep2' from the release compile on this host
confirm: winner 'mr8_budget' DIVERGES from the per-ISA fallback 'kstep2' — a 1-core crown must confirm end-to-end before it ships (the SPR amx lesson)
confirm: pinning the fallback 'kstep2' — re-run with DASLLAMA_CONFIRM_MODEL=<q8 gguf> to run the confirm pass
q8q8_tile_gen winner: kstep2
@tune end name=confirm_e2e_prefill winner= verdict=holds
noise probe (end): cv 0.15% <= 2.0% — box is quiet (median 1145 us)
wrote 6 generator entries -> /Users/borisbatkin/Work/daScript/modules/dasLLAMA/benchmarks/lcpp_bench.tune.json
TUNE_GEN_TIME total 123127 ms
GEN TUNE RUN OK
dasllama_tuner: gen_tune_probe.das finished in 135990 ms (rc=0)
dasllama_tuner: "/Users/borisbatkin/Work/daScript/bin/daslang" -jit "/Users/borisbatkin/Work/daScript/modules/dasLLAMA/dasllama/../harness/tune_kernels.das" -dasroot "/Users/borisbatkin/Work/daScript" 2>&1
[I] LLVM JIT: DLL cache miss, codegen for .jitted_scripts/_anon_10158018311013290783/0x638e26ce80311cd1.dll
warning: <unknown>:0:0: loop not vectorized: the optimizer was unable to perform the requested transformation; the transformation might be disabled or specified as part of an unsupported transformation ordering
warning: <unknown>:0:0: loop not vectorized: the optimizer was unable to perform the requested transformation; the transformation might be disabled or specified as part of an unsupported transformation ordering
warning: <unknown>:0:0: loop not vectorized: the optimizer was unable to perform the requested transformation; the transformation might be disabled or specified as part of an unsupported transformation ordering
remark: <unknown>:0:0: loop not vectorized: instruction return type cannot be vectorized
warning: <unknown>:0:0: loop not vectorized: the optimizer was unable to perform the requested transformation; the transformation might be disabled or specified as part of an unsupported transformation ordering
remark: <unknown>:0:0: loop not vectorized: instruction return type cannot be vectorized
warning: <unknown>:0:0: loop not vectorized: the optimizer was unable to perform the requested transformation; the transformation might be disabled or specified as part of an unsupported transformation ordering
remark: <unknown>:0:0: loop not vectorized: instruction return type cannot be vectorized
warning: <unknown>:0:0: loop not vectorized: the optimizer was unable to perform the requested transformation; the transformation might be disabled or specified as part of an unsupported transformation ordering
remark: <unknown>:0:0: loop not vectorized: instruction return type cannot be vectorized
warning: <unknown>:0:0: loop not vectorized: the optimizer was unable to perform the requested transformation; the transformation might be disabled or specified as part of an unsupported transformation ordering
remark: <unknown>:0:0: loop not vectorized: instruction return type cannot be vectorized
warning: <unknown>:0:0: loop not vectorized: the optimizer was unable to perform the requested transformation; the transformation might be disabled or specified as part of an unsupported transformation ordering
remark: <unknown>:0:0: loop not vectorized: instruction return type cannot be vectorized
warning: <unknown>:0:0: loop not vectorized: the optimizer was unable to perform the requested transformation; the transformation might be disabled or specified as part of an unsupported transformation ordering
remark: <unknown>:0:0: loop not vectorized: instruction return type cannot be vectorized
warning: <unknown>:0:0: loop not vectorized: the optimizer was unable to perform the requested transformation; the transformation might be disabled or specified as part of an unsupported transformation ordering
remark: <unknown>:0:0: loop not vectorized: instruction return type cannot be vectorized
warning: <unknown>:0:0: loop not vectorized: the optimizer was unable to perform the requested transformation; the transformation might be disabled or specified as part of an unsupported transformation ordering
remark: <unknown>:0:0: loop not vectorized: instruction return type cannot be vectorized
warning: <unknown>:0:0: loop not vectorized: the optimizer was unable to perform the requested transformation; the transformation might be disabled or specified as part of an unsupported transformation ordering
remark: <unknown>:0:0: loop not vectorized: instruction return type cannot be vectorized
warning: <unknown>:0:0: loop not vectorized: the optimizer was unable to perform the requested transformation; the transformation might be disabled or specified as part of an unsupported transformation ordering
remark: <unknown>:0:0: loop not vectorized: instruction return type cannot be vectorized
warning: <unknown>:0:0: loop not vectorized: the optimizer was unable to perform the requested transformation; the transformation might be disabled or specified as part of an unsupported transformation ordering
remark: <unknown>:0:0: loop not vectorized: instruction return type cannot be vectorized
warning: <unknown>:0:0: loop not vectorized: the optimizer was unable to perform the requested transformation; the transformation might be disabled or specified as part of an unsupported transformation ordering
remark: <unknown>:0:0: loop not vectorized: instruction return type cannot be vectorized
warning: <unknown>:0:0: loop not vectorized: the optimizer was unable to perform the requested transformation; the transformation might be disabled or specified as part of an unsupported transformation ordering
remark: <unknown>:0:0: loop not vectorized: instruction return type cannot be vectorized
warning: <unknown>:0:0: loop not vectorized: the optimizer was unable to perform the requested transformation; the transformation might be disabled or specified as part of an unsupported transformation ordering
remark: <unknown>:0:0: loop not vectorized: instruction return type cannot be vectorized
warning: <unknown>:0:0: loop not vectorized: the optimizer was unable to perform the requested transformation; the transformation might be disabled or specified as part of an unsupported transformation ordering
remark: <unknown>:0:0: loop not vectorized: instruction return type cannot be vectorized
warning: <unknown>:0:0: loop not vectorized: the optimizer was unable to perform the requested transformation; the transformation might be disabled or specified as part of an unsupported transformation ordering
remark: <unknown>:0:0: loop not vectorized: loop control flow is not understood by vectorizer
warning: <unknown>:0:0: loop not vectorized: the optimizer was unable to perform the requested transformation; the transformation might be disabled or specified as part of an unsupported transformation ordering
remark: <unknown>:0:0: loop not vectorized: loop control flow is not understood by vectorizer
warning: <unknown>:0:0: loop not vectorized: the optimizer was unable to perform the requested transformation; the transformation might be disabled or specified as part of an unsupported transformation ordering
remark: <unknown>:0:0: loop not vectorized: loop control flow is not understood by vectorizer
warning: <unknown>:0:0: loop not vectorized: the optimizer was unable to perform the requested transformation; the transformation might be disabled or specified as part of an unsupported transformation ordering
remark: <unknown>:0:0: loop not vectorized: loop control flow is not understood by vectorizer
warning: <unknown>:0:0: loop not vectorized: the optimizer was unable to perform the requested transformation; the transformation might be disabled or specified as part of an unsupported transformation ordering
remark: <unknown>:0:0: loop not vectorized: loop control flow is not understood by vectorizer
warning: <unknown>:0:0: loop not vectorized: the optimizer was unable to perform the requested transformation; the transformation might be disabled or specified as part of an unsupported transformation ordering
remark: <unknown>:0:0: loop not vectorized: loop control flow is not understood by vectorizer
warning: <unknown>:0:0: loop not vectorized: the optimizer was unable to perform the requested transformation; the transformation might be disabled or specified as part of an unsupported transformation ordering
remark: <unknown>:0:0: loop not vectorized: loop control flow is not understood by vectorizer
warning: <unknown>:0:0: loop not vectorized: the optimizer was unable to perform the requested transformation; the transformation might be disabled or specified as part of an unsupported transformation ordering
remark: <unknown>:0:0: loop not vectorized: loop control flow is not understood by vectorizer
warning: <unknown>:0:0: loop not vectorized: the optimizer was unable to perform the requested transformation; the transformation might be disabled or specified as part of an unsupported transformation ordering
remark: <unknown>:0:0: loop not vectorized: loop control flow is not understood by vectorizer
warning: <unknown>:0:0: loop not vectorized: the optimizer was unable to perform the requested transformation; the transformation might be disabled or specified as part of an unsupported transformation ordering
remark: <unknown>:0:0: loop not vectorized: loop control flow is not understood by vectorizer
warning: <unknown>:0:0: loop not vectorized: the optimizer was unable to perform the requested transformation; the transformation might be disabled or specified as part of an unsupported transformation ordering
remark: <unknown>:0:0: loop not vectorized: loop control flow is not understood by vectorizer
warning: <unknown>:0:0: loop not vectorized: the optimizer was unable to perform the requested transformation; the transformation might be disabled or specified as part of an unsupported transformation ordering
remark: <unknown>:0:0: loop not vectorized: loop control flow is not understood by vectorizer
warning: <unknown>:0:0: loop not vectorized: the optimizer was unable to perform the requested transformation; the transformation might be disabled or specified as part of an unsupported transformation ordering
remark: <unknown>:0:0: loop not vectorized: loop control flow is not understood by vectorizer
warning: <unknown>:0:0: loop not vectorized: the optimizer was unable to perform the requested transformation; the transformation might be disabled or specified as part of an unsupported transformation ordering
remark: <unknown>:0:0: loop not vectorized: loop control flow is not understood by vectorizer
warning: <unknown>:0:0: loop not vectorized: the optimizer was unable to perform the requested transformation; the transformation might be disabled or specified as part of an unsupported transformation ordering
remark: <unknown>:0:0: loop not vectorized: loop control flow is not understood by vectorizer
warning: <unknown>:0:0: loop not vectorized: the optimizer was unable to perform the requested transformation; the transformation might be disabled or specified as part of an unsupported transformation ordering
remark: <unknown>:0:0: loop not vectorized: loop control flow is not understood by vectorizer
warning: <unknown>:0:0: loop not vectorized: the optimizer was unable to perform the requested transformation; the transformation might be disabled or specified as part of an unsupported transformation ordering
remark: <unknown>:0:0: loop not vectorized: loop control flow is not understood by vectorizer
warning: <unknown>:0:0: loop not vectorized: the optimizer was unable to perform the requested transformation; the transformation might be disabled or specified as part of an unsupported transformation ordering
remark: <unknown>:0:0: loop not vectorized: loop control flow is not understood by vectorizer
warning: <unknown>:0:0: loop not vectorized: the optimizer was unable to perform the requested transformation; the transformation might be disabled or specified as part of an unsupported transformation ordering
remark: <unknown>:0:0: loop not vectorized: loop control flow is not understood by vectorizer
warning: <unknown>:0:0: loop not vectorized: the optimizer was unable to perform the requested transformation; the transformation might be disabled or specified as part of an unsupported transformation ordering
remark: <unknown>:0:0: loop not vectorized: loop control flow is not understood by vectorizer
warning: <unknown>:0:0: loop not vectorized: the optimizer was unable to perform the requested transformation; the transformation might be disabled or specified as part of an unsupported transformation ordering
remark: <unknown>:0:0: loop not vectorized: loop control flow is not understood by vectorizer
warning: <unknown>:0:0: loop not vectorized: the optimizer was unable to perform the requested transformation; the transformation might be disabled or specified as part of an unsupported transformation ordering
remark: <unknown>:0:0: loop not vectorized: loop control flow is not understood by vectorizer
warning: <unknown>:0:0: loop not vectorized: the optimizer was unable to perform the requested transformation; the transformation might be disabled or specified as part of an unsupported transformation ordering
remark: <unknown>:0:0: loop not vectorized: loop control flow is not understood by vectorizer
warning: <unknown>:0:0: loop not vectorized: the optimizer was unable to perform the requested transformation; the transformation might be disabled or specified as part of an unsupported transformation ordering
remark: <unknown>:0:0: loop not vectorized: loop control flow is not understood by vectorizer
warning: <unknown>:0:0: loop not vectorized: the optimizer was unable to perform the requested transformation; the transformation might be disabled or specified as part of an unsupported transformation ordering
remark: <unknown>:0:0: loop not vectorized: loop control flow is not understood by vectorizer
warning: <unknown>:0:0: loop not vectorized: the optimizer was unable to perform the requested transformation; the transformation might be disabled or specified as part of an unsupported transformation ordering
remark: <unknown>:0:0: loop not vectorized: loop control flow is not understood by vectorizer
warning: <unknown>:0:0: loop not vectorized: the optimizer was unable to perform the requested transformation; the transformation might be disabled or specified as part of an unsupported transformation ordering
remark: <unknown>:0:0: loop not vectorized: loop control flow is not understood by vectorizer
warning: <unknown>:0:0: loop not vectorized: the optimizer was unable to perform the requested transformation; the transformation might be disabled or specified as part of an unsupported transformation ordering
remark: <unknown>:0:0: loop not vectorized: loop control flow is not understood by vectorizer
warning: <unknown>:0:0: loop not vectorized: the optimizer was unable to perform the requested transformation; the transformation might be disabled or specified as part of an unsupported transformation ordering
remark: <unknown>:0:0: loop not vectorized: loop control flow is not understood by vectorizer
warning: <unknown>:0:0: loop not vectorized: the optimizer was unable to perform the requested transformation; the transformation might be disabled or specified as part of an unsupported transformation ordering
remark: <unknown>:0:0: loop not vectorized: loop control flow is not understood by vectorizer
warning: <unknown>:0:0: loop not vectorized: the optimizer was unable to perform the requested transformation; the transformation might be disabled or specified as part of an unsupported transformation ordering
remark: <unknown>:0:0: loop not vectorized: loop control flow is not understood by vectorizer
warning: <unknown>:0:0: loop not vectorized: the optimizer was unable to perform the requested transformation; the transformation might be disabled or specified as part of an unsupported transformation ordering
remark: <unknown>:0:0: loop not vectorized: loop control flow is not understood by vectorizer
warning: <unknown>:0:0: loop not vectorized: the optimizer was unable to perform the requested transformation; the transformation might be disabled or specified as part of an unsupported transformation ordering
[I] Library .jitted_scripts/_anon_10158018311013290783/0x638e26ce80311cd1.dll linked - ok
[I] LLVM JIT: GC stale artifact .jitted_scripts/_anon_10158018311013290783/0xfa858a3e883d991e.dll
[I] LLVM JIT: GC stale artifact .jitted_scripts/_anon_10158018311013290783/0xfa858a3e883d991e.o
kernel tuner: default, N=4096, 20 full-grid screening rounds, finalists up to 80 rounds x 2000 reps, measurement affinity QoS USER_INTERACTIVE (macOS has no core mask)

noise probe (start): cv 0.20% <= 2.0% — box is quiet (median 2392 us)
@tune plan scope=dasllama_kernels total=35
@tune begin name=dot total=80
@tune step i=1 phase=screening live=20
@tune step i=2 phase=screening live=20
@tune step i=3 phase=screening live=20
@tune step i=4 phase=screening live=20
@tune step i=5 phase=screening live=20
@tune step i=6 phase=screening live=20
@tune step i=7 phase=screening live=20
@tune step i=8 phase=screening live=20
@tune step i=9 phase=screening live=20
@tune step i=10 phase=screening live=20
@tune step i=11 phase=screening live=20
@tune step i=12 phase=screening live=20
@tune step i=13 phase=screening live=20
@tune step i=14 phase=screening live=20
@tune step i=15 phase=screening live=20
@tune step i=16 phase=screening live=20
@tune step i=17 phase=screening live=20
@tune step i=18 phase=screening live=20
@tune step i=19 phase=screening live=20
@tune step i=20 phase=screening live=20
@tune step i=21 phase=finalists live=16
@tune step i=22 phase=finalists live=16
@tune step i=23 phase=finalists live=16
@tune step i=24 phase=finalists live=16
@tune step i=25 phase=finalists live=16
@tune step i=26 phase=finalists live=16
@tune step i=27 phase=finalists live=16
@tune step i=28 phase=finalists live=16
@tune step i=29 phase=finalists live=16
@tune step i=30 phase=finalists live=16
@tune step i=31 phase=finalists live=16
@tune step i=32 phase=finalists live=16
@tune step i=33 phase=finalists live=16
@tune step i=34 phase=finalists live=16
@tune step i=35 phase=finalists live=16
@tune step i=36 phase=finalists live=16
@tune step i=37 phase=finalists live=16
@tune step i=38 phase=finalists live=16
@tune step i=39 phase=finalists live=16
@tune step i=40 phase=finalists live=16
@tune step i=41 phase=finalists live=16
@tune step i=42 phase=finalists live=16
@tune step i=43 phase=finalists live=16
@tune step i=44 phase=finalists live=16
@tune step i=45 phase=finalists live=16
@tune step i=46 phase=finalists live=16
@tune step i=47 phase=finalists live=16
@tune step i=48 phase=finalists live=16
@tune step i=49 phase=finalists live=16
@tune step i=50 phase=finalists live=16
@tune step i=51 phase=finalists live=16
@tune step i=52 phase=finalists live=16
@tune step i=53 phase=finalists live=16
@tune step i=54 phase=finalists live=16
@tune step i=55 phase=finalists live=16
@tune step i=56 phase=finalists live=16
@tune step i=57 phase=finalists live=16
@tune step i=58 phase=finalists live=16
@tune step i=59 phase=finalists live=16
@tune step i=60 phase=finalists live=16
@tune step i=61 phase=finalists live=16
@tune step i=62 phase=finalists live=16
@tune step i=63 phase=finalists live=16
@tune step i=64 phase=finalists live=16
@tune step i=65 phase=finalists live=16
@tune step i=66 phase=finalists live=16
@tune step i=67 phase=finalists live=16
@tune step i=68 phase=finalists live=16
@tune step i=69 phase=finalists live=16
@tune step i=70 phase=finalists live=16
@tune step i=71 phase=finalists live=16
@tune step i=72 phase=finalists live=16
@tune step i=73 phase=finalists live=16
@tune step i=74 phase=finalists live=16
@tune step i=75 phase=finalists live=16
@tune step i=76 phase=finalists live=16
@tune step i=77 phase=finalists live=16
@tune step i=78 phase=finalists live=16
@tune step i=79 phase=finalists live=16
@tune step i=80 phase=finalists live=16
@tune end name=dot winner=vec8_u8 verdict=beats
@tune begin name=axpy total=80
@tune step i=1 phase=screening live=20
@tune step i=2 phase=screening live=20
@tune step i=3 phase=screening live=20
@tune step i=4 phase=screening live=20
@tune step i=5 phase=screening live=20
@tune step i=6 phase=screening live=20
@tune step i=7 phase=screening live=20
@tune step i=8 phase=screening live=20
@tune step i=9 phase=screening live=20
@tune step i=10 phase=screening live=20
@tune step i=11 phase=screening live=20
@tune step i=12 phase=screening live=20
@tune step i=13 phase=screening live=20
@tune step i=14 phase=screening live=20
@tune step i=15 phase=screening live=20
@tune step i=16 phase=screening live=20
@tune step i=17 phase=screening live=20
@tune step i=18 phase=screening live=20
@tune step i=19 phase=screening live=20
@tune step i=20 phase=screening live=20
@tune step i=21 phase=finalists live=20
@tune step i=22 phase=finalists live=20
@tune step i=23 phase=finalists live=20
@tune step i=24 phase=finalists live=20
@tune step i=25 phase=finalists live=20
@tune step i=26 phase=finalists live=20
@tune step i=27 phase=finalists live=20
@tune step i=28 phase=finalists live=20
@tune step i=29 phase=finalists live=20
@tune step i=30 phase=finalists live=20
@tune step i=31 phase=finalists live=20
@tune step i=32 phase=finalists live=20
@tune step i=33 phase=finalists live=20
@tune step i=34 phase=finalists live=20
@tune step i=35 phase=finalists live=20
@tune step i=36 phase=finalists live=20
@tune step i=37 phase=finalists live=20
@tune step i=38 phase=finalists live=20
@tune step i=39 phase=finalists live=20
@tune step i=40 phase=finalists live=20
@tune step i=41 phase=finalists live=20
@tune step i=42 phase=finalists live=20
@tune step i=43 phase=finalists live=20
@tune step i=44 phase=finalists live=20
@tune step i=45 phase=finalists live=20
@tune step i=46 phase=finalists live=20
@tune step i=47 phase=finalists live=20
@tune step i=48 phase=finalists live=20
@tune step i=49 phase=finalists live=20
@tune step i=50 phase=finalists live=20
@tune step i=51 phase=finalists live=20
@tune step i=52 phase=finalists live=20
@tune step i=53 phase=finalists live=20
@tune step i=54 phase=finalists live=20
@tune step i=55 phase=finalists live=20
@tune step i=56 phase=finalists live=20
@tune step i=57 phase=finalists live=20
@tune step i=58 phase=finalists live=20
@tune step i=59 phase=finalists live=20
@tune step i=60 phase=finalists live=20
@tune step i=61 phase=finalists live=20
@tune step i=62 phase=finalists live=20
@tune step i=63 phase=finalists live=20
@tune step i=64 phase=finalists live=20
@tune step i=65 phase=finalists live=20
@tune step i=66 phase=finalists live=20
@tune step i=67 phase=finalists live=20
@tune step i=68 phase=finalists live=20
@tune step i=69 phase=finalists live=20
@tune step i=70 phase=finalists live=20
@tune step i=71 phase=finalists live=20
@tune step i=72 phase=finalists live=20
@tune step i=73 phase=finalists live=20
@tune step i=74 phase=finalists live=20
@tune step i=75 phase=finalists live=20
@tune step i=76 phase=finalists live=20
@tune step i=77 phase=finalists live=20
@tune step i=78 phase=finalists live=20
@tune step i=79 phase=finalists live=20
@tune step i=80 phase=finalists live=20
@tune end name=axpy winner=vec8_u8 verdict=beats
@tune begin name=dot_f16 total=80
@tune step i=1 phase=screening live=20
@tune step i=2 phase=screening live=20
@tune step i=3 phase=screening live=20
@tune step i=4 phase=screening live=20
@tune step i=5 phase=screening live=20
@tune step i=6 phase=screening live=20
@tune step i=7 phase=screening live=20
@tune step i=8 phase=screening live=20
@tune step i=9 phase=screening live=20
@tune step i=10 phase=screening live=20
@tune step i=11 phase=screening live=20
@tune step i=12 phase=screening live=20
@tune step i=13 phase=screening live=20
@tune step i=14 phase=screening live=20
@tune step i=15 phase=screening live=20
@tune step i=16 phase=screening live=20
@tune step i=17 phase=screening live=20
@tune step i=18 phase=screening live=20
@tune step i=19 phase=screening live=20
@tune step i=20 phase=screening live=20
@tune step i=21 phase=finalists live=5
@tune step i=22 phase=finalists live=5
@tune step i=23 phase=finalists live=5
@tune step i=24 phase=finalists live=5
@tune step i=25 phase=finalists live=5
@tune step i=26 phase=finalists live=5
@tune step i=27 phase=finalists live=5
@tune step i=28 phase=finalists live=5
@tune step i=29 phase=finalists live=5
@tune step i=30 phase=finalists live=5
@tune step i=31 phase=finalists live=5
@tune step i=32 phase=finalists live=5
@tune step i=33 phase=finalists live=5
@tune step i=34 phase=finalists live=5
@tune step i=35 phase=finalists live=5
@tune step i=36 phase=finalists live=5
@tune step i=37 phase=finalists live=5
@tune step i=38 phase=finalists live=5
@tune step i=39 phase=finalists live=5
@tune step i=40 phase=finalists live=5
@tune step i=41 phase=finalists live=5
@tune step i=42 phase=finalists live=5
@tune step i=43 phase=finalists live=5
@tune step i=44 phase=finalists live=5
@tune step i=45 phase=finalists live=5
@tune step i=46 phase=finalists live=5
@tune step i=47 phase=finalists live=5
@tune step i=48 phase=finalists live=5
@tune step i=49 phase=finalists live=5
@tune step i=50 phase=finalists live=5
@tune step i=51 phase=finalists live=5
@tune step i=52 phase=finalists live=5
@tune step i=53 phase=finalists live=5
@tune step i=54 phase=finalists live=5
@tune step i=55 phase=finalists live=5
@tune step i=56 phase=finalists live=5
@tune step i=57 phase=finalists live=5
@tune step i=58 phase=finalists live=5
@tune step i=59 phase=finalists live=5
@tune step i=60 phase=finalists live=5
@tune step i=61 phase=finalists live=5
@tune step i=62 phase=finalists live=5
@tune step i=63 phase=finalists live=5
@tune step i=64 phase=finalists live=5
@tune step i=65 phase=finalists live=5
@tune step i=66 phase=finalists live=5
@tune step i=67 phase=finalists live=5
@tune step i=68 phase=finalists live=5
@tune step i=69 phase=finalists live=5
@tune step i=70 phase=finalists live=5
@tune step i=71 phase=finalists live=5
@tune step i=72 phase=finalists live=5
@tune step i=73 phase=finalists live=5
@tune step i=74 phase=finalists live=5
@tune step i=75 phase=finalists live=5
@tune step i=76 phase=finalists live=5
@tune step i=77 phase=finalists live=5
@tune step i=78 phase=finalists live=5
@tune step i=79 phase=finalists live=5
@tune step i=80 phase=finalists live=5
@tune end name=dot_f16 winner=vec8_u4 verdict=beats
@tune begin name=axpy_f16 total=80
@tune step i=1 phase=screening live=20
@tune step i=2 phase=screening live=20
@tune step i=3 phase=screening live=20
@tune step i=4 phase=screening live=20
@tune step i=5 phase=screening live=20
@tune step i=6 phase=screening live=20
@tune step i=7 phase=screening live=20
@tune step i=8 phase=screening live=20
@tune step i=9 phase=screening live=20
@tune step i=10 phase=screening live=20
@tune step i=11 phase=screening live=20
@tune step i=12 phase=screening live=20
@tune step i=13 phase=screening live=20
@tune step i=14 phase=screening live=20
@tune step i=15 phase=screening live=20
@tune step i=16 phase=screening live=20
@tune step i=17 phase=screening live=20
@tune step i=18 phase=screening live=20
@tune step i=19 phase=screening live=20
@tune step i=20 phase=screening live=20
@tune step i=21 phase=finalists live=4
@tune step i=22 phase=finalists live=4
@tune step i=23 phase=finalists live=4
@tune step i=24 phase=finalists live=4
@tune step i=25 phase=finalists live=4
@tune step i=26 phase=finalists live=4
@tune step i=27 phase=finalists live=4
@tune step i=28 phase=finalists live=4
@tune step i=29 phase=finalists live=4
@tune step i=30 phase=finalists live=4
@tune step i=31 phase=finalists live=4
@tune step i=32 phase=finalists live=4
@tune step i=33 phase=finalists live=4
@tune step i=34 phase=finalists live=4
@tune step i=35 phase=finalists live=4
@tune step i=36 phase=finalists live=4
@tune step i=37 phase=finalists live=4
@tune step i=38 phase=finalists live=4
@tune step i=39 phase=finalists live=4
@tune step i=40 phase=finalists live=4
@tune step i=41 phase=finalists live=4
@tune step i=42 phase=finalists live=4
@tune step i=43 phase=finalists live=4
@tune step i=44 phase=finalists live=4
@tune step i=45 phase=finalists live=4
@tune step i=46 phase=finalists live=4
@tune step i=47 phase=finalists live=4
@tune step i=48 phase=finalists live=4
@tune step i=49 phase=finalists live=4
@tune step i=50 phase=finalists live=4
@tune step i=51 phase=finalists live=4
@tune step i=52 phase=finalists live=4
@tune step i=53 phase=finalists live=4
@tune step i=54 phase=finalists live=4
@tune step i=55 phase=finalists live=4
@tune step i=56 phase=finalists live=4
@tune step i=57 phase=finalists live=4
@tune step i=58 phase=finalists live=4
@tune step i=59 phase=finalists live=4
@tune step i=60 phase=finalists live=4
@tune step i=61 phase=finalists live=4
@tune step i=62 phase=finalists live=4
@tune step i=63 phase=finalists live=4
@tune step i=64 phase=finalists live=4
@tune step i=65 phase=finalists live=4
@tune step i=66 phase=finalists live=4
@tune step i=67 phase=finalists live=4
@tune step i=68 phase=finalists live=4
@tune step i=69 phase=finalists live=4
@tune step i=70 phase=finalists live=4
@tune step i=71 phase=finalists live=4
@tune step i=72 phase=finalists live=4
@tune step i=73 phase=finalists live=4
@tune step i=74 phase=finalists live=4
@tune step i=75 phase=finalists live=4
@tune step i=76 phase=finalists live=4
@tune step i=77 phase=finalists live=4
@tune step i=78 phase=finalists live=4
@tune step i=79 phase=finalists live=4
@tune step i=80 phase=finalists live=4
@tune end name=axpy_f16 winner=vec4_u4 verdict=beats
@tune begin name=cvt_f32_to_f16 total=80
@tune step i=1 phase=screening live=20
@tune step i=2 phase=screening live=20
@tune step i=3 phase=screening live=20
@tune step i=4 phase=screening live=20
@tune step i=5 phase=screening live=20
@tune step i=6 phase=screening live=20
@tune step i=7 phase=screening live=20
@tune step i=8 phase=screening live=20
@tune step i=9 phase=screening live=20
@tune step i=10 phase=screening live=20
@tune step i=11 phase=screening live=20
@tune step i=12 phase=screening live=20
@tune step i=13 phase=screening live=20
@tune step i=14 phase=screening live=20
@tune step i=15 phase=screening live=20
@tune step i=16 phase=screening live=20
@tune step i=17 phase=screening live=20
@tune step i=18 phase=screening live=20
@tune step i=19 phase=screening live=20
@tune step i=20 phase=screening live=20
@tune step i=21 phase=finalists live=16
@tune step i=22 phase=finalists live=16
@tune step i=23 phase=finalists live=16
@tune step i=24 phase=finalists live=16
@tune step i=25 phase=finalists live=16
@tune step i=26 phase=finalists live=16
@tune step i=27 phase=finalists live=16
@tune step i=28 phase=finalists live=16
@tune step i=29 phase=finalists live=16
@tune step i=30 phase=finalists live=16
@tune step i=31 phase=finalists live=16
@tune step i=32 phase=finalists live=16
@tune step i=33 phase=finalists live=16
@tune step i=34 phase=finalists live=16
@tune step i=35 phase=finalists live=16
@tune step i=36 phase=finalists live=16
@tune step i=37 phase=finalists live=16
@tune step i=38 phase=finalists live=16
@tune step i=39 phase=finalists live=16
@tune step i=40 phase=finalists live=16
@tune step i=41 phase=finalists live=16
@tune step i=42 phase=finalists live=16
@tune step i=43 phase=finalists live=16
@tune step i=44 phase=finalists live=16
@tune step i=45 phase=finalists live=16
@tune step i=46 phase=finalists live=16
@tune step i=47 phase=finalists live=16
@tune step i=48 phase=finalists live=16
@tune step i=49 phase=finalists live=16
@tune step i=50 phase=finalists live=16
@tune step i=51 phase=finalists live=16
@tune step i=52 phase=finalists live=16
@tune step i=53 phase=finalists live=16
@tune step i=54 phase=finalists live=16
@tune step i=55 phase=finalists live=16
@tune step i=56 phase=finalists live=16
@tune step i=57 phase=finalists live=16
@tune step i=58 phase=finalists live=16
@tune step i=59 phase=finalists live=16
@tune step i=60 phase=finalists live=16
@tune step i=61 phase=finalists live=16
@tune step i=62 phase=finalists live=16
@tune step i=63 phase=finalists live=16
@tune step i=64 phase=finalists live=16
@tune step i=65 phase=finalists live=16
@tune step i=66 phase=finalists live=16
@tune step i=67 phase=finalists live=16
@tune step i=68 phase=finalists live=16
@tune step i=69 phase=finalists live=16
@tune step i=70 phase=finalists live=16
@tune step i=71 phase=finalists live=16
@tune step i=72 phase=finalists live=16
@tune step i=73 phase=finalists live=16
@tune step i=74 phase=finalists live=16
@tune step i=75 phase=finalists live=16
@tune step i=76 phase=finalists live=16
@tune step i=77 phase=finalists live=16
@tune step i=78 phase=finalists live=16
@tune step i=79 phase=finalists live=16
@tune step i=80 phase=finalists live=16
@tune end name=cvt_f32_to_f16 winner=u4 verdict=beats
@tune begin name=cvt_f16_to_f32 total=80
@tune step i=1 phase=screening live=20
@tune step i=2 phase=screening live=20
@tune step i=3 phase=screening live=20
@tune step i=4 phase=screening live=20
@tune step i=5 phase=screening live=20
@tune step i=6 phase=screening live=20
@tune step i=7 phase=screening live=20
@tune step i=8 phase=screening live=20
@tune step i=9 phase=screening live=20
@tune step i=10 phase=screening live=20
@tune step i=11 phase=screening live=20
@tune step i=12 phase=screening live=20
@tune step i=13 phase=screening live=20
@tune step i=14 phase=screening live=20
@tune step i=15 phase=screening live=20
@tune step i=16 phase=screening live=20
@tune step i=17 phase=screening live=20
@tune step i=18 phase=screening live=20
@tune step i=19 phase=screening live=20
@tune step i=20 phase=screening live=20
@tune step i=21 phase=finalists live=4
@tune step i=22 phase=finalists live=4
@tune step i=23 phase=finalists live=4
@tune step i=24 phase=finalists live=4
@tune step i=25 phase=finalists live=4
@tune step i=26 phase=finalists live=4
@tune step i=27 phase=finalists live=4
@tune step i=28 phase=finalists live=4
@tune step i=29 phase=finalists live=4
@tune step i=30 phase=finalists live=4
@tune step i=31 phase=finalists live=4
@tune step i=32 phase=finalists live=4
@tune step i=33 phase=finalists live=4
@tune step i=34 phase=finalists live=4
@tune step i=35 phase=finalists live=4
@tune step i=36 phase=finalists live=4
@tune step i=37 phase=finalists live=4
@tune step i=38 phase=finalists live=4
@tune step i=39 phase=finalists live=4
@tune step i=40 phase=finalists live=4
@tune step i=41 phase=finalists live=4
@tune step i=42 phase=finalists live=4
@tune step i=43 phase=finalists live=4
@tune step i=44 phase=finalists live=4
@tune step i=45 phase=finalists live=4
@tune step i=46 phase=finalists live=4
@tune step i=47 phase=finalists live=4
@tune step i=48 phase=finalists live=4
@tune step i=49 phase=finalists live=4
@tune step i=50 phase=finalists live=4
@tune step i=51 phase=finalists live=4
@tune step i=52 phase=finalists live=4
@tune step i=53 phase=finalists live=4
@tune step i=54 phase=finalists live=4
@tune step i=55 phase=finalists live=4
@tune step i=56 phase=finalists live=4
@tune step i=57 phase=finalists live=4
@tune step i=58 phase=finalists live=4
@tune step i=59 phase=finalists live=4
@tune step i=60 phase=finalists live=4
@tune step i=61 phase=finalists live=4
@tune step i=62 phase=finalists live=4
@tune step i=63 phase=finalists live=4
@tune step i=64 phase=finalists live=4
@tune step i=65 phase=finalists live=4
@tune step i=66 phase=finalists live=4
@tune step i=67 phase=finalists live=4
@tune step i=68 phase=finalists live=4
@tune step i=69 phase=finalists live=4
@tune step i=70 phase=finalists live=4
@tune step i=71 phase=finalists live=4
@tune step i=72 phase=finalists live=4
@tune step i=73 phase=finalists live=4
@tune step i=74 phase=finalists live=4
@tune step i=75 phase=finalists live=4
@tune step i=76 phase=finalists live=4
@tune step i=77 phase=finalists live=4
@tune step i=78 phase=finalists live=4
@tune step i=79 phase=finalists live=4
@tune step i=80 phase=finalists live=4
@tune end name=cvt_f16_to_f32 winner=vec16_u2 verdict=beats
@tune begin name=add_inplace total=80
@tune step i=1 phase=screening live=20
@tune step i=2 phase=screening live=20
@tune step i=3 phase=screening live=20
@tune step i=4 phase=screening live=20
@tune step i=5 phase=screening live=20
@tune step i=6 phase=screening live=20
@tune step i=7 phase=screening live=20
@tune step i=8 phase=screening live=20
@tune step i=9 phase=screening live=20
@tune step i=10 phase=screening live=20
@tune step i=11 phase=screening live=20
@tune step i=12 phase=screening live=20
@tune step i=13 phase=screening live=20
@tune step i=14 phase=screening live=20
@tune step i=15 phase=screening live=20
@tune step i=16 phase=screening live=20
@tune step i=17 phase=screening live=20
@tune step i=18 phase=screening live=20
@tune step i=19 phase=screening live=20
@tune step i=20 phase=screening live=20
@tune step i=21 phase=finalists live=18
@tune step i=22 phase=finalists live=18
@tune step i=23 phase=finalists live=18
@tune step i=24 phase=finalists live=18
@tune step i=25 phase=finalists live=18
@tune step i=26 phase=finalists live=18
@tune step i=27 phase=finalists live=18
@tune step i=28 phase=finalists live=18
@tune step i=29 phase=finalists live=18
@tune step i=30 phase=finalists live=18
@tune step i=31 phase=finalists live=18
@tune step i=32 phase=finalists live=18
@tune step i=33 phase=finalists live=18
@tune step i=34 phase=finalists live=18
@tune step i=35 phase=finalists live=18
@tune step i=36 phase=finalists live=18
@tune step i=37 phase=finalists live=18
@tune step i=38 phase=finalists live=18
@tune step i=39 phase=finalists live=18
@tune step i=40 phase=finalists live=18
@tune step i=41 phase=finalists live=18
@tune step i=42 phase=finalists live=18
@tune step i=43 phase=finalists live=18
@tune step i=44 phase=finalists live=18
@tune step i=45 phase=finalists live=18
@tune step i=46 phase=finalists live=18
@tune step i=47 phase=finalists live=18
@tune step i=48 phase=finalists live=18
@tune step i=49 phase=finalists live=18
@tune step i=50 phase=finalists live=18
@tune step i=51 phase=finalists live=18
@tune step i=52 phase=finalists live=18
@tune step i=53 phase=finalists live=18
@tune step i=54 phase=finalists live=18
@tune step i=55 phase=finalists live=18
@tune step i=56 phase=finalists live=18
@tune step i=57 phase=finalists live=18
@tune step i=58 phase=finalists live=18
@tune step i=59 phase=finalists live=18
@tune step i=60 phase=finalists live=18
@tune step i=61 phase=finalists live=18
@tune step i=62 phase=finalists live=18
@tune step i=63 phase=finalists live=18
@tune step i=64 phase=finalists live=18
@tune step i=65 phase=finalists live=18
@tune step i=66 phase=finalists live=18
@tune step i=67 phase=finalists live=18
@tune step i=68 phase=finalists live=18
@tune step i=69 phase=finalists live=18
@tune step i=70 phase=finalists live=18
@tune step i=71 phase=finalists live=18
@tune step i=72 phase=finalists live=18
@tune step i=73 phase=finalists live=18
@tune step i=74 phase=finalists live=18
@tune step i=75 phase=finalists live=18
@tune step i=76 phase=finalists live=18
@tune step i=77 phase=finalists live=18
@tune step i=78 phase=finalists live=18
@tune step i=79 phase=finalists live=18
@tune step i=80 phase=finalists live=18
@tune end name=add_inplace winner=vec8_u4 verdict=beats
@tune begin name=mul_inplace total=80
@tune step i=1 phase=screening live=20
@tune step i=2 phase=screening live=20
@tune step i=3 phase=screening live=20
@tune step i=4 phase=screening live=20
@tune step i=5 phase=screening live=20
@tune step i=6 phase=screening live=20
@tune step i=7 phase=screening live=20
@tune step i=8 phase=screening live=20
@tune step i=9 phase=screening live=20
@tune step i=10 phase=screening live=20
@tune step i=11 phase=screening live=20
@tune step i=12 phase=screening live=20
@tune step i=13 phase=screening live=20
@tune step i=14 phase=screening live=20
@tune step i=15 phase=screening live=20
@tune step i=16 phase=screening live=20
@tune step i=17 phase=screening live=20
@tune step i=18 phase=screening live=20
@tune step i=19 phase=screening live=20
@tune step i=20 phase=screening live=20
@tune step i=21 phase=finalists live=20
@tune step i=22 phase=finalists live=20
@tune step i=23 phase=finalists live=20
@tune step i=24 phase=finalists live=20
@tune step i=25 phase=finalists live=20
@tune step i=26 phase=finalists live=20
@tune step i=27 phase=finalists live=20
@tune step i=28 phase=finalists live=20
@tune step i=29 phase=finalists live=20
@tune step i=30 phase=finalists live=20
@tune step i=31 phase=finalists live=20
@tune step i=32 phase=finalists live=20
@tune step i=33 phase=finalists live=20
@tune step i=34 phase=finalists live=20
@tune step i=35 phase=finalists live=20
@tune step i=36 phase=finalists live=20
@tune step i=37 phase=finalists live=20
@tune step i=38 phase=finalists live=20
@tune step i=39 phase=finalists live=20
@tune step i=40 phase=finalists live=20
@tune step i=41 phase=finalists live=20
@tune step i=42 phase=finalists live=20
@tune step i=43 phase=finalists live=20
@tune step i=44 phase=finalists live=20
@tune step i=45 phase=finalists live=20
@tune step i=46 phase=finalists live=20
@tune step i=47 phase=finalists live=20
@tune step i=48 phase=finalists live=20
@tune step i=49 phase=finalists live=20
@tune step i=50 phase=finalists live=20
@tune step i=51 phase=finalists live=20
@tune step i=52 phase=finalists live=20
@tune step i=53 phase=finalists live=20
@tune step i=54 phase=finalists live=20
@tune step i=55 phase=finalists live=20
@tune step i=56 phase=finalists live=20
@tune step i=57 phase=finalists live=20
@tune step i=58 phase=finalists live=20
@tune step i=59 phase=finalists live=20
@tune step i=60 phase=finalists live=20
@tune step i=61 phase=finalists live=20
@tune step i=62 phase=finalists live=20
@tune step i=63 phase=finalists live=20
@tune step i=64 phase=finalists live=20
@tune step i=65 phase=finalists live=20
@tune step i=66 phase=finalists live=20
@tune step i=67 phase=finalists live=20
@tune step i=68 phase=finalists live=20
@tune step i=69 phase=finalists live=20
@tune step i=70 phase=finalists live=20
@tune step i=71 phase=finalists live=20
@tune step i=72 phase=finalists live=20
@tune step i=73 phase=finalists live=20
@tune step i=74 phase=finalists live=20
@tune step i=75 phase=finalists live=20
@tune step i=76 phase=finalists live=20
@tune step i=77 phase=finalists live=20
@tune step i=78 phase=finalists live=20
@tune step i=79 phase=finalists live=20
@tune step i=80 phase=finalists live=20
@tune end name=mul_inplace winner=vec8_u8 verdict=beats
@tune begin name=scale_inplace total=80
@tune step i=1 phase=screening live=20
@tune step i=2 phase=screening live=20
@tune step i=3 phase=screening live=20
@tune step i=4 phase=screening live=20
@tune step i=5 phase=screening live=20
@tune step i=6 phase=screening live=20
@tune step i=7 phase=screening live=20
@tune step i=8 phase=screening live=20
@tune step i=9 phase=screening live=20
@tune step i=10 phase=screening live=20
@tune step i=11 phase=screening live=20
@tune step i=12 phase=screening live=20
@tune step i=13 phase=screening live=20
@tune step i=14 phase=screening live=20
@tune step i=15 phase=screening live=20
@tune step i=16 phase=screening live=20
@tune step i=17 phase=screening live=20
@tune step i=18 phase=screening live=20
@tune step i=19 phase=screening live=20
@tune step i=20 phase=screening live=20
@tune step i=21 phase=finalists live=20
@tune step i=22 phase=finalists live=20
@tune step i=23 phase=finalists live=20
@tune step i=24 phase=finalists live=20
@tune step i=25 phase=finalists live=20
@tune step i=26 phase=finalists live=20
@tune step i=27 phase=finalists live=20
@tune step i=28 phase=finalists live=20
@tune step i=29 phase=finalists live=20
@tune step i=30 phase=finalists live=20
@tune step i=31 phase=finalists live=20
@tune step i=32 phase=finalists live=20
@tune step i=33 phase=finalists live=20
@tune step i=34 phase=finalists live=20
@tune step i=35 phase=finalists live=20
@tune step i=36 phase=finalists live=20
@tune step i=37 phase=finalists live=20
@tune step i=38 phase=finalists live=20
@tune step i=39 phase=finalists live=20
@tune step i=40 phase=finalists live=20
@tune step i=41 phase=finalists live=20
@tune step i=42 phase=finalists live=20
@tune step i=43 phase=finalists live=20
@tune step i=44 phase=finalists live=20
@tune step i=45 phase=finalists live=20
@tune step i=46 phase=finalists live=20
@tune step i=47 phase=finalists live=20
@tune step i=48 phase=finalists live=20
@tune step i=49 phase=finalists live=20
@tune step i=50 phase=finalists live=20
@tune step i=51 phase=finalists live=20
@tune step i=52 phase=finalists live=20
@tune step i=53 phase=finalists live=20
@tune step i=54 phase=finalists live=20
@tune step i=55 phase=finalists live=20
@tune step i=56 phase=finalists live=20
@tune step i=57 phase=finalists live=20
@tune step i=58 phase=finalists live=20
@tune step i=59 phase=finalists live=20
@tune step i=60 phase=finalists live=20
@tune step i=61 phase=finalists live=20
@tune step i=62 phase=finalists live=20
@tune step i=63 phase=finalists live=20
@tune step i=64 phase=finalists live=20
@tune step i=65 phase=finalists live=20
@tune step i=66 phase=finalists live=20
@tune step i=67 phase=finalists live=20
@tune step i=68 phase=finalists live=20
@tune step i=69 phase=finalists live=20
@tune step i=70 phase=finalists live=20
@tune step i=71 phase=finalists live=20
@tune step i=72 phase=finalists live=20
@tune step i=73 phase=finalists live=20
@tune step i=74 phase=finalists live=20
@tune step i=75 phase=finalists live=20
@tune step i=76 phase=finalists live=20
@tune step i=77 phase=finalists live=20
@tune step i=78 phase=finalists live=20
@tune step i=79 phase=finalists live=20
@tune step i=80 phase=finalists live=20
@tune end name=scale_inplace winner=vec16_u2 verdict=beats
@tune begin name=copy_floats total=80
@tune step i=1 phase=screening live=20
@tune step i=2 phase=screening live=20
@tune step i=3 phase=screening live=20
@tune step i=4 phase=screening live=20
@tune step i=5 phase=screening live=20
@tune step i=6 phase=screening live=20
@tune step i=7 phase=screening live=20
@tune step i=8 phase=screening live=20
@tune step i=9 phase=screening live=20
@tune step i=10 phase=screening live=20
@tune step i=11 phase=screening live=20
@tune step i=12 phase=screening live=20
@tune step i=13 phase=screening live=20
@tune step i=14 phase=screening live=20
@tune step i=15 phase=screening live=20
@tune step i=16 phase=screening live=20
@tune step i=17 phase=screening live=20
@tune step i=18 phase=screening live=20
@tune step i=19 phase=screening live=20
@tune step i=20 phase=screening live=20
@tune step i=21 phase=finalists live=20
@tune step i=22 phase=finalists live=20
@tune step i=23 phase=finalists live=20
@tune step i=24 phase=finalists live=20
@tune step i=25 phase=finalists live=20
@tune step i=26 phase=finalists live=20
@tune step i=27 phase=finalists live=20
@tune step i=28 phase=finalists live=20
@tune step i=29 phase=finalists live=20
@tune step i=30 phase=finalists live=20
@tune step i=31 phase=finalists live=20
@tune step i=32 phase=finalists live=20
@tune step i=33 phase=finalists live=20
@tune step i=34 phase=finalists live=20
@tune step i=35 phase=finalists live=20
@tune step i=36 phase=finalists live=20
@tune step i=37 phase=finalists live=20
@tune step i=38 phase=finalists live=5
@tune step i=39 phase=finalists live=5
@tune step i=40 phase=finalists live=5
@tune step i=41 phase=finalists live=5
@tune step i=42 phase=finalists live=5
@tune step i=43 phase=finalists live=5
@tune step i=44 phase=finalists live=5
@tune step i=45 phase=finalists live=5
@tune step i=46 phase=finalists live=5
@tune step i=47 phase=finalists live=5
@tune step i=48 phase=finalists live=5
@tune step i=49 phase=finalists live=5
@tune step i=50 phase=finalists live=5
@tune step i=51 phase=finalists live=5
@tune step i=52 phase=finalists live=5
@tune step i=53 phase=finalists live=5
@tune step i=54 phase=finalists live=5
@tune step i=55 phase=finalists live=5
@tune step i=56 phase=finalists live=5
@tune step i=57 phase=finalists live=5
@tune step i=58 phase=finalists live=5
@tune step i=59 phase=finalists live=5
@tune step i=60 phase=finalists live=5
@tune step i=61 phase=finalists live=5
@tune step i=62 phase=finalists live=5
@tune step i=63 phase=finalists live=5
@tune step i=64 phase=finalists live=5
@tune step i=65 phase=finalists live=5
@tune step i=66 phase=finalists live=5
@tune step i=67 phase=finalists live=5
@tune step i=68 phase=finalists live=5
@tune step i=69 phase=finalists live=5
@tune step i=70 phase=finalists live=5
@tune step i=71 phase=finalists live=5
@tune step i=72 phase=finalists live=5
@tune step i=73 phase=finalists live=5
@tune step i=74 phase=finalists live=5
@tune step i=75 phase=finalists live=5
@tune step i=76 phase=finalists live=5
@tune step i=77 phase=finalists live=5
@tune step i=78 phase=finalists live=5
@tune step i=79 phase=finalists live=5
@tune step i=80 phase=finalists live=5
  copy_floats: NOISY — winner's best-of runs 5.0% under its median (flag at 2.0%)
@tune end name=copy_floats winner=vec8_u2 verdict=holds
noise probe (mid1): cv 0.21% <= 2.0% — box is quiet (median 2392 us)
@tune begin name=softmax total=80
@tune step i=1 phase=screening live=20
@tune step i=2 phase=screening live=20
@tune step i=3 phase=screening live=20
@tune step i=4 phase=screening live=20
@tune step i=5 phase=screening live=20
@tune step i=6 phase=screening live=20
@tune step i=7 phase=screening live=20
@tune step i=8 phase=screening live=20
@tune step i=9 phase=screening live=20
@tune step i=10 phase=screening live=20
@tune step i=11 phase=screening live=20
@tune step i=12 phase=screening live=20
@tune step i=13 phase=screening live=20
@tune step i=14 phase=screening live=20
@tune step i=15 phase=screening live=20
@tune step i=16 phase=screening live=20
@tune step i=17 phase=screening live=20
@tune step i=18 phase=screening live=20
@tune step i=19 phase=screening live=20
@tune step i=20 phase=screening live=20
@tune step i=21 phase=finalists live=20
@tune step i=22 phase=finalists live=20
@tune step i=23 phase=finalists live=20
@tune step i=24 phase=finalists live=20
@tune step i=25 phase=finalists live=20
@tune step i=26 phase=finalists live=20
@tune step i=27 phase=finalists live=20
@tune step i=28 phase=finalists live=20
@tune step i=29 phase=finalists live=20
@tune step i=30 phase=finalists live=20
@tune step i=31 phase=finalists live=20
@tune step i=32 phase=finalists live=20
@tune step i=33 phase=finalists live=20
@tune step i=34 phase=finalists live=20
@tune step i=35 phase=finalists live=20
@tune step i=36 phase=finalists live=20
@tune step i=37 phase=finalists live=20
@tune step i=38 phase=finalists live=20
@tune step i=39 phase=finalists live=20
@tune step i=40 phase=finalists live=20
@tune step i=41 phase=finalists live=20
@tune step i=42 phase=finalists live=20
@tune step i=43 phase=finalists live=20
@tune step i=44 phase=finalists live=20
@tune step i=45 phase=finalists live=20
@tune step i=46 phase=finalists live=20
@tune step i=47 phase=finalists live=20
@tune step i=48 phase=finalists live=20
@tune step i=49 phase=finalists live=20
@tune step i=50 phase=finalists live=20
@tune step i=51 phase=finalists live=20
@tune step i=52 phase=finalists live=20
@tune step i=53 phase=finalists live=20
@tune step i=54 phase=finalists live=20
@tune step i=55 phase=finalists live=20
@tune step i=56 phase=finalists live=20
@tune step i=57 phase=finalists live=20
@tune step i=58 phase=finalists live=20
@tune step i=59 phase=finalists live=20
@tune step i=60 phase=finalists live=20
@tune step i=61 phase=finalists live=20
@tune step i=62 phase=finalists live=20
@tune step i=63 phase=finalists live=20
@tune step i=64 phase=finalists live=20
@tune step i=65 phase=finalists live=20
@tune step i=66 phase=finalists live=20
@tune step i=67 phase=finalists live=20
@tune step i=68 phase=finalists live=20
@tune step i=69 phase=finalists live=20
@tune step i=70 phase=finalists live=20
@tune step i=71 phase=finalists live=20
@tune step i=72 phase=finalists live=20
@tune step i=73 phase=finalists live=20
@tune step i=74 phase=finalists live=20
@tune step i=75 phase=finalists live=20
@tune step i=76 phase=finalists live=20
@tune step i=77 phase=finalists live=20
@tune step i=78 phase=finalists live=20
@tune step i=79 phase=finalists live=20
@tune step i=80 phase=finalists live=20
@tune end name=softmax winner=vec8_u2 verdict=holds
@tune begin name=rmsnorm total=80
@tune step i=1 phase=screening live=20
@tune step i=2 phase=screening live=20
@tune step i=3 phase=screening live=20
@tune step i=4 phase=screening live=20
@tune step i=5 phase=screening live=20
@tune step i=6 phase=screening live=20
@tune step i=7 phase=screening live=20
@tune step i=8 phase=screening live=20
@tune step i=9 phase=screening live=20
@tune step i=10 phase=screening live=20
@tune step i=11 phase=screening live=20
@tune step i=12 phase=screening live=20
@tune step i=13 phase=screening live=20
@tune step i=14 phase=screening live=20
@tune step i=15 phase=screening live=20
@tune step i=16 phase=screening live=20
@tune step i=17 phase=screening live=20
@tune step i=18 phase=screening live=20
@tune step i=19 phase=screening live=20
@tune step i=20 phase=screening live=20
@tune step i=21 phase=finalists live=9
@tune step i=22 phase=finalists live=9
@tune step i=23 phase=finalists live=9
@tune step i=24 phase=finalists live=9
@tune step i=25 phase=finalists live=9
@tune step i=26 phase=finalists live=9
@tune step i=27 phase=finalists live=9
@tune step i=28 phase=finalists live=9
@tune step i=29 phase=finalists live=9
@tune step i=30 phase=finalists live=9
@tune step i=31 phase=finalists live=9
@tune step i=32 phase=finalists live=9
@tune step i=33 phase=finalists live=9
@tune step i=34 phase=finalists live=9
@tune step i=35 phase=finalists live=9
@tune step i=36 phase=finalists live=9
@tune step i=37 phase=finalists live=9
@tune step i=38 phase=finalists live=9
@tune step i=39 phase=finalists live=9
@tune step i=40 phase=finalists live=9
@tune step i=41 phase=finalists live=9
@tune step i=42 phase=finalists live=9
@tune step i=43 phase=finalists live=9
@tune step i=44 phase=finalists live=9
@tune step i=45 phase=finalists live=9
@tune step i=46 phase=finalists live=9
@tune step i=47 phase=finalists live=9
@tune step i=48 phase=finalists live=9
@tune step i=49 phase=finalists live=9
@tune step i=50 phase=finalists live=9
@tune step i=51 phase=finalists live=9
@tune step i=52 phase=finalists live=9
@tune step i=53 phase=finalists live=9
@tune step i=54 phase=finalists live=9
@tune step i=55 phase=finalists live=9
@tune step i=56 phase=finalists live=9
@tune step i=57 phase=finalists live=9
@tune step i=58 phase=finalists live=9
@tune step i=59 phase=finalists live=9
@tune step i=60 phase=finalists live=9
@tune step i=61 phase=finalists live=9
@tune step i=62 phase=finalists live=9
@tune step i=63 phase=finalists live=9
@tune step i=64 phase=finalists live=9
@tune step i=65 phase=finalists live=9
@tune step i=66 phase=finalists live=9
@tune step i=67 phase=finalists live=9
@tune step i=68 phase=finalists live=9
@tune step i=69 phase=finalists live=9
@tune step i=70 phase=finalists live=9
@tune step i=71 phase=finalists live=9
@tune step i=72 phase=finalists live=9
@tune step i=73 phase=finalists live=9
@tune step i=74 phase=finalists live=9
@tune step i=75 phase=finalists live=9
@tune step i=76 phase=finalists live=9
@tune step i=77 phase=finalists live=9
@tune step i=78 phase=finalists live=9
@tune step i=79 phase=finalists live=9
@tune step i=80 phase=finalists live=9
  rmsnorm: NOISY — winner's best-of runs 2.2% under its median (flag at 2.0%)
@tune end name=rmsnorm winner=vec8 verdict=beats
@tune begin name=dot_q4 total=80
@tune step i=1 phase=screening live=20
@tune step i=2 phase=screening live=20
@tune step i=3 phase=screening live=20
@tune step i=4 phase=screening live=20
@tune step i=5 phase=screening live=20
@tune step i=6 phase=screening live=20
@tune step i=7 phase=screening live=20
@tune step i=8 phase=screening live=20
@tune step i=9 phase=screening live=20
@tune step i=10 phase=screening live=20
@tune step i=11 phase=screening live=20
@tune step i=12 phase=screening live=20
@tune step i=13 phase=screening live=20
@tune step i=14 phase=screening live=20
@tune step i=15 phase=screening live=20
@tune step i=16 phase=screening live=20
@tune step i=17 phase=screening live=20
@tune step i=18 phase=screening live=20
@tune step i=19 phase=screening live=20
@tune step i=20 phase=screening live=20
@tune step i=21 phase=finalists live=6
@tune step i=22 phase=finalists live=6
@tune step i=23 phase=finalists live=6
@tune step i=24 phase=finalists live=6
@tune step i=25 phase=finalists live=6
@tune step i=26 phase=finalists live=6
@tune step i=27 phase=finalists live=6
@tune step i=28 phase=finalists live=6
@tune step i=29 phase=finalists live=6
@tune step i=30 phase=finalists live=6
@tune step i=31 phase=finalists live=6
@tune step i=32 phase=finalists live=6
@tune step i=33 phase=finalists live=6
@tune step i=34 phase=finalists live=6
@tune step i=35 phase=finalists live=6
@tune step i=36 phase=finalists live=6
@tune step i=37 phase=finalists live=6
@tune step i=38 phase=finalists live=6
@tune step i=39 phase=finalists live=6
@tune step i=40 phase=finalists live=6
@tune step i=41 phase=finalists live=6
@tune step i=42 phase=finalists live=6
@tune step i=43 phase=finalists live=6
@tune step i=44 phase=finalists live=6
@tune step i=45 phase=finalists live=6
@tune step i=46 phase=finalists live=6
@tune step i=47 phase=finalists live=6
@tune step i=48 phase=finalists live=6
@tune step i=49 phase=finalists live=6
@tune step i=50 phase=finalists live=6
@tune step i=51 phase=finalists live=6
@tune step i=52 phase=finalists live=6
@tune step i=53 phase=finalists live=6
@tune step i=54 phase=finalists live=6
@tune step i=55 phase=finalists live=6
@tune step i=56 phase=finalists live=6
@tune step i=57 phase=finalists live=6
@tune step i=58 phase=finalists live=6
@tune step i=59 phase=finalists live=6
@tune step i=60 phase=finalists live=6
@tune step i=61 phase=finalists live=6
@tune step i=62 phase=finalists live=6
@tune step i=63 phase=finalists live=6
@tune step i=64 phase=finalists live=6
@tune step i=65 phase=finalists live=6
@tune step i=66 phase=finalists live=6
@tune step i=67 phase=finalists live=6
@tune step i=68 phase=finalists live=6
@tune step i=69 phase=finalists live=6
@tune step i=70 phase=finalists live=6
@tune step i=71 phase=finalists live=6
@tune step i=72 phase=finalists live=6
@tune step i=73 phase=finalists live=6
@tune step i=74 phase=finalists live=6
@tune step i=75 phase=finalists live=6
@tune step i=76 phase=finalists live=6
@tune step i=77 phase=finalists live=6
@tune step i=78 phase=finalists live=6
@tune step i=79 phase=finalists live=6
@tune step i=80 phase=finalists live=6
@tune end name=dot_q4 winner=vec4_u4 verdict=holds
@tune begin name=dot_q8q8 total=80
@tune step i=1 phase=screening live=20
@tune step i=2 phase=screening live=20
@tune step i=3 phase=screening live=20
@tune step i=4 phase=screening live=20
@tune step i=5 phase=screening live=20
@tune step i=6 phase=screening live=20
@tune step i=7 phase=screening live=20
@tune step i=8 phase=screening live=20
@tune step i=9 phase=screening live=20
@tune step i=10 phase=screening live=20
@tune step i=11 phase=screening live=20
@tune step i=12 phase=screening live=20
@tune step i=13 phase=screening live=20
@tune step i=14 phase=screening live=20
@tune step i=15 phase=screening live=20
@tune step i=16 phase=screening live=20
@tune step i=17 phase=screening live=20
@tune step i=18 phase=screening live=20
@tune step i=19 phase=screening live=20
@tune step i=20 phase=screening live=20
@tune step i=21 phase=finalists live=14
@tune step i=22 phase=finalists live=14
@tune step i=23 phase=finalists live=14
@tune step i=24 phase=finalists live=14
@tune step i=25 phase=finalists live=14
@tune step i=26 phase=finalists live=14
@tune step i=27 phase=finalists live=14
@tune step i=28 phase=finalists live=14
@tune step i=29 phase=finalists live=14
@tune step i=30 phase=finalists live=14
@tune step i=31 phase=finalists live=14
@tune step i=32 phase=finalists live=14
@tune step i=33 phase=finalists live=14
@tune step i=34 phase=finalists live=14
@tune step i=35 phase=finalists live=14
@tune step i=36 phase=finalists live=14
@tune step i=37 phase=finalists live=14
@tune step i=38 phase=finalists live=14
@tune step i=39 phase=finalists live=14
@tune step i=40 phase=finalists live=14
@tune step i=41 phase=finalists live=14
@tune step i=42 phase=finalists live=14
@tune step i=43 phase=finalists live=14
@tune step i=44 phase=finalists live=14
@tune step i=45 phase=finalists live=14
@tune step i=46 phase=finalists live=14
@tune step i=47 phase=finalists live=14
@tune step i=48 phase=finalists live=14
@tune step i=49 phase=finalists live=14
@tune step i=50 phase=finalists live=14
@tune step i=51 phase=finalists live=14
@tune step i=52 phase=finalists live=14
@tune step i=53 phase=finalists live=14
@tune step i=54 phase=finalists live=14
@tune step i=55 phase=finalists live=14
@tune step i=56 phase=finalists live=14
@tune step i=57 phase=finalists live=14
@tune step i=58 phase=finalists live=14
@tune step i=59 phase=finalists live=14
@tune step i=60 phase=finalists live=14
@tune step i=61 phase=finalists live=14
@tune step i=62 phase=finalists live=14
@tune step i=63 phase=finalists live=14
@tune step i=64 phase=finalists live=14
@tune step i=65 phase=finalists live=14
@tune step i=66 phase=finalists live=14
@tune step i=67 phase=finalists live=14
@tune step i=68 phase=finalists live=14
@tune step i=69 phase=finalists live=14
@tune step i=70 phase=finalists live=14
@tune step i=71 phase=finalists live=14
@tune step i=72 phase=finalists live=14
@tune step i=73 phase=finalists live=14
@tune step i=74 phase=finalists live=14
@tune step i=75 phase=finalists live=14
@tune step i=76 phase=finalists live=14
@tune step i=77 phase=finalists live=14
@tune step i=78 phase=finalists live=14
@tune step i=79 phase=finalists live=14
@tune step i=80 phase=finalists live=14
@tune end name=dot_q8q8 winner=vec16 verdict=holds
@tune begin name=dot_q8kv total=80
@tune step i=1 phase=screening live=20
@tune step i=2 phase=screening live=20
@tune step i=3 phase=screening live=20
@tune step i=4 phase=screening live=20
@tune step i=5 phase=screening live=20
@tune step i=6 phase=screening live=20
@tune step i=7 phase=screening live=20
@tune step i=8 phase=screening live=20
@tune step i=9 phase=screening live=20
@tune step i=10 phase=screening live=20
@tune step i=11 phase=screening live=20
@tune step i=12 phase=screening live=20
@tune step i=13 phase=screening live=20
@tune step i=14 phase=screening live=20
@tune step i=15 phase=screening live=20
@tune step i=16 phase=screening live=20
@tune step i=17 phase=screening live=20
@tune step i=18 phase=screening live=20
@tune step i=19 phase=screening live=20
@tune step i=20 phase=screening live=20
@tune step i=21 phase=finalists live=6
@tune step i=22 phase=finalists live=6
@tune step i=23 phase=finalists live=6
@tune step i=24 phase=finalists live=6
@tune step i=25 phase=finalists live=6
@tune step i=26 phase=finalists live=6
@tune step i=27 phase=finalists live=6
@tune step i=28 phase=finalists live=6
@tune step i=29 phase=finalists live=6
@tune step i=30 phase=finalists live=6
@tune step i=31 phase=finalists live=6
@tune step i=32 phase=finalists live=6
@tune step i=33 phase=finalists live=6
@tune step i=34 phase=finalists live=6
@tune step i=35 phase=finalists live=6
@tune step i=36 phase=finalists live=6
@tune step i=37 phase=finalists live=6
@tune step i=38 phase=finalists live=6
@tune step i=39 phase=finalists live=6
@tune step i=40 phase=finalists live=6
@tune step i=41 phase=finalists live=6
@tune step i=42 phase=finalists live=6
@tune step i=43 phase=finalists live=6
@tune step i=44 phase=finalists live=6
@tune step i=45 phase=finalists live=6
@tune step i=46 phase=finalists live=6
@tune step i=47 phase=finalists live=6
@tune step i=48 phase=finalists live=6
@tune step i=49 phase=finalists live=6
@tune step i=50 phase=finalists live=6
@tune step i=51 phase=finalists live=6
@tune step i=52 phase=finalists live=6
@tune step i=53 phase=finalists live=6
@tune step i=54 phase=finalists live=6
@tune step i=55 phase=finalists live=6
@tune step i=56 phase=finalists live=6
@tune step i=57 phase=finalists live=6
@tune step i=58 phase=finalists live=6
@tune step i=59 phase=finalists live=6
@tune step i=60 phase=finalists live=6
@tune step i=61 phase=finalists live=6
@tune step i=62 phase=finalists live=6
@tune step i=63 phase=finalists live=6
@tune step i=64 phase=finalists live=6
@tune step i=65 phase=finalists live=6
@tune step i=66 phase=finalists live=6
@tune step i=67 phase=finalists live=6
@tune step i=68 phase=finalists live=6
@tune step i=69 phase=finalists live=6
@tune step i=70 phase=finalists live=6
@tune step i=71 phase=finalists live=6
@tune step i=72 phase=finalists live=6
@tune step i=73 phase=finalists live=6
@tune step i=74 phase=finalists live=6
@tune step i=75 phase=finalists live=6
@tune step i=76 phase=finalists live=6
@tune step i=77 phase=finalists live=6
@tune step i=78 phase=finalists live=6
@tune step i=79 phase=finalists live=6
@tune step i=80 phase=finalists live=6
@tune end name=dot_q8kv winner=vec4_u2 verdict=beats
@tune begin name=dot_q8q8kv total=80
@tune step i=1 phase=screening live=20
@tune step i=2 phase=screening live=20
@tune step i=3 phase=screening live=20
@tune step i=4 phase=screening live=20
@tune step i=5 phase=screening live=20
@tune step i=6 phase=screening live=20
@tune step i=7 phase=screening live=20
@tune step i=8 phase=screening live=20
@tune step i=9 phase=screening live=20
@tune step i=10 phase=screening live=20
@tune step i=11 phase=screening live=20
@tune step i=12 phase=screening live=20
@tune step i=13 phase=screening live=20
@tune step i=14 phase=screening live=20
@tune step i=15 phase=screening live=20
@tune step i=16 phase=screening live=20
@tune step i=17 phase=screening live=20
@tune step i=18 phase=screening live=20
@tune step i=19 phase=screening live=20
@tune step i=20 phase=screening live=20
@tune step i=21 phase=finalists live=14
@tune step i=22 phase=finalists live=14
@tune step i=23 phase=finalists live=14
@tune step i=24 phase=finalists live=14
@tune step i=25 phase=finalists live=14
@tune step i=26 phase=finalists live=14
@tune step i=27 phase=finalists live=14
@tune step i=28 phase=finalists live=14
@tune step i=29 phase=finalists live=14
@tune step i=30 phase=finalists live=14
@tune step i=31 phase=finalists live=14
@tune step i=32 phase=finalists live=14
@tune step i=33 phase=finalists live=14
@tune step i=34 phase=finalists live=14
@tune step i=35 phase=finalists live=14
@tune step i=36 phase=finalists live=14
@tune step i=37 phase=finalists live=14
@tune step i=38 phase=finalists live=14
@tune step i=39 phase=finalists live=14
@tune step i=40 phase=finalists live=14
@tune step i=41 phase=finalists live=14
@tune step i=42 phase=finalists live=14
@tune step i=43 phase=finalists live=14
@tune step i=44 phase=finalists live=14
@tune step i=45 phase=finalists live=14
@tune step i=46 phase=finalists live=14
@tune step i=47 phase=finalists live=14
@tune step i=48 phase=finalists live=14
@tune step i=49 phase=finalists live=14
@tune step i=50 phase=finalists live=14
@tune step i=51 phase=finalists live=14
@tune step i=52 phase=finalists live=14
@tune step i=53 phase=finalists live=14
@tune step i=54 phase=finalists live=14
@tune step i=55 phase=finalists live=14
@tune step i=56 phase=finalists live=14
@tune step i=57 phase=finalists live=14
@tune step i=58 phase=finalists live=14
@tune step i=59 phase=finalists live=14
@tune step i=60 phase=finalists live=14
@tune step i=61 phase=finalists live=14
@tune step i=62 phase=finalists live=14
@tune step i=63 phase=finalists live=14
@tune step i=64 phase=finalists live=14
@tune step i=65 phase=finalists live=14
@tune step i=66 phase=finalists live=14
@tune step i=67 phase=finalists live=14
@tune step i=68 phase=finalists live=14
@tune step i=69 phase=finalists live=14
@tune step i=70 phase=finalists live=14
@tune step i=71 phase=finalists live=14
@tune step i=72 phase=finalists live=14
@tune step i=73 phase=finalists live=14
@tune step i=74 phase=finalists live=14
@tune step i=75 phase=finalists live=14
@tune step i=76 phase=finalists live=14
@tune step i=77 phase=finalists live=14
@tune step i=78 phase=finalists live=14
@tune step i=79 phase=finalists live=14
@tune step i=80 phase=finalists live=14
@tune end name=dot_q8q8kv winner=vec16 verdict=holds
@tune begin name=axpy_q8kv total=80
@tune step i=1 phase=screening live=20
@tune step i=2 phase=screening live=20
@tune step i=3 phase=screening live=20
@tune step i=4 phase=screening live=20
@tune step i=5 phase=screening live=20
@tune step i=6 phase=screening live=20
@tune step i=7 phase=screening live=20
@tune step i=8 phase=screening live=20
@tune step i=9 phase=screening live=20
@tune step i=10 phase=screening live=20
@tune step i=11 phase=screening live=20
@tune step i=12 phase=screening live=20
@tune step i=13 phase=screening live=20
@tune step i=14 phase=screening live=20
@tune step i=15 phase=screening live=20
@tune step i=16 phase=screening live=20
@tune step i=17 phase=screening live=20
@tune step i=18 phase=screening live=20
@tune step i=19 phase=screening live=20
@tune step i=20 phase=screening live=20
@tune step i=21 phase=finalists live=19
@tune step i=22 phase=finalists live=19
@tune step i=23 phase=finalists live=19
@tune step i=24 phase=finalists live=19
@tune step i=25 phase=finalists live=19
@tune step i=26 phase=finalists live=19
@tune step i=27 phase=finalists live=19
@tune step i=28 phase=finalists live=19
@tune step i=29 phase=finalists live=19
@tune step i=30 phase=finalists live=19
@tune step i=31 phase=finalists live=19
@tune step i=32 phase=finalists live=19
@tune step i=33 phase=finalists live=19
@tune step i=34 phase=finalists live=19
@tune step i=35 phase=finalists live=19
@tune step i=36 phase=finalists live=19
@tune step i=37 phase=finalists live=19
@tune step i=38 phase=finalists live=19
@tune step i=39 phase=finalists live=19
@tune step i=40 phase=finalists live=19
@tune step i=41 phase=finalists live=19
@tune step i=42 phase=finalists live=19
@tune step i=43 phase=finalists live=19
@tune step i=44 phase=finalists live=19
@tune step i=45 phase=finalists live=19
@tune step i=46 phase=finalists live=19
@tune step i=47 phase=finalists live=19
@tune step i=48 phase=finalists live=19
@tune step i=49 phase=finalists live=19
@tune step i=50 phase=finalists live=19
@tune step i=51 phase=finalists live=19
@tune step i=52 phase=finalists live=19
@tune step i=53 phase=finalists live=19
@tune step i=54 phase=finalists live=19
@tune step i=55 phase=finalists live=19
@tune step i=56 phase=finalists live=19
@tune step i=57 phase=finalists live=19
@tune step i=58 phase=finalists live=19
@tune step i=59 phase=finalists live=19
@tune step i=60 phase=finalists live=19
@tune step i=61 phase=finalists live=19
@tune step i=62 phase=finalists live=19
@tune step i=63 phase=finalists live=19
@tune step i=64 phase=finalists live=19
@tune step i=65 phase=finalists live=19
@tune step i=66 phase=finalists live=19
@tune step i=67 phase=finalists live=19
@tune step i=68 phase=finalists live=19
@tune step i=69 phase=finalists live=19
@tune step i=70 phase=finalists live=19
@tune step i=71 phase=finalists live=19
@tune step i=72 phase=finalists live=19
@tune step i=73 phase=finalists live=19
@tune step i=74 phase=finalists live=19
@tune step i=75 phase=finalists live=19
@tune step i=76 phase=finalists live=19
@tune step i=77 phase=finalists live=19
@tune step i=78 phase=finalists live=19
@tune step i=79 phase=finalists live=19
@tune step i=80 phase=finalists live=19
@tune end name=axpy_q8kv winner=u2 verdict=beats
@tune begin name=cvt_q8kv_to_f32 total=80
@tune step i=1 phase=screening live=20
@tune step i=2 phase=screening live=20
@tune step i=3 phase=screening live=20
@tune step i=4 phase=screening live=20
@tune step i=5 phase=screening live=20
@tune step i=6 phase=screening live=20
@tune step i=7 phase=screening live=20
@tune step i=8 phase=screening live=20
@tune step i=9 phase=screening live=20
@tune step i=10 phase=screening live=20
@tune step i=11 phase=screening live=20
@tune step i=12 phase=screening live=20
@tune step i=13 phase=screening live=20
@tune step i=14 phase=screening live=20
@tune step i=15 phase=screening live=20
@tune step i=16 phase=screening live=20
@tune step i=17 phase=screening live=20
@tune step i=18 phase=screening live=20
@tune step i=19 phase=screening live=20
@tune step i=20 phase=screening live=20
@tune step i=21 phase=finalists live=20
@tune step i=22 phase=finalists live=20
@tune step i=23 phase=finalists live=20
@tune step i=24 phase=finalists live=20
@tune step i=25 phase=finalists live=20
@tune step i=26 phase=finalists live=20
@tune step i=27 phase=finalists live=20
@tune step i=28 phase=finalists live=20
@tune step i=29 phase=finalists live=20
@tune step i=30 phase=finalists live=20
@tune step i=31 phase=finalists live=20
@tune step i=32 phase=finalists live=20
@tune step i=33 phase=finalists live=20
@tune step i=34 phase=finalists live=20
@tune step i=35 phase=finalists live=20
@tune step i=36 phase=finalists live=20
@tune step i=37 phase=finalists live=20
@tune step i=38 phase=finalists live=20
@tune step i=39 phase=finalists live=20
@tune step i=40 phase=finalists live=20
@tune step i=41 phase=finalists live=20
@tune step i=42 phase=finalists live=20
@tune step i=43 phase=finalists live=20
@tune step i=44 phase=finalists live=20
@tune step i=45 phase=finalists live=20
@tune step i=46 phase=finalists live=20
@tune step i=47 phase=finalists live=20
@tune step i=48 phase=finalists live=20
@tune step i=49 phase=finalists live=20
@tune step i=50 phase=finalists live=20
@tune step i=51 phase=finalists live=20
@tune step i=52 phase=finalists live=20
@tune step i=53 phase=finalists live=20
@tune step i=54 phase=finalists live=20
@tune step i=55 phase=finalists live=20
@tune step i=56 phase=finalists live=20
@tune step i=57 phase=finalists live=20
@tune step i=58 phase=finalists live=20
@tune step i=59 phase=finalists live=20
@tune step i=60 phase=finalists live=20
@tune step i=61 phase=finalists live=20
@tune step i=62 phase=finalists live=20
@tune step i=63 phase=finalists live=20
@tune step i=64 phase=finalists live=20
@tune step i=65 phase=finalists live=20
@tune step i=66 phase=finalists live=20
@tune step i=67 phase=finalists live=20
@tune step i=68 phase=finalists live=20
@tune step i=69 phase=finalists live=20
@tune step i=70 phase=finalists live=20
@tune step i=71 phase=finalists live=20
@tune step i=72 phase=finalists live=20
@tune step i=73 phase=finalists live=20
@tune step i=74 phase=finalists live=20
@tune step i=75 phase=finalists live=20
@tune step i=76 phase=finalists live=20
@tune step i=77 phase=finalists live=20
@tune step i=78 phase=finalists live=20
@tune step i=79 phase=finalists live=20
@tune step i=80 phase=finalists live=20
@tune end name=cvt_q8kv_to_f32 winner=vec8_u2 verdict=holds
@tune begin name=quantize_q8kv_row total=80
@tune step i=1 phase=screening live=20
@tune step i=2 phase=screening live=20
@tune step i=3 phase=screening live=20
@tune step i=4 phase=screening live=20
@tune step i=5 phase=screening live=20
@tune step i=6 phase=screening live=20
@tune step i=7 phase=screening live=20
@tune step i=8 phase=screening live=20
@tune step i=9 phase=screening live=20
@tune step i=10 phase=screening live=20
@tune step i=11 phase=screening live=20
@tune step i=12 phase=screening live=20
@tune step i=13 phase=screening live=20
@tune step i=14 phase=screening live=20
@tune step i=15 phase=screening live=20
@tune step i=16 phase=screening live=20
@tune step i=17 phase=screening live=20
@tune step i=18 phase=screening live=20
@tune step i=19 phase=screening live=20
@tune step i=20 phase=screening live=20
@tune step i=21 phase=finalists live=17
@tune step i=22 phase=finalists live=17
@tune step i=23 phase=finalists live=17
@tune step i=24 phase=finalists live=17
@tune step i=25 phase=finalists live=17
@tune step i=26 phase=finalists live=17
@tune step i=27 phase=finalists live=17
@tune step i=28 phase=finalists live=17
@tune step i=29 phase=finalists live=17
@tune step i=30 phase=finalists live=17
@tune step i=31 phase=finalists live=17
@tune step i=32 phase=finalists live=17
@tune step i=33 phase=finalists live=17
@tune step i=34 phase=finalists live=17
@tune step i=35 phase=finalists live=17
@tune step i=36 phase=finalists live=17
@tune step i=37 phase=finalists live=17
@tune step i=38 phase=finalists live=17
@tune step i=39 phase=finalists live=17
@tune step i=40 phase=finalists live=17
@tune step i=41 phase=finalists live=17
@tune step i=42 phase=finalists live=17
@tune step i=43 phase=finalists live=17
@tune step i=44 phase=finalists live=17
@tune step i=45 phase=finalists live=17
@tune step i=46 phase=finalists live=17
@tune step i=47 phase=finalists live=17
@tune step i=48 phase=finalists live=17
@tune step i=49 phase=finalists live=17
@tune step i=50 phase=finalists live=17
@tune step i=51 phase=finalists live=17
@tune step i=52 phase=finalists live=17
@tune step i=53 phase=finalists live=17
@tune step i=54 phase=finalists live=17
@tune step i=55 phase=finalists live=17
@tune step i=56 phase=finalists live=17
@tune step i=57 phase=finalists live=17
@tune step i=58 phase=finalists live=17
@tune step i=59 phase=finalists live=17
@tune step i=60 phase=finalists live=17
@tune step i=61 phase=finalists live=17
@tune step i=62 phase=finalists live=17
@tune step i=63 phase=finalists live=17
@tune step i=64 phase=finalists live=17
@tune step i=65 phase=finalists live=17
@tune step i=66 phase=finalists live=17
@tune step i=67 phase=finalists live=17
@tune step i=68 phase=finalists live=17
@tune step i=69 phase=finalists live=17
@tune step i=70 phase=finalists live=17
@tune step i=71 phase=finalists live=17
@tune step i=72 phase=finalists live=17
@tune step i=73 phase=finalists live=17
@tune step i=74 phase=finalists live=17
@tune step i=75 phase=finalists live=17
@tune step i=76 phase=finalists live=17
@tune step i=77 phase=finalists live=17
@tune step i=78 phase=finalists live=17
@tune step i=79 phase=finalists live=17
@tune step i=80 phase=finalists live=17
@tune end name=quantize_q8kv_row winner=u2 verdict=beats
noise probe (mid2): cv 0.42% <= 2.0% — box is quiet (median 2394 us)
@tune begin name=dot_mx4q8 total=80
@tune step i=1 phase=screening live=20
@tune step i=2 phase=screening live=20
@tune step i=3 phase=screening live=20
@tune step i=4 phase=screening live=20
@tune step i=5 phase=screening live=20
@tune step i=6 phase=screening live=20
@tune step i=7 phase=screening live=20
@tune step i=8 phase=screening live=20
@tune step i=9 phase=screening live=20
@tune step i=10 phase=screening live=20
@tune step i=11 phase=screening live=20
@tune step i=12 phase=screening live=20
@tune step i=13 phase=screening live=20
@tune step i=14 phase=screening live=20
@tune step i=15 phase=screening live=20
@tune step i=16 phase=screening live=20
@tune step i=17 phase=screening live=20
@tune step i=18 phase=screening live=20
@tune step i=19 phase=screening live=20
@tune step i=20 phase=screening live=20
@tune step i=21 phase=finalists live=10
@tune step i=22 phase=finalists live=10
@tune step i=23 phase=finalists live=10
@tune step i=24 phase=finalists live=10
@tune step i=25 phase=finalists live=10
@tune step i=26 phase=finalists live=10
@tune step i=27 phase=finalists live=10
@tune step i=28 phase=finalists live=10
@tune step i=29 phase=finalists live=10
@tune step i=30 phase=finalists live=10
@tune step i=31 phase=finalists live=10
@tune step i=32 phase=finalists live=10
@tune step i=33 phase=finalists live=10
@tune step i=34 phase=finalists live=10
@tune step i=35 phase=finalists live=10
@tune step i=36 phase=finalists live=10
@tune step i=37 phase=finalists live=10
@tune step i=38 phase=finalists live=10
@tune step i=39 phase=finalists live=10
@tune step i=40 phase=finalists live=10
@tune step i=41 phase=finalists live=10
@tune step i=42 phase=finalists live=10
@tune step i=43 phase=finalists live=10
@tune step i=44 phase=finalists live=10
@tune step i=45 phase=finalists live=10
@tune step i=46 phase=finalists live=10
@tune step i=47 phase=finalists live=10
@tune step i=48 phase=finalists live=10
@tune step i=49 phase=finalists live=10
@tune step i=50 phase=finalists live=10
@tune step i=51 phase=finalists live=10
@tune step i=52 phase=finalists live=10
@tune step i=53 phase=finalists live=10
@tune step i=54 phase=finalists live=10
@tune step i=55 phase=finalists live=10
@tune step i=56 phase=finalists live=10
@tune step i=57 phase=finalists live=10
@tune step i=58 phase=finalists live=10
@tune step i=59 phase=finalists live=10
@tune step i=60 phase=finalists live=10
@tune step i=61 phase=finalists live=10
@tune step i=62 phase=finalists live=10
@tune step i=63 phase=finalists live=10
@tune step i=64 phase=finalists live=10
@tune step i=65 phase=finalists live=10
@tune step i=66 phase=finalists live=10
@tune step i=67 phase=finalists live=10
@tune step i=68 phase=finalists live=10
@tune step i=69 phase=finalists live=10
@tune step i=70 phase=finalists live=10
@tune step i=71 phase=finalists live=10
@tune step i=72 phase=finalists live=10
@tune step i=73 phase=finalists live=10
@tune step i=74 phase=finalists live=10
@tune step i=75 phase=finalists live=10
@tune step i=76 phase=finalists live=10
@tune step i=77 phase=finalists live=10
@tune step i=78 phase=finalists live=10
@tune step i=79 phase=finalists live=10
@tune step i=80 phase=finalists live=10
  dot_mx4q8: NOISY — winner's best-of runs 2.0% under its median (flag at 2.0%)
@tune end name=dot_mx4q8 winner=u8 verdict=beats
@tune begin name=quantize_q8_0_into_ptr total=80
@tune step i=1 phase=screening live=20
@tune step i=2 phase=screening live=20
@tune step i=3 phase=screening live=20
@tune step i=4 phase=screening live=20
@tune step i=5 phase=screening live=20
@tune step i=6 phase=screening live=20
@tune step i=7 phase=screening live=20
@tune step i=8 phase=screening live=20
@tune step i=9 phase=screening live=20
@tune step i=10 phase=screening live=20
@tune step i=11 phase=screening live=20
@tune step i=12 phase=screening live=20
@tune step i=13 phase=screening live=20
@tune step i=14 phase=screening live=20
@tune step i=15 phase=screening live=20
@tune step i=16 phase=screening live=20
@tune step i=17 phase=screening live=20
@tune step i=18 phase=screening live=20
@tune step i=19 phase=screening live=20
@tune step i=20 phase=screening live=20
@tune step i=21 phase=finalists live=14
@tune step i=22 phase=finalists live=14
@tune step i=23 phase=finalists live=14
@tune step i=24 phase=finalists live=14
@tune step i=25 phase=finalists live=14
@tune step i=26 phase=finalists live=14
@tune step i=27 phase=finalists live=14
@tune step i=28 phase=finalists live=14
@tune step i=29 phase=finalists live=14
@tune step i=30 phase=finalists live=14
@tune step i=31 phase=finalists live=14
@tune step i=32 phase=finalists live=14
@tune step i=33 phase=finalists live=14
@tune step i=34 phase=finalists live=14
@tune step i=35 phase=finalists live=14
@tune step i=36 phase=finalists live=14
@tune step i=37 phase=finalists live=14
@tune step i=38 phase=finalists live=14
@tune step i=39 phase=finalists live=14
@tune step i=40 phase=finalists live=14
@tune step i=41 phase=finalists live=14
@tune step i=42 phase=finalists live=14
@tune step i=43 phase=finalists live=14
@tune step i=44 phase=finalists live=14
@tune step i=45 phase=finalists live=14
@tune step i=46 phase=finalists live=14
@tune step i=47 phase=finalists live=14
@tune step i=48 phase=finalists live=14
@tune step i=49 phase=finalists live=14
@tune step i=50 phase=finalists live=14
@tune step i=51 phase=finalists live=14
@tune step i=52 phase=finalists live=14
@tune step i=53 phase=finalists live=14
@tune step i=54 phase=finalists live=14
@tune step i=55 phase=finalists live=14
@tune step i=56 phase=finalists live=14
@tune step i=57 phase=finalists live=14
@tune step i=58 phase=finalists live=14
@tune step i=59 phase=finalists live=14
@tune step i=60 phase=finalists live=14
@tune step i=61 phase=finalists live=14
@tune step i=62 phase=finalists live=14
@tune step i=63 phase=finalists live=14
@tune step i=64 phase=finalists live=14
@tune step i=65 phase=finalists live=14
@tune step i=66 phase=finalists live=14
@tune step i=67 phase=finalists live=14
@tune step i=68 phase=finalists live=14
@tune step i=69 phase=finalists live=14
@tune step i=70 phase=finalists live=14
@tune step i=71 phase=finalists live=14
@tune step i=72 phase=finalists live=14
@tune step i=73 phase=finalists live=14
@tune step i=74 phase=finalists live=14
@tune step i=75 phase=finalists live=14
@tune step i=76 phase=finalists live=14
@tune step i=77 phase=finalists live=14
@tune step i=78 phase=finalists live=14
@tune step i=79 phase=finalists live=14
@tune step i=80 phase=finalists live=14
@tune end name=quantize_q8_0_into_ptr winner=plain verdict=holds
@tune begin name=quantize_q8_0_bs_into_ptr total=80
@tune step i=1 phase=screening live=20
@tune step i=2 phase=screening live=20
@tune step i=3 phase=screening live=20
@tune step i=4 phase=screening live=20
@tune step i=5 phase=screening live=20
@tune step i=6 phase=screening live=20
@tune step i=7 phase=screening live=20
@tune step i=8 phase=screening live=20
@tune step i=9 phase=screening live=20
@tune step i=10 phase=screening live=20
@tune step i=11 phase=screening live=20
@tune step i=12 phase=screening live=20
@tune step i=13 phase=screening live=20
@tune step i=14 phase=screening live=20
@tune step i=15 phase=screening live=20
@tune step i=16 phase=screening live=20
@tune step i=17 phase=screening live=20
@tune step i=18 phase=screening live=20
@tune step i=19 phase=screening live=20
@tune step i=20 phase=screening live=20
@tune step i=21 phase=finalists live=17
@tune step i=22 phase=finalists live=17
@tune step i=23 phase=finalists live=17
@tune step i=24 phase=finalists live=17
@tune step i=25 phase=finalists live=17
@tune step i=26 phase=finalists live=17
@tune step i=27 phase=finalists live=17
@tune step i=28 phase=finalists live=17
@tune step i=29 phase=finalists live=17
@tune step i=30 phase=finalists live=17
@tune step i=31 phase=finalists live=17
@tune step i=32 phase=finalists live=17
@tune step i=33 phase=finalists live=17
@tune step i=34 phase=finalists live=17
@tune step i=35 phase=finalists live=17
@tune step i=36 phase=finalists live=17
@tune step i=37 phase=finalists live=17
@tune step i=38 phase=finalists live=17
@tune step i=39 phase=finalists live=17
@tune step i=40 phase=finalists live=17
@tune step i=41 phase=finalists live=17
@tune step i=42 phase=finalists live=17
@tune step i=43 phase=finalists live=17
@tune step i=44 phase=finalists live=17
@tune step i=45 phase=finalists live=17
@tune step i=46 phase=finalists live=17
@tune step i=47 phase=finalists live=17
@tune step i=48 phase=finalists live=17
@tune step i=49 phase=finalists live=17
@tune step i=50 phase=finalists live=17
@tune step i=51 phase=finalists live=17
@tune step i=52 phase=finalists live=17
@tune step i=53 phase=finalists live=17
@tune step i=54 phase=finalists live=17
@tune step i=55 phase=finalists live=17
@tune step i=56 phase=finalists live=17
@tune step i=57 phase=finalists live=17
@tune step i=58 phase=finalists live=17
@tune step i=59 phase=finalists live=17
@tune step i=60 phase=finalists live=17
@tune step i=61 phase=finalists live=17
@tune step i=62 phase=finalists live=17
@tune step i=63 phase=finalists live=17
@tune step i=64 phase=finalists live=17
@tune step i=65 phase=finalists live=17
@tune step i=66 phase=finalists live=17
@tune step i=67 phase=finalists live=17
@tune step i=68 phase=finalists live=17
@tune step i=69 phase=finalists live=17
@tune step i=70 phase=finalists live=17
@tune step i=71 phase=finalists live=17
@tune step i=72 phase=finalists live=17
@tune step i=73 phase=finalists live=17
@tune step i=74 phase=finalists live=17
@tune step i=75 phase=finalists live=17
@tune step i=76 phase=finalists live=17
@tune step i=77 phase=finalists live=17
@tune step i=78 phase=finalists live=17
@tune step i=79 phase=finalists live=17
@tune step i=80 phase=finalists live=17
@tune end name=quantize_q8_0_bs_into_ptr winner=plain verdict=holds
@tune begin name=rope_scaled_neox_tab total=80
@tune step i=1 phase=screening live=20
@tune step i=2 phase=screening live=20
@tune step i=3 phase=screening live=20
@tune step i=4 phase=screening live=20
@tune step i=5 phase=screening live=20
@tune step i=6 phase=screening live=20
@tune step i=7 phase=screening live=20
@tune step i=8 phase=screening live=20
@tune step i=9 phase=screening live=20
@tune step i=10 phase=screening live=20
@tune step i=11 phase=screening live=20
@tune step i=12 phase=screening live=20
@tune step i=13 phase=screening live=20
@tune step i=14 phase=screening live=20
@tune step i=15 phase=screening live=20
@tune step i=16 phase=screening live=20
@tune step i=17 phase=screening live=20
@tune step i=18 phase=screening live=20
@tune step i=19 phase=screening live=20
@tune step i=20 phase=screening live=20
@tune step i=21 phase=finalists live=6
@tune step i=22 phase=finalists live=6
@tune step i=23 phase=finalists live=6
@tune step i=24 phase=finalists live=6
@tune step i=25 phase=finalists live=6
@tune step i=26 phase=finalists live=6
@tune step i=27 phase=finalists live=6
@tune step i=28 phase=finalists live=6
@tune step i=29 phase=finalists live=6
@tune step i=30 phase=finalists live=6
@tune step i=31 phase=finalists live=6
@tune step i=32 phase=finalists live=6
@tune step i=33 phase=finalists live=6
@tune step i=34 phase=finalists live=6
@tune step i=35 phase=finalists live=6
@tune step i=36 phase=finalists live=6
@tune step i=37 phase=finalists live=6
@tune step i=38 phase=finalists live=6
@tune step i=39 phase=finalists live=6
@tune step i=40 phase=finalists live=6
@tune step i=41 phase=finalists live=6
@tune step i=42 phase=finalists live=6
@tune step i=43 phase=finalists live=6
@tune step i=44 phase=finalists live=6
@tune step i=45 phase=finalists live=6
@tune step i=46 phase=finalists live=6
@tune step i=47 phase=finalists live=6
@tune step i=48 phase=finalists live=6
@tune step i=49 phase=finalists live=6
@tune step i=50 phase=finalists live=6
@tune step i=51 phase=finalists live=6
@tune step i=52 phase=finalists live=6
@tune step i=53 phase=finalists live=6
@tune step i=54 phase=finalists live=6
@tune step i=55 phase=finalists live=6
@tune step i=56 phase=finalists live=6
@tune step i=57 phase=finalists live=6
@tune step i=58 phase=finalists live=6
@tune step i=59 phase=finalists live=6
@tune step i=60 phase=finalists live=6
@tune step i=61 phase=finalists live=6
@tune step i=62 phase=finalists live=6
@tune step i=63 phase=finalists live=6
@tune step i=64 phase=finalists live=6
@tune step i=65 phase=finalists live=6
@tune step i=66 phase=finalists live=6
@tune step i=67 phase=finalists live=6
@tune step i=68 phase=finalists live=6
@tune step i=69 phase=finalists live=6
@tune step i=70 phase=finalists live=6
@tune step i=71 phase=finalists live=6
@tune step i=72 phase=finalists live=6
@tune step i=73 phase=finalists live=6
@tune step i=74 phase=finalists live=6
@tune step i=75 phase=finalists live=6
@tune step i=76 phase=finalists live=6
@tune step i=77 phase=finalists live=6
@tune step i=78 phase=finalists live=6
@tune step i=79 phase=finalists live=6
@tune step i=80 phase=finalists live=6
@tune end name=rope_scaled_neox_tab winner=u4 verdict=beats
@tune begin name=gemm_f32_uk_4x16 total=80
@tune step i=1 phase=screening live=20
@tune step i=2 phase=screening live=20
@tune step i=3 phase=screening live=20
@tune step i=4 phase=screening live=20
@tune step i=5 phase=screening live=20
@tune step i=6 phase=screening live=20
@tune step i=7 phase=screening live=20
@tune step i=8 phase=screening live=20
@tune step i=9 phase=screening live=20
@tune step i=10 phase=screening live=20
@tune step i=11 phase=screening live=20
@tune step i=12 phase=screening live=20
@tune step i=13 phase=screening live=20
@tune step i=14 phase=screening live=20
@tune step i=15 phase=screening live=20
@tune step i=16 phase=screening live=20
@tune step i=17 phase=screening live=20
@tune step i=18 phase=screening live=20
@tune step i=19 phase=screening live=20
@tune step i=20 phase=screening live=20
@tune step i=21 phase=finalists live=10
@tune step i=22 phase=finalists live=10
@tune step i=23 phase=finalists live=10
@tune step i=24 phase=finalists live=10
@tune step i=25 phase=finalists live=10
@tune step i=26 phase=finalists live=10
@tune step i=27 phase=finalists live=10
@tune step i=28 phase=finalists live=10
@tune step i=29 phase=finalists live=10
@tune step i=30 phase=finalists live=10
@tune step i=31 phase=finalists live=10
@tune step i=32 phase=finalists live=10
@tune step i=33 phase=finalists live=10
@tune step i=34 phase=finalists live=10
@tune step i=35 phase=finalists live=10
@tune step i=36 phase=finalists live=10
@tune step i=37 phase=finalists live=10
@tune step i=38 phase=finalists live=10
@tune step i=39 phase=finalists live=10
@tune step i=40 phase=finalists live=10
@tune step i=41 phase=finalists live=10
@tune step i=42 phase=finalists live=10
@tune step i=43 phase=finalists live=10
@tune step i=44 phase=finalists live=10
@tune step i=45 phase=finalists live=10
@tune step i=46 phase=finalists live=10
@tune step i=47 phase=finalists live=10
@tune step i=48 phase=finalists live=10
@tune step i=49 phase=finalists live=10
@tune step i=50 phase=finalists live=10
@tune step i=51 phase=finalists live=10
@tune step i=52 phase=finalists live=10
@tune step i=53 phase=finalists live=10
@tune step i=54 phase=finalists live=10
@tune step i=55 phase=finalists live=10
@tune step i=56 phase=finalists live=10
@tune step i=57 phase=finalists live=10
@tune step i=58 phase=finalists live=10
@tune step i=59 phase=finalists live=10
@tune step i=60 phase=finalists live=10
@tune step i=61 phase=finalists live=10
@tune step i=62 phase=finalists live=10
@tune step i=63 phase=finalists live=10
@tune step i=64 phase=finalists live=10
@tune step i=65 phase=finalists live=10
@tune step i=66 phase=finalists live=10
@tune step i=67 phase=finalists live=10
@tune step i=68 phase=finalists live=10
@tune step i=69 phase=finalists live=10
@tune step i=70 phase=finalists live=10
@tune step i=71 phase=finalists live=10
@tune step i=72 phase=finalists live=10
@tune step i=73 phase=finalists live=10
@tune step i=74 phase=finalists live=10
@tune step i=75 phase=finalists live=10
@tune step i=76 phase=finalists live=10
@tune step i=77 phase=finalists live=10
@tune step i=78 phase=finalists live=10
@tune step i=79 phase=finalists live=10
@tune step i=80 phase=finalists live=10
@tune end name=gemm_f32_uk_4x16 winner=u2 verdict=holds
@tune begin name=dot_q8q8_laneq4x4 total=80
@tune step i=1 phase=screening live=20
@tune step i=2 phase=screening live=20
@tune step i=3 phase=screening live=20
@tune step i=4 phase=screening live=20
@tune step i=5 phase=screening live=20
@tune step i=6 phase=screening live=20
@tune step i=7 phase=screening live=20
@tune step i=8 phase=screening live=20
@tune step i=9 phase=screening live=20
@tune step i=10 phase=screening live=20
@tune step i=11 phase=screening live=20
@tune step i=12 phase=screening live=20
@tune step i=13 phase=screening live=20
@tune step i=14 phase=screening live=20
@tune step i=15 phase=screening live=20
@tune step i=16 phase=screening live=20
@tune step i=17 phase=screening live=20
@tune step i=18 phase=screening live=20
@tune step i=19 phase=screening live=20
@tune step i=20 phase=screening live=20
@tune step i=21 phase=finalists live=20
@tune step i=22 phase=finalists live=20
@tune step i=23 phase=finalists live=20
@tune step i=24 phase=finalists live=20
@tune step i=25 phase=finalists live=20
@tune step i=26 phase=finalists live=20
@tune step i=27 phase=finalists live=20
@tune step i=28 phase=finalists live=20
@tune step i=29 phase=finalists live=20
@tune step i=30 phase=finalists live=20
@tune step i=31 phase=finalists live=20
@tune step i=32 phase=finalists live=20
@tune step i=33 phase=finalists live=20
@tune step i=34 phase=finalists live=20
@tune step i=35 phase=finalists live=20
@tune step i=36 phase=finalists live=20
@tune step i=37 phase=finalists live=20
@tune step i=38 phase=finalists live=20
@tune step i=39 phase=finalists live=20
@tune step i=40 phase=finalists live=20
@tune step i=41 phase=finalists live=20
@tune step i=42 phase=finalists live=20
@tune step i=43 phase=finalists live=20
@tune step i=44 phase=finalists live=20
@tune step i=45 phase=finalists live=20
@tune step i=46 phase=finalists live=20
@tune step i=47 phase=finalists live=20
@tune step i=48 phase=finalists live=20
@tune step i=49 phase=finalists live=20
@tune step i=50 phase=finalists live=20
@tune step i=51 phase=finalists live=20
@tune step i=52 phase=finalists live=20
@tune step i=53 phase=finalists live=20
@tune step i=54 phase=finalists live=20
@tune step i=55 phase=finalists live=20
@tune step i=56 phase=finalists live=20
@tune step i=57 phase=finalists live=20
@tune step i=58 phase=finalists live=20
@tune step i=59 phase=finalists live=20
@tune step i=60 phase=finalists live=20
@tune step i=61 phase=finalists live=20
@tune step i=62 phase=finalists live=20
@tune step i=63 phase=finalists live=20
@tune step i=64 phase=finalists live=20
@tune step i=65 phase=finalists live=20
@tune step i=66 phase=finalists live=20
@tune step i=67 phase=finalists live=20
@tune step i=68 phase=finalists live=20
@tune step i=69 phase=finalists live=20
@tune step i=70 phase=finalists live=20
@tune step i=71 phase=finalists live=20
@tune step i=72 phase=finalists live=20
@tune step i=73 phase=finalists live=20
@tune step i=74 phase=finalists live=20
@tune step i=75 phase=finalists live=20
@tune step i=76 phase=finalists live=20
@tune step i=77 phase=finalists live=20
@tune step i=78 phase=finalists live=20
@tune step i=79 phase=finalists live=20
@tune step i=80 phase=finalists live=20
  dot_q8q8_laneq4x4: NOISY — winner's best-of runs 2.2% under its median (flag at 2.0%)
@tune end name=dot_q8q8_laneq4x4 winner=u4 verdict=beats
validation: re-racing 5 heavy kernels twice at full budget
@tune begin name=dot total=80
@tune step i=1 phase=screening live=20
@tune step i=2 phase=screening live=20
@tune step i=3 phase=screening live=20
@tune step i=4 phase=screening live=20
@tune step i=5 phase=screening live=20
@tune step i=6 phase=screening live=20
@tune step i=7 phase=screening live=20
@tune step i=8 phase=screening live=20
@tune step i=9 phase=screening live=20
@tune step i=10 phase=screening live=20
@tune step i=11 phase=screening live=20
@tune step i=12 phase=screening live=20
@tune step i=13 phase=screening live=20
@tune step i=14 phase=screening live=20
@tune step i=15 phase=screening live=20
@tune step i=16 phase=screening live=20
@tune step i=17 phase=screening live=20
@tune step i=18 phase=screening live=20
@tune step i=19 phase=screening live=20
@tune step i=20 phase=screening live=20
@tune step i=21 phase=finalists live=16
@tune step i=22 phase=finalists live=16
@tune step i=23 phase=finalists live=16
@tune step i=24 phase=finalists live=16
@tune step i=25 phase=finalists live=16
@tune step i=26 phase=finalists live=16
@tune step i=27 phase=finalists live=16
@tune step i=28 phase=finalists live=16
@tune step i=29 phase=finalists live=16
@tune step i=30 phase=finalists live=16
@tune step i=31 phase=finalists live=16
@tune step i=32 phase=finalists live=16
@tune step i=33 phase=finalists live=16
@tune step i=34 phase=finalists live=16
@tune step i=35 phase=finalists live=16
@tune step i=36 phase=finalists live=16
@tune step i=37 phase=finalists live=16
@tune step i=38 phase=finalists live=16
@tune step i=39 phase=finalists live=16
@tune step i=40 phase=finalists live=16
@tune step i=41 phase=finalists live=16
@tune step i=42 phase=finalists live=16
@tune step i=43 phase=finalists live=16
@tune step i=44 phase=finalists live=16
@tune step i=45 phase=finalists live=16
@tune step i=46 phase=finalists live=16
@tune step i=47 phase=finalists live=16
@tune step i=48 phase=finalists live=16
@tune step i=49 phase=finalists live=16
@tune step i=50 phase=finalists live=16
@tune step i=51 phase=finalists live=16
@tune step i=52 phase=finalists live=16
@tune step i=53 phase=finalists live=16
@tune step i=54 phase=finalists live=16
@tune step i=55 phase=finalists live=16
@tune step i=56 phase=finalists live=16
@tune step i=57 phase=finalists live=16
@tune step i=58 phase=finalists live=16
@tune step i=59 phase=finalists live=16
@tune step i=60 phase=finalists live=16
@tune step i=61 phase=finalists live=16
@tune step i=62 phase=finalists live=16
@tune step i=63 phase=finalists live=16
@tune step i=64 phase=finalists live=16
@tune step i=65 phase=finalists live=16
@tune step i=66 phase=finalists live=16
@tune step i=67 phase=finalists live=16
@tune step i=68 phase=finalists live=16
@tune step i=69 phase=finalists live=16
@tune step i=70 phase=finalists live=16
@tune step i=71 phase=finalists live=16
@tune step i=72 phase=finalists live=16
@tune step i=73 phase=finalists live=16
@tune step i=74 phase=finalists live=16
@tune step i=75 phase=finalists live=16
@tune step i=76 phase=finalists live=16
@tune step i=77 phase=finalists live=16
@tune step i=78 phase=finalists live=16
@tune step i=79 phase=finalists live=16
@tune step i=80 phase=finalists live=16
  dot: NOISY — winner's best-of runs 2.1% under its median (flag at 2.0%)
@tune end name=dot winner=vec8_u4 verdict=beats
VALIDATE dot: OK — winner vec8_u4 (inside-floor flip vs vec8_u8), drift 0.23%
@tune begin name=dot_q8q8 total=80
@tune step i=1 phase=screening live=20
@tune step i=2 phase=screening live=20
@tune step i=3 phase=screening live=20
@tune step i=4 phase=screening live=20
@tune step i=5 phase=screening live=20
@tune step i=6 phase=screening live=20
@tune step i=7 phase=screening live=20
@tune step i=8 phase=screening live=20
@tune step i=9 phase=screening live=20
@tune step i=10 phase=screening live=20
@tune step i=11 phase=screening live=20
@tune step i=12 phase=screening live=20
@tune step i=13 phase=screening live=20
@tune step i=14 phase=screening live=20
@tune step i=15 phase=screening live=20
@tune step i=16 phase=screening live=20
@tune step i=17 phase=screening live=20
@tune step i=18 phase=screening live=20
@tune step i=19 phase=screening live=20
@tune step i=20 phase=screening live=20
@tune step i=21 phase=finalists live=14
@tune step i=22 phase=finalists live=14
@tune step i=23 phase=finalists live=14
@tune step i=24 phase=finalists live=14
@tune step i=25 phase=finalists live=14
@tune step i=26 phase=finalists live=14
@tune step i=27 phase=finalists live=14
@tune step i=28 phase=finalists live=14
@tune step i=29 phase=finalists live=14
@tune step i=30 phase=finalists live=14
@tune step i=31 phase=finalists live=14
@tune step i=32 phase=finalists live=14
@tune step i=33 phase=finalists live=14
@tune step i=34 phase=finalists live=14
@tune step i=35 phase=finalists live=14
@tune step i=36 phase=finalists live=14
@tune step i=37 phase=finalists live=14
@tune step i=38 phase=finalists live=14
@tune step i=39 phase=finalists live=14
@tune step i=40 phase=finalists live=14
@tune step i=41 phase=finalists live=14
@tune step i=42 phase=finalists live=14
@tune step i=43 phase=finalists live=14
@tune step i=44 phase=finalists live=14
@tune step i=45 phase=finalists live=14
@tune step i=46 phase=finalists live=14
@tune step i=47 phase=finalists live=14
@tune step i=48 phase=finalists live=14
@tune step i=49 phase=finalists live=14
@tune step i=50 phase=finalists live=14
@tune step i=51 phase=finalists live=14
@tune step i=52 phase=finalists live=14
@tune step i=53 phase=finalists live=14
@tune step i=54 phase=finalists live=14
@tune step i=55 phase=finalists live=14
@tune step i=56 phase=finalists live=14
@tune step i=57 phase=finalists live=14
@tune step i=58 phase=finalists live=14
@tune step i=59 phase=finalists live=14
@tune step i=60 phase=finalists live=14
@tune step i=61 phase=finalists live=14
@tune step i=62 phase=finalists live=14
@tune step i=63 phase=finalists live=14
@tune step i=64 phase=finalists live=14
@tune step i=65 phase=finalists live=14
@tune step i=66 phase=finalists live=14
@tune step i=67 phase=finalists live=14
@tune step i=68 phase=finalists live=14
@tune step i=69 phase=finalists live=14
@tune step i=70 phase=finalists live=14
@tune step i=71 phase=finalists live=14
@tune step i=72 phase=finalists live=14
@tune step i=73 phase=finalists live=14
@tune step i=74 phase=finalists live=14
@tune step i=75 phase=finalists live=14
@tune step i=76 phase=finalists live=14
@tune step i=77 phase=finalists live=14
@tune step i=78 phase=finalists live=14
@tune step i=79 phase=finalists live=14
@tune step i=80 phase=finalists live=14
@tune end name=dot_q8q8 winner=vec16 verdict=holds
VALIDATE dot_q8q8: OK — winner vec16, drift 0.00%
@tune begin name=rmsnorm total=80
@tune step i=1 phase=screening live=20
@tune step i=2 phase=screening live=20
@tune step i=3 phase=screening live=20
@tune step i=4 phase=screening live=20
@tune step i=5 phase=screening live=20
@tune step i=6 phase=screening live=20
@tune step i=7 phase=screening live=20
@tune step i=8 phase=screening live=20
@tune step i=9 phase=screening live=20
@tune step i=10 phase=screening live=20
@tune step i=11 phase=screening live=20
@tune step i=12 phase=screening live=20
@tune step i=13 phase=screening live=20
@tune step i=14 phase=screening live=20
@tune step i=15 phase=screening live=20
@tune step i=16 phase=screening live=20
@tune step i=17 phase=screening live=20
@tune step i=18 phase=screening live=20
@tune step i=19 phase=screening live=20
@tune step i=20 phase=screening live=20
@tune step i=21 phase=finalists live=9
@tune step i=22 phase=finalists live=9
@tune step i=23 phase=finalists live=9
@tune step i=24 phase=finalists live=9
@tune step i=25 phase=finalists live=9
@tune step i=26 phase=finalists live=9
@tune step i=27 phase=finalists live=9
@tune step i=28 phase=finalists live=9
@tune step i=29 phase=finalists live=9
@tune step i=30 phase=finalists live=9
@tune step i=31 phase=finalists live=9
@tune step i=32 phase=finalists live=9
@tune step i=33 phase=finalists live=9
@tune step i=34 phase=finalists live=9
@tune step i=35 phase=finalists live=9
@tune step i=36 phase=finalists live=9
@tune step i=37 phase=finalists live=9
@tune step i=38 phase=finalists live=9
@tune step i=39 phase=finalists live=9
@tune step i=40 phase=finalists live=9
@tune step i=41 phase=finalists live=9
@tune step i=42 phase=finalists live=9
@tune step i=43 phase=finalists live=9
@tune step i=44 phase=finalists live=9
@tune step i=45 phase=finalists live=9
@tune step i=46 phase=finalists live=9
@tune step i=47 phase=finalists live=9
@tune step i=48 phase=finalists live=9
@tune step i=49 phase=finalists live=9
@tune step i=50 phase=finalists live=9
@tune step i=51 phase=finalists live=9
@tune step i=52 phase=finalists live=9
@tune step i=53 phase=finalists live=9
@tune step i=54 phase=finalists live=9
@tune step i=55 phase=finalists live=9
@tune step i=56 phase=finalists live=9
@tune step i=57 phase=finalists live=9
@tune step i=58 phase=finalists live=9
@tune step i=59 phase=finalists live=9
@tune step i=60 phase=finalists live=9
@tune step i=61 phase=finalists live=9
@tune step i=62 phase=finalists live=9
@tune step i=63 phase=finalists live=9
@tune step i=64 phase=finalists live=9
@tune step i=65 phase=finalists live=9
@tune step i=66 phase=finalists live=9
@tune step i=67 phase=finalists live=9
@tune step i=68 phase=finalists live=9
@tune step i=69 phase=finalists live=9
@tune step i=70 phase=finalists live=9
@tune step i=71 phase=finalists live=9
@tune step i=72 phase=finalists live=9
@tune step i=73 phase=finalists live=9
@tune step i=74 phase=finalists live=9
@tune step i=75 phase=finalists live=9
@tune step i=76 phase=finalists live=9
@tune step i=77 phase=finalists live=9
@tune step i=78 phase=finalists live=9
@tune step i=79 phase=finalists live=9
@tune step i=80 phase=finalists live=9
  rmsnorm: NOISY — winner's best-of runs 2.2% under its median (flag at 2.0%)
@tune end name=rmsnorm winner=vec8 verdict=beats
VALIDATE rmsnorm: OK — winner vec8, drift 0.00%
@tune begin name=gemm_f32_uk_4x16 total=80
@tune step i=1 phase=screening live=20
@tune step i=2 phase=screening live=20
@tune step i=3 phase=screening live=20
@tune step i=4 phase=screening live=20
@tune step i=5 phase=screening live=20
@tune step i=6 phase=screening live=20
@tune step i=7 phase=screening live=20
@tune step i=8 phase=screening live=20
@tune step i=9 phase=screening live=20
@tune step i=10 phase=screening live=20
@tune step i=11 phase=screening live=20
@tune step i=12 phase=screening live=20
@tune step i=13 phase=screening live=20
@tune step i=14 phase=screening live=20
@tune step i=15 phase=screening live=20
@tune step i=16 phase=screening live=20
@tune step i=17 phase=screening live=20
@tune step i=18 phase=screening live=20
@tune step i=19 phase=screening live=20
@tune step i=20 phase=screening live=20
@tune step i=21 phase=finalists live=10
@tune step i=22 phase=finalists live=10
@tune step i=23 phase=finalists live=10
@tune step i=24 phase=finalists live=10
@tune step i=25 phase=finalists live=10
@tune step i=26 phase=finalists live=10
@tune step i=27 phase=finalists live=10
@tune step i=28 phase=finalists live=10
@tune step i=29 phase=finalists live=10
@tune step i=30 phase=finalists live=10
@tune step i=31 phase=finalists live=10
@tune step i=32 phase=finalists live=10
@tune step i=33 phase=finalists live=10
@tune step i=34 phase=finalists live=10
@tune step i=35 phase=finalists live=10
@tune step i=36 phase=finalists live=10
@tune step i=37 phase=finalists live=10
@tune step i=38 phase=finalists live=10
@tune step i=39 phase=finalists live=10
@tune step i=40 phase=finalists live=10
@tune step i=41 phase=finalists live=10
@tune step i=42 phase=finalists live=10
@tune step i=43 phase=finalists live=10
@tune step i=44 phase=finalists live=10
@tune step i=45 phase=finalists live=10
@tune step i=46 phase=finalists live=10
@tune step i=47 phase=finalists live=10
@tune step i=48 phase=finalists live=10
@tune step i=49 phase=finalists live=10
@tune step i=50 phase=finalists live=10
@tune step i=51 phase=finalists live=10
@tune step i=52 phase=finalists live=10
@tune step i=53 phase=finalists live=10
@tune step i=54 phase=finalists live=10
@tune step i=55 phase=finalists live=10
@tune step i=56 phase=finalists live=10
@tune step i=57 phase=finalists live=10
@tune step i=58 phase=finalists live=10
@tune step i=59 phase=finalists live=10
@tune step i=60 phase=finalists live=10
@tune step i=61 phase=finalists live=10
@tune step i=62 phase=finalists live=10
@tune step i=63 phase=finalists live=10
@tune step i=64 phase=finalists live=10
@tune step i=65 phase=finalists live=10
@tune step i=66 phase=finalists live=10
@tune step i=67 phase=finalists live=10
@tune step i=68 phase=finalists live=10
@tune step i=69 phase=finalists live=10
@tune step i=70 phase=finalists live=10
@tune step i=71 phase=finalists live=10
@tune step i=72 phase=finalists live=10
@tune step i=73 phase=finalists live=10
@tune step i=74 phase=finalists live=10
@tune step i=75 phase=finalists live=10
@tune step i=76 phase=finalists live=10
@tune step i=77 phase=finalists live=10
@tune step i=78 phase=finalists live=10
@tune step i=79 phase=finalists live=10
@tune step i=80 phase=finalists live=10
@tune end name=gemm_f32_uk_4x16 winner=u2 verdict=holds
VALIDATE gemm_f32_uk_4x16: OK — winner u2, drift 0.00%
@tune begin name=quantize_q8_0_into_ptr total=80
@tune step i=1 phase=screening live=20
@tune step i=2 phase=screening live=20
@tune step i=3 phase=screening live=20
@tune step i=4 phase=screening live=20
@tune step i=5 phase=screening live=20
@tune step i=6 phase=screening live=20
@tune step i=7 phase=screening live=20
@tune step i=8 phase=screening live=20
@tune step i=9 phase=screening live=20
@tune step i=10 phase=screening live=20
@tune step i=11 phase=screening live=20
@tune step i=12 phase=screening live=20
@tune step i=13 phase=screening live=20
@tune step i=14 phase=screening live=20
@tune step i=15 phase=screening live=20
@tune step i=16 phase=screening live=20
@tune step i=17 phase=screening live=20
@tune step i=18 phase=screening live=20
@tune step i=19 phase=screening live=20
@tune step i=20 phase=screening live=20
@tune step i=21 phase=finalists live=14
@tune step i=22 phase=finalists live=14
@tune step i=23 phase=finalists live=14
@tune step i=24 phase=finalists live=14
@tune step i=25 phase=finalists live=14
@tune step i=26 phase=finalists live=14
@tune step i=27 phase=finalists live=14
@tune step i=28 phase=finalists live=14
@tune step i=29 phase=finalists live=14
@tune step i=30 phase=finalists live=14
@tune step i=31 phase=finalists live=14
@tune step i=32 phase=finalists live=14
@tune step i=33 phase=finalists live=14
@tune step i=34 phase=finalists live=14
@tune step i=35 phase=finalists live=14
@tune step i=36 phase=finalists live=14
@tune step i=37 phase=finalists live=14
@tune step i=38 phase=finalists live=14
@tune step i=39 phase=finalists live=14
@tune step i=40 phase=finalists live=14
@tune step i=41 phase=finalists live=14
@tune step i=42 phase=finalists live=14
@tune step i=43 phase=finalists live=14
@tune step i=44 phase=finalists live=14
@tune step i=45 phase=finalists live=14
@tune step i=46 phase=finalists live=14
@tune step i=47 phase=finalists live=14
@tune step i=48 phase=finalists live=14
@tune step i=49 phase=finalists live=14
@tune step i=50 phase=finalists live=14
@tune step i=51 phase=finalists live=14
@tune step i=52 phase=finalists live=14
@tune step i=53 phase=finalists live=14
@tune step i=54 phase=finalists live=14
@tune step i=55 phase=finalists live=14
@tune step i=56 phase=finalists live=14
@tune step i=57 phase=finalists live=14
@tune step i=58 phase=finalists live=14
@tune step i=59 phase=finalists live=14
@tune step i=60 phase=finalists live=14
@tune step i=61 phase=finalists live=14
@tune step i=62 phase=finalists live=14
@tune step i=63 phase=finalists live=14
@tune step i=64 phase=finalists live=14
@tune step i=65 phase=finalists live=14
@tune step i=66 phase=finalists live=14
@tune step i=67 phase=finalists live=14
@tune step i=68 phase=finalists live=14
@tune step i=69 phase=finalists live=14
@tune step i=70 phase=finalists live=14
@tune step i=71 phase=finalists live=14
@tune step i=72 phase=finalists live=14
@tune step i=73 phase=finalists live=14
@tune step i=74 phase=finalists live=14
@tune step i=75 phase=finalists live=14
@tune step i=76 phase=finalists live=14
@tune step i=77 phase=finalists live=14
@tune step i=78 phase=finalists live=14
@tune step i=79 phase=finalists live=14
@tune step i=80 phase=finalists live=14
@tune end name=quantize_q8_0_into_ptr winner=plain verdict=holds
VALIDATE quantize_q8_0_into_ptr: OK — winner plain, drift 0.11%
@tune begin name=dot total=80
@tune step i=1 phase=screening live=20
@tune step i=2 phase=screening live=20
@tune step i=3 phase=screening live=20
@tune step i=4 phase=screening live=20
@tune step i=5 phase=screening live=20
@tune step i=6 phase=screening live=20
@tune step i=7 phase=screening live=20
@tune step i=8 phase=screening live=20
@tune step i=9 phase=screening live=20
@tune step i=10 phase=screening live=20
@tune step i=11 phase=screening live=20
@tune step i=12 phase=screening live=20
@tune step i=13 phase=screening live=20
@tune step i=14 phase=screening live=20
@tune step i=15 phase=screening live=20
@tune step i=16 phase=screening live=20
@tune step i=17 phase=screening live=20
@tune step i=18 phase=screening live=20
@tune step i=19 phase=screening live=20
@tune step i=20 phase=screening live=20
@tune step i=21 phase=finalists live=16
@tune step i=22 phase=finalists live=16
@tune step i=23 phase=finalists live=16
@tune step i=24 phase=finalists live=16
@tune step i=25 phase=finalists live=16
@tune step i=26 phase=finalists live=16
@tune step i=27 phase=finalists live=16
@tune step i=28 phase=finalists live=16
@tune step i=29 phase=finalists live=16
@tune step i=30 phase=finalists live=16
@tune step i=31 phase=finalists live=16
@tune step i=32 phase=finalists live=16
@tune step i=33 phase=finalists live=16
@tune step i=34 phase=finalists live=16
@tune step i=35 phase=finalists live=16
@tune step i=36 phase=finalists live=16
@tune step i=37 phase=finalists live=16
@tune step i=38 phase=finalists live=16
@tune step i=39 phase=finalists live=16
@tune step i=40 phase=finalists live=16
@tune step i=41 phase=finalists live=16
@tune step i=42 phase=finalists live=16
@tune step i=43 phase=finalists live=16
@tune step i=44 phase=finalists live=16
@tune step i=45 phase=finalists live=16
@tune step i=46 phase=finalists live=16
@tune step i=47 phase=finalists live=16
@tune step i=48 phase=finalists live=16
@tune step i=49 phase=finalists live=16
@tune step i=50 phase=finalists live=16
@tune step i=51 phase=finalists live=16
@tune step i=52 phase=finalists live=16
@tune step i=53 phase=finalists live=16
@tune step i=54 phase=finalists live=16
@tune step i=55 phase=finalists live=16
@tune step i=56 phase=finalists live=16
@tune step i=57 phase=finalists live=16
@tune step i=58 phase=finalists live=16
@tune step i=59 phase=finalists live=16
@tune step i=60 phase=finalists live=16
@tune step i=61 phase=finalists live=16
@tune step i=62 phase=finalists live=16
@tune step i=63 phase=finalists live=16
@tune step i=64 phase=finalists live=16
@tune step i=65 phase=finalists live=16
@tune step i=66 phase=finalists live=16
@tune step i=67 phase=finalists live=16
@tune step i=68 phase=finalists live=16
@tune step i=69 phase=finalists live=16
@tune step i=70 phase=finalists live=16
@tune step i=71 phase=finalists live=16
@tune step i=72 phase=finalists live=16
@tune step i=73 phase=finalists live=16
@tune step i=74 phase=finalists live=16
@tune step i=75 phase=finalists live=16
@tune step i=76 phase=finalists live=16
@tune step i=77 phase=finalists live=16
@tune step i=78 phase=finalists live=16
@tune step i=79 phase=finalists live=16
@tune step i=80 phase=finalists live=16
  dot: NOISY — winner's best-of runs 2.1% under its median (flag at 2.0%)
@tune end name=dot winner=vec8_u4 verdict=beats
VALIDATE dot: OK — winner vec8_u4 (inside-floor flip vs vec8_u8), drift 0.06%
@tune begin name=dot_q8q8 total=80
@tune step i=1 phase=screening live=20
@tune step i=2 phase=screening live=20
@tune step i=3 phase=screening live=20
@tune step i=4 phase=screening live=20
@tune step i=5 phase=screening live=20
@tune step i=6 phase=screening live=20
@tune step i=7 phase=screening live=20
@tune step i=8 phase=screening live=20
@tune step i=9 phase=screening live=20
@tune step i=10 phase=screening live=20
@tune step i=11 phase=screening live=20
@tune step i=12 phase=screening live=20
@tune step i=13 phase=screening live=20
@tune step i=14 phase=screening live=20
@tune step i=15 phase=screening live=20
@tune step i=16 phase=screening live=20
@tune step i=17 phase=screening live=20
@tune step i=18 phase=screening live=20
@tune step i=19 phase=screening live=20
@tune step i=20 phase=screening live=20
@tune step i=21 phase=finalists live=14
@tune step i=22 phase=finalists live=14
@tune step i=23 phase=finalists live=14
@tune step i=24 phase=finalists live=14
@tune step i=25 phase=finalists live=14
@tune step i=26 phase=finalists live=14
@tune step i=27 phase=finalists live=14
@tune step i=28 phase=finalists live=14
@tune step i=29 phase=finalists live=14
@tune step i=30 phase=finalists live=14
@tune step i=31 phase=finalists live=14
@tune step i=32 phase=finalists live=14
@tune step i=33 phase=finalists live=14
@tune step i=34 phase=finalists live=14
@tune step i=35 phase=finalists live=14
@tune step i=36 phase=finalists live=14
@tune step i=37 phase=finalists live=14
@tune step i=38 phase=finalists live=14
@tune step i=39 phase=finalists live=14
@tune step i=40 phase=finalists live=14
@tune step i=41 phase=finalists live=14
@tune step i=42 phase=finalists live=14
@tune step i=43 phase=finalists live=14
@tune step i=44 phase=finalists live=14
@tune step i=45 phase=finalists live=14
@tune step i=46 phase=finalists live=14
@tune step i=47 phase=finalists live=14
@tune step i=48 phase=finalists live=14
@tune step i=49 phase=finalists live=14
@tune step i=50 phase=finalists live=14
@tune step i=51 phase=finalists live=14
@tune step i=52 phase=finalists live=14
@tune step i=53 phase=finalists live=14
@tune step i=54 phase=finalists live=14
@tune step i=55 phase=finalists live=14
@tune step i=56 phase=finalists live=14
@tune step i=57 phase=finalists live=14
@tune step i=58 phase=finalists live=14
@tune step i=59 phase=finalists live=14
@tune step i=60 phase=finalists live=14
@tune step i=61 phase=finalists live=14
@tune step i=62 phase=finalists live=14
@tune step i=63 phase=finalists live=14
@tune step i=64 phase=finalists live=14
@tune step i=65 phase=finalists live=14
@tune step i=66 phase=finalists live=14
@tune step i=67 phase=finalists live=14
@tune step i=68 phase=finalists live=14
@tune step i=69 phase=finalists live=14
@tune step i=70 phase=finalists live=14
@tune step i=71 phase=finalists live=14
@tune step i=72 phase=finalists live=14
@tune step i=73 phase=finalists live=14
@tune step i=74 phase=finalists live=14
@tune step i=75 phase=finalists live=14
@tune step i=76 phase=finalists live=14
@tune step i=77 phase=finalists live=14
@tune step i=78 phase=finalists live=14
@tune step i=79 phase=finalists live=14
@tune step i=80 phase=finalists live=14
  dot_q8q8: NOISY — winner's best-of runs 2.0% under its median (flag at 2.0%)
@tune end name=dot_q8q8 winner=vec16 verdict=holds
VALIDATE dot_q8q8: OK — winner vec16, drift 0.10%
@tune begin name=rmsnorm total=80
@tune step i=1 phase=screening live=20
@tune step i=2 phase=screening live=20
@tune step i=3 phase=screening live=20
@tune step i=4 phase=screening live=20
@tune step i=5 phase=screening live=20
@tune step i=6 phase=screening live=20
@tune step i=7 phase=screening live=20
@tune step i=8 phase=screening live=20
@tune step i=9 phase=screening live=20
@tune step i=10 phase=screening live=20
@tune step i=11 phase=screening live=20
@tune step i=12 phase=screening live=20
@tune step i=13 phase=screening live=20
@tune step i=14 phase=screening live=20
@tune step i=15 phase=screening live=20
@tune step i=16 phase=screening live=20
@tune step i=17 phase=screening live=20
@tune step i=18 phase=screening live=20
@tune step i=19 phase=screening live=20
@tune step i=20 phase=screening live=20
@tune step i=21 phase=finalists live=9
@tune step i=22 phase=finalists live=9
@tune step i=23 phase=finalists live=9
@tune step i=24 phase=finalists live=9
@tune step i=25 phase=finalists live=9
@tune step i=26 phase=finalists live=9
@tune step i=27 phase=finalists live=9
@tune step i=28 phase=finalists live=9
@tune step i=29 phase=finalists live=9
@tune step i=30 phase=finalists live=9
@tune step i=31 phase=finalists live=9
@tune step i=32 phase=finalists live=9
@tune step i=33 phase=finalists live=9
@tune step i=34 phase=finalists live=9
@tune step i=35 phase=finalists live=9
@tune step i=36 phase=finalists live=9
@tune step i=37 phase=finalists live=9
@tune step i=38 phase=finalists live=9
@tune step i=39 phase=finalists live=9
@tune step i=40 phase=finalists live=9
@tune step i=41 phase=finalists live=9
@tune step i=42 phase=finalists live=9
@tune step i=43 phase=finalists live=9
@tune step i=44 phase=finalists live=9
@tune step i=45 phase=finalists live=9
@tune step i=46 phase=finalists live=9
@tune step i=47 phase=finalists live=9
@tune step i=48 phase=finalists live=9
@tune step i=49 phase=finalists live=9
@tune step i=50 phase=finalists live=9
@tune step i=51 phase=finalists live=9
@tune step i=52 phase=finalists live=9
@tune step i=53 phase=finalists live=9
@tune step i=54 phase=finalists live=9
@tune step i=55 phase=finalists live=9
@tune step i=56 phase=finalists live=9
@tune step i=57 phase=finalists live=9
@tune step i=58 phase=finalists live=9
@tune step i=59 phase=finalists live=9
@tune step i=60 phase=finalists live=9
@tune step i=61 phase=finalists live=9
@tune step i=62 phase=finalists live=9
@tune step i=63 phase=finalists live=9
@tune step i=64 phase=finalists live=9
@tune step i=65 phase=finalists live=9
@tune step i=66 phase=finalists live=9
@tune step i=67 phase=finalists live=9
@tune step i=68 phase=finalists live=9
@tune step i=69 phase=finalists live=9
@tune step i=70 phase=finalists live=9
@tune step i=71 phase=finalists live=9
@tune step i=72 phase=finalists live=9
@tune step i=73 phase=finalists live=9
@tune step i=74 phase=finalists live=9
@tune step i=75 phase=finalists live=9
@tune step i=76 phase=finalists live=9
@tune step i=77 phase=finalists live=9
@tune step i=78 phase=finalists live=9
@tune step i=79 phase=finalists live=9
@tune step i=80 phase=finalists live=9
  rmsnorm: NOISY — winner's best-of runs 2.2% under its median (flag at 2.0%)
@tune end name=rmsnorm winner=vec8 verdict=beats
VALIDATE rmsnorm: OK — winner vec8, drift 0.00%
@tune begin name=gemm_f32_uk_4x16 total=80
@tune step i=1 phase=screening live=20
@tune step i=2 phase=screening live=20
@tune step i=3 phase=screening live=20
@tune step i=4 phase=screening live=20
@tune step i=5 phase=screening live=20
@tune step i=6 phase=screening live=20
@tune step i=7 phase=screening live=20
@tune step i=8 phase=screening live=20
@tune step i=9 phase=screening live=20
@tune step i=10 phase=screening live=20
@tune step i=11 phase=screening live=20
@tune step i=12 phase=screening live=20
@tune step i=13 phase=screening live=20
@tune step i=14 phase=screening live=20
@tune step i=15 phase=screening live=20
@tune step i=16 phase=screening live=20
@tune step i=17 phase=screening live=20
@tune step i=18 phase=screening live=20
@tune step i=19 phase=screening live=20
@tune step i=20 phase=screening live=20
@tune step i=21 phase=finalists live=10
@tune step i=22 phase=finalists live=10
@tune step i=23 phase=finalists live=10
@tune step i=24 phase=finalists live=10
@tune step i=25 phase=finalists live=10
@tune step i=26 phase=finalists live=10
@tune step i=27 phase=finalists live=10
@tune step i=28 phase=finalists live=10
@tune step i=29 phase=finalists live=10
@tune step i=30 phase=finalists live=10
@tune step i=31 phase=finalists live=10
@tune step i=32 phase=finalists live=10
@tune step i=33 phase=finalists live=10
@tune step i=34 phase=finalists live=10
@tune step i=35 phase=finalists live=10
@tune step i=36 phase=finalists live=10
@tune step i=37 phase=finalists live=10
@tune step i=38 phase=finalists live=10
@tune step i=39 phase=finalists live=10
@tune step i=40 phase=finalists live=10
@tune step i=41 phase=finalists live=10
@tune step i=42 phase=finalists live=10
@tune step i=43 phase=finalists live=10
@tune step i=44 phase=finalists live=10
@tune step i=45 phase=finalists live=10
@tune step i=46 phase=finalists live=10
@tune step i=47 phase=finalists live=10
@tune step i=48 phase=finalists live=10
@tune step i=49 phase=finalists live=10
@tune step i=50 phase=finalists live=10
@tune step i=51 phase=finalists live=10
@tune step i=52 phase=finalists live=10
@tune step i=53 phase=finalists live=10
@tune step i=54 phase=finalists live=10
@tune step i=55 phase=finalists live=10
@tune step i=56 phase=finalists live=10
@tune step i=57 phase=finalists live=10
@tune step i=58 phase=finalists live=10
@tune step i=59 phase=finalists live=10
@tune step i=60 phase=finalists live=10
@tune step i=61 phase=finalists live=10
@tune step i=62 phase=finalists live=10
@tune step i=63 phase=finalists live=10
@tune step i=64 phase=finalists live=10
@tune step i=65 phase=finalists live=10
@tune step i=66 phase=finalists live=10
@tune step i=67 phase=finalists live=10
@tune step i=68 phase=finalists live=10
@tune step i=69 phase=finalists live=10
@tune step i=70 phase=finalists live=10
@tune step i=71 phase=finalists live=10
@tune step i=72 phase=finalists live=10
@tune step i=73 phase=finalists live=10
@tune step i=74 phase=finalists live=10
@tune step i=75 phase=finalists live=10
@tune step i=76 phase=finalists live=10
@tune step i=77 phase=finalists live=10
@tune step i=78 phase=finalists live=10
@tune step i=79 phase=finalists live=10
@tune step i=80 phase=finalists live=10
@tune end name=gemm_f32_uk_4x16 winner=u2 verdict=holds
VALIDATE gemm_f32_uk_4x16: OK — winner u2, drift 0.30%
@tune begin name=quantize_q8_0_into_ptr total=80
@tune step i=1 phase=screening live=20
@tune step i=2 phase=screening live=20
@tune step i=3 phase=screening live=20
@tune step i=4 phase=screening live=20
@tune step i=5 phase=screening live=20
@tune step i=6 phase=screening live=20
@tune step i=7 phase=screening live=20
@tune step i=8 phase=screening live=20
@tune step i=9 phase=screening live=20
@tune step i=10 phase=screening live=20
@tune step i=11 phase=screening live=20
@tune step i=12 phase=screening live=20
@tune step i=13 phase=screening live=20
@tune step i=14 phase=screening live=20
@tune step i=15 phase=screening live=20
@tune step i=16 phase=screening live=20
@tune step i=17 phase=screening live=20
@tune step i=18 phase=screening live=20
@tune step i=19 phase=screening live=20
@tune step i=20 phase=screening live=20
@tune step i=21 phase=finalists live=14
@tune step i=22 phase=finalists live=14
@tune step i=23 phase=finalists live=14
@tune step i=24 phase=finalists live=14
@tune step i=25 phase=finalists live=14
@tune step i=26 phase=finalists live=14
@tune step i=27 phase=finalists live=14
@tune step i=28 phase=finalists live=14
@tune step i=29 phase=finalists live=14
@tune step i=30 phase=finalists live=14
@tune step i=31 phase=finalists live=14
@tune step i=32 phase=finalists live=14
@tune step i=33 phase=finalists live=14
@tune step i=34 phase=finalists live=14
@tune step i=35 phase=finalists live=14
@tune step i=36 phase=finalists live=14
@tune step i=37 phase=finalists live=14
@tune step i=38 phase=finalists live=14
@tune step i=39 phase=finalists live=14
@tune step i=40 phase=finalists live=14
@tune step i=41 phase=finalists live=14
@tune step i=42 phase=finalists live=14
@tune step i=43 phase=finalists live=14
@tune step i=44 phase=finalists live=14
@tune step i=45 phase=finalists live=14
@tune step i=46 phase=finalists live=14
@tune step i=47 phase=finalists live=14
@tune step i=48 phase=finalists live=14
@tune step i=49 phase=finalists live=14
@tune step i=50 phase=finalists live=14
@tune step i=51 phase=finalists live=14
@tune step i=52 phase=finalists live=14
@tune step i=53 phase=finalists live=14
@tune step i=54 phase=finalists live=14
@tune step i=55 phase=finalists live=14
@tune step i=56 phase=finalists live=14
@tune step i=57 phase=finalists live=14
@tune step i=58 phase=finalists live=14
@tune step i=59 phase=finalists live=14
@tune step i=60 phase=finalists live=14
@tune step i=61 phase=finalists live=14
@tune step i=62 phase=finalists live=14
@tune step i=63 phase=finalists live=14
@tune step i=64 phase=finalists live=14
@tune step i=65 phase=finalists live=14
@tune step i=66 phase=finalists live=14
@tune step i=67 phase=finalists live=14
@tune step i=68 phase=finalists live=14
@tune step i=69 phase=finalists live=14
@tune step i=70 phase=finalists live=14
@tune step i=71 phase=finalists live=14
@tune step i=72 phase=finalists live=14
@tune step i=73 phase=finalists live=14
@tune step i=74 phase=finalists live=14
@tune step i=75 phase=finalists live=14
@tune step i=76 phase=finalists live=14
@tune step i=77 phase=finalists live=14
@tune step i=78 phase=finalists live=14
@tune step i=79 phase=finalists live=14
@tune step i=80 phase=finalists live=14
@tune end name=quantize_q8_0_into_ptr winner=plain verdict=holds
VALIDATE quantize_q8_0_into_ptr: OK — winner plain, drift 0.14%
validation: every check reproduced
noise probe (end): cv 0.20% <= 2.0% — box is quiet (median 2392 us)

===== summary (winner per kernel) =====
  dot: vec8_u8  (shipped fallback vec8_u2)
  axpy: vec8_u8  (shipped fallback vec8_u2)
  dot_f16: vec8_u4  (shipped fallback vec8_u2)
  axpy_f16: vec4_u4  (shipped fallback vec8_u2)
  cvt_f32_to_f16: u4  (shipped fallback vec8_u2)
  cvt_f16_to_f32: vec16_u2  (shipped fallback vec8_u2)
  add_inplace: vec8_u4  (shipped fallback vec8_u2)
  mul_inplace: vec8_u8  (shipped fallback vec8_u2)
  scale_inplace: vec16_u2  (shipped fallback vec8_u2)
  copy_floats: vec8_u2
  softmax: vec8_u2
  rmsnorm: vec8  (shipped fallback plain)
  dot_q4: vec4_u4
  dot_q8q8: vec16
  dot_q8kv: vec4_u2  (shipped fallback vec8_u2)
  dot_q8q8kv: vec16
  axpy_q8kv: u2  (shipped fallback vec8_u2)
  cvt_q8kv_to_f32: vec8_u2
  quantize_q8kv_row: u2  (shipped fallback plain)
  dot_mx4q8: u8  (shipped fallback u2)
  quantize_q8_0_into_ptr: plain
  quantize_q8_0_bs_into_ptr: plain
  rope_scaled_neox_tab: u4  (shipped fallback vec8_u2)
  gemm_f32_uk_4x16: u2
  dot_q8q8_laneq4x4: u4  (shipped fallback u2)

16 kernel(s) beat their shipped fallback on this box.
METAL_TWIN mulmm_bf16: base=0.6930000090505928ms tensor=1.4423750108107924ms -> simdgroup
METAL_TWIN mulmm_q8: base=0.4410416877362877ms tensor=1.8013333319686353ms -> simdgroup
METAL_TWIN moe_mulmm_q8: base=0.22033334244042635ms tensor=0.9815416706260294ms -> simdgroup
METAL_TWIN moe_mulmm_mx4: base=0.23962499108165503ms tensor=1.7429583531338722ms -> simdgroup
METAL_TWIN attn_qkmm: base=0.026125024305656552ms tensor=0.12541667092591524ms -> simdgroup
METAL_TWIN attn_avmm: base=0.029624992748722434ms tensor=0.11824999819509685ms -> simdgroup
METAL_TWIN kq_mulmm_k4: base=0.6389583286363631ms tensor=1.959999994141981ms -> simdgroup
METAL_TWIN kq_mulmm_k5: base=0.6013750098645687ms tensor=1.7220833397004753ms -> simdgroup
METAL_TWIN kq_mulmm_k6: base=0.4425000224728137ms tensor=1.5308750153053552ms -> simdgroup
METAL_TWIN gemmb_q8: base=0.08545833406969905ms tensor=0.3129583492409438ms -> simdgroup
METAL_TWIN gemmb_sk_q8: base=0.03949998063035309ms tensor=0.14387498958967626ms -> simdgroup
METAL_TWIN gemm64b_q8: base=0.12487499043345451ms tensor=0.5272083217278123ms -> simdgroup
wrote /Users/borisbatkin/Work/daScript/modules/dasLLAMA/benchmarks/lcpp_bench.tune.json
dasllama_tuner: tune_kernels.das finished in 99081 ms (rc=0)
dasllama_tuner: DIFF add_inplace: vec8_u2 -> vec8_u4  (old suffix runs 0.81% vs new, per the new race table)
dasllama_tuner: DIFF mul_inplace: vec8_u2 -> vec8_u8  (old suffix runs 1.22% vs new, per the new race table)
dasllama_tuner: DIFF quantize_q8kv_row: plain -> u2  (old suffix runs 0.61% vs new, per the new race table)
dasllama_tuner: DIFF q8q8_tile_gen: mr8_budget -> kstep2  (old suffix runs -10.35% vs new, per the new race table)
dasllama_tuner: DIFF cvt_f16_to_f32: vec16 -> vec16_u2  (old suffix runs 0.52% vs new, per the new race table)
dasllama_tuner: DIFF dot: vec8_u4 -> vec8_u8  (old suffix runs 0.37% vs new, per the new race table)
dasllama_tuner: DIFF copy_floats: u4 -> vec8_u2  (old suffix runs -0.43% vs new, per the new race table)
dasllama_tuner: DIFF times moved -1.14% median over 559 shared rows
dasllama_tuner: DIFF 7 winner change(s), 1 entry(ies) with no previous baseline; uniform shift = box state, scattered past-floor flips = a noisy mint
dasllama_tuner: archived -> /Users/borisbatkin/.tune-history/darwin-arm64-MacBookPro18-2-25F84-Apple-M1-Max/20260805-000741_lcpp_bench.tune.json
dasllama_tuner: total 235080 ms

  tune: scope `dasllama` finished in 237.7s — ships noise=ok mode=normal sha=a63300c2f written=2026-08-05T07:07:41.802Z box=darwin|arm64|MacBookPro18,2|25F84|Apple M1 Max
  rebuild: baking the fresh tune winners into the exe
  [debug] $ "/Users/borisbatkin/Work/daScript/bin/daslang" -exe -output "modules/dasLLAMA/performance/_rig/dasllama-bench.app/Contents/MacOS/dasllama-bench" --list-shared-modules "/Users/borisbatkin/Work/daScript/_daspkg_release_deps_2.json" "/Users/borisbatkin/Work/daScript/modules/dasLLAMA/benchmarks/lcpp_bench.das"
  output: [I] LLVM EXE: targeting the current box (CPU + features) — the build carries [llvm_code] kernels
[I] LLVM EXE: NEED_MODULE(Module_BuiltIn) for `$`
[I] LLVM EXE: NEED_MODULE(Module_Strings) for `strings`
[I] LLVM EXE: NEED_MODULE(Module_FIO) for `fio_core`
[I] LLVM EXE: NEED_MODULE(Module_Math) for `math`
[I] LLVM EXE: NEED_MODULE(Module_Rtti) for `rtti_core`
[I] LLVM EXE: NEED_MODULE(Module_JobQue) for `jobque`
[I] LLVM EXE: NEED_MODULE(Module_Debugger) for `debugapi`
[I] LLVM EXE: NEED_MODULE(Module_DASBIND) for `dasbind`
[I] LLVM EXE: wrote release deps to /Users/borisbatkin/Work/daScript/_daspkg_release_deps_2.json (shared=3, das=1)
[I] LLVM EXE: NEED_MODULE(Module_FIO) for `fio_core`
[I] LLVM EXE: NEED_MODULE(Module_Rtti) for `rtti_core`
[I] LLVM EXE: NEED_MODULE(Module_JobQue) for `jobque`
[I] LLVM EXE: include dynamic module: `das_metal`
[I] LLVM EXE: include dynamic module: `audio`
[I] LLVM EXE: include dynamic module: `das_accelerate`
[I] LLVM JIT: standalone exe entry point generated '_anon_7813693388109758024`main implementation', 4698 functions
[I] Library modules/dasLLAMA/performance/_rig/dasllama-bench.app/Contents/MacOS/dasllama-bench.exe linked - ok
dry run: /Users/borisbatkin/Work/daScript/modules/dasLLAMA/benchmarks/lcpp_bench.das

  rebuild: standalone exe in 58.8s
  [debug] $ otool -l "modules/dasLLAMA/performance/_rig/dasllama-bench.app/Contents/MacOS/dasllama-bench"
  output: modules/dasLLAMA/performance/_rig/dasllama-bench.app/Contents/MacOS/dasllama-bench:
Load command 0
      cmd LC_SEGMENT_64
  cmdsize 72
  segname __PAGEZERO
   vmaddr 0x0000000000000000
   vmsize 0x0000000100000000
  fileoff 0
 filesize 0
  maxprot 0x00000000
 initprot 0x00000000
   nsects 0
    flags 0x0
Load command 1
      cmd LC_SEGMENT_64
  cmdsize 632
  segname __TEXT
   vmaddr 0x0000000100000000
   vmsize 0x0000000000614000
  fileoff 0
 filesize 6373376
  maxprot 0x00000005
 initprot 0x00000005
   nsects 7
    flags 0x0
Section
  sectname __text
   segname __TEXT
      addr 0x00000001000007a0
      size 0x0000000000520720
    offset 1952
     align 2^2 (4)
    reloff 0
    nreloc 0
     flags 0x80000400
 reserved1 0
 reserved2 0
Section
  sectname __stubs
   segname __TEXT
      addr 0x0000000100520ec0
      size 0x0000000000000330
    offset 5377728
     align 2^2 (4)
    reloff 0
    nreloc 0
     flags 0x80000408
 reserved1 0 (index into indirect symbol table)
 reserved2 12 (size of stubs)
Section
  sectname __init_offsets
   segname __TEXT
      addr 0x00000001005211f0
      size 0x0000000000000008
    offset 5378544
     align 2^2 (4)
    reloff 0
    nreloc 0
     flags 0x00000016
 reserved1 0
 reserved2 0
Section
  sectname __const
   segname __TEXT
      addr 0x0000000100521200
      size 0x00000000000029e0
    offset 5378560
     align 2^4 (16)
    reloff 0
    nreloc 0
     flags 0x00000000
 reserved1 0
 reserved2 0
Section
  sectname __cstring
   segname __TEXT
      addr 0x0000000100523be0
      size 0x00000000000d19e7
    offset 5389280
     align 2^0 (1)
    reloff 0
    nreloc 0
     flags 0x00000002
 reserved1 0
 reserved2 0
Section
  sectname __unwind_info
   segname __TEXT
      addr 0x00000001005f55c8
      size 0x0000000000004840
    offset 6247880
     align 2^2 (4)
    reloff 0
    nreloc 0
     flags 0x00000000
 reserved1 0
 reserved2 0
Section
  sectname __eh_frame
   segname __TEXT
      addr 0x00000001005f9e08
      size 0x00000000000181c0
    offset 6266376
     align 2^3 (8)
    reloff 0
    nreloc 0
     flags 0x6800000b
 reserved1 0
 reserved2 0
Load command 2
      cmd LC_SEGMENT_64
  cmdsize 232
  segname __DATA_CONST
   vmaddr 0x0000000100614000
   vmsize 0x0000000000004000
  fileoff 6373376
 filesize 16384
  maxprot 0x00000003
 initprot 0x00000003
   nsects 2
    flags 0x10
Section
  sectname __got
   segname __DATA_CONST
      addr 0x0000000100614000
      size 0x0000000000000220
    offset 6373376
     align 2^3 (8)
    reloff 0
    nreloc 0
     flags 0x00000006
 reserved1 68 (index into indirect symbol table)
 reserved2 0
Section
  sectname __const
   segname __DATA_CONST
      addr 0x0000000100614220
      size 0x0000000000000028
    offset 6373920
     align 2^3 (8)
    reloff 0
    nreloc 0
     flags 0x00000000
 reserved1 0
 reserved2 0
Load command 3
      cmd LC_SEGMENT_64
  cmdsize 232
  segname __DATA
   vmaddr 0x0000000100618000
   vmsize 0x00000000001a8000
  fileoff 6389760
 filesize 1720320
  maxprot 0x00000003
 initprot 0x00000003
   nsects 2
    flags 0x0
Section
  sectname __data
   segname __DATA
      addr 0x0000000100618000
      size 0x00000000001a2788
    offset 6389760
     align 2^4 (16)
    reloff 0
    nreloc 0
     flags 0x00000000
 reserved1 0
 reserved2 0
Section
  sectname __bss
   segname __DATA
      addr 0x00000001007ba790
      size 0x00000000000043e8
    offset 0
     align 2^4 (16)
    reloff 0
    nreloc 0
     flags 0x00000001
 reserved1 0
 reserved2 0
Load command 4
      cmd LC_SEGMENT_64
  cmdsize 72
  segname __LINKEDIT
   vmaddr 0x00000001007c0000
   vmsize 0x0000000000014000
  fileoff 8110080
 filesize 73792
  maxprot 0x00000001
 initprot 0x00000001
   nsects 0
    flags 0x0
Load command 5
      cmd LC_DYLD_CHAINED_FIXUPS
  cmdsize 16
  dataoff 8110080
 datasize 1928
Load command 6
      cmd LC_DYLD_EXPORTS_TRIE
  cmdsize 16
  dataoff 8112008
 datasize 344
Load command 7
     cmd LC_SYMTAB
 cmdsize 24
  symoff 8116824
   nsyms 79
  stroff 8118632
 strsize 1648
Load command 8
            cmd LC_DYSYMTAB
        cmdsize 80
      ilocalsym 0
      nlocalsym 0
     iextdefsym 0
     nextdefsym 11
      iundefsym 11
      nundefsym 68
         tocoff 0
           ntoc 0
      modtaboff 0
        nmodtab 0
   extrefsymoff 0
    nextrefsyms 0
 indirectsymoff 8118088
  nindirectsyms 136
      extreloff 0
        nextrel 0
      locreloff 0
        nlocrel 0
Load command 9
          cmd LC_LOAD_DYLINKER
      cmdsize 32
         name /usr/lib/dyld (offset 12)
Load command 10
     cmd LC_UUID
 cmdsize 24
    uuid 49A2325A-6DAE-3E2B-82BF-510CDEB9C890
Load command 11
      cmd LC_BUILD_VERSION
  cmdsize 32
 platform 1
    minos 26.0
      sdk 26.5
   ntools 1
     tool 3
  version 1267.0
Load command 12
      cmd LC_SOURCE_VERSION
  cmdsize 16
  version 0.0
Load command 13
       cmd LC_MAIN
   cmdsize 24
  entryoff 5167596
 stacksize 0
Load command 14
          cmd LC_LOAD_DYLIB
      cmdsize 64
         name @rpath/liblibDaScriptDyn_runtime.dylib (offset 24)
   time stamp 2 Wed Dec 31 16:00:02 1969
      current version 0.0.0
compatibility version 0.0.0
Load command 15
          cmd LC_LOAD_DYLIB
      cmdsize 56
         name @rpath/liblibDaScriptDyn.dylib (offset 24)
   time stamp 2 Wed Dec 31 16:00:02 1969
      current version 0.0.0
compatibility version 0.0.0
Load command 16
          cmd LC_LOAD_DYLIB
      cmdsize 48
         name /usr/lib/libc++.1.dylib (offset 24)
   time stamp 2 Wed Dec 31 16:00:02 1969
      current version 2100.43.0
compatibility version 1.0.0
Load command 17
          cmd LC_LOAD_DYLIB
      cmdsize 56
         name /usr/lib/libSystem.B.dylib (offset 24)
   time stamp 2 Wed Dec 31 16:00:02 1969
      current version 1356.0.0
compatibility version 1.0.0
Load command 18
          cmd LC_RPATH
      cmdsize 32
         path @executable_path (offset 12)
Load command 19
          cmd LC_RPATH
      cmdsize 56
         path /Users/borisbatkin/Work/daScript/lib (offset 12)
Load command 20
      cmd LC_FUNCTION_STARTS
  cmdsize 16
  dataoff 8112352
 datasize 4472
Load command 21
      cmd LC_DATA_IN_CODE
  cmdsize 16
  dataoff 8116824
 datasize 0
Load command 22
      cmd LC_CODE_SIGNATURE
  cmdsize 16
  dataoff 8120288
 datasize 63584

  [debug] $ install_name_tool -delete_rpath "/Users/borisbatkin/Work/daScript/lib" "modules/dasLLAMA/performance/_rig/dasllama-bench.app/Contents/MacOS/dasllama-bench"
  ship: modules/dasMetal/dasModuleMetal.shared_module
  [debug] $ otool -D "modules/dasLLAMA/performance/_rig/dasllama-bench.app/Contents/MacOS/modules/dasMetal/dasModuleMetal.shared_module"
  output: modules/dasLLAMA/performance/_rig/dasllama-bench.app/Contents/MacOS/modules/dasMetal/dasModuleMetal.shared_module:
@rpath/dasModuleMetal.shared_module

  [debug] $ otool -l "modules/dasLLAMA/performance/_rig/dasllama-bench.app/Contents/MacOS/modules/dasMetal/dasModuleMetal.shared_module"
  output: modules/dasLLAMA/performance/_rig/dasllama-bench.app/Contents/MacOS/modules/dasMetal/dasModuleMetal.shared_module:
Load command 0
      cmd LC_SEGMENT_64
  cmdsize 792
  segname __TEXT
   vmaddr 0x0000000000000000
   vmsize 0x0000000000020000
  fileoff 0
 filesize 131072
  maxprot 0x00000005
 initprot 0x00000005
   nsects 9
    flags 0x0
Section
  sectname __text
   segname __TEXT
      addr 0x0000000000002e38
      size 0x0000000000017390
    offset 11832
     align 2^2 (4)
    reloff 0
    nreloc 0
     flags 0x80000400
 reserved1 0
 reserved2 0
Section
  sectname __stubs
   segname __TEXT
      addr 0x000000000001a1c8
      size 0x0000000000000330
    offset 106952
     align 2^2 (4)
    reloff 0
    nreloc 0
     flags 0x80000408
 reserved1 0 (index into indirect symbol table)
 reserved2 12 (size of stubs)
Section
  sectname __objc_stubs
   segname __TEXT
      addr 0x000000000001a500
      size 0x00000000000005a0
    offset 107776
     align 2^5 (32)
    reloff 0
    nreloc 0
     flags 0x80000400
 reserved1 0
 reserved2 0
Section
  sectname __init_offsets
   segname __TEXT
      addr 0x000000000001aaa0
      size 0x0000000000000018
    offset 109216
     align 2^2 (4)
    reloff 0
    nreloc 0
     flags 0x00000016
 reserved1 0
 reserved2 0
Section
  sectname __gcc_except_tab
   segname __TEXT
      addr 0x000000000001aab8
      size 0x00000000000011cc
    offset 109240
     align 2^2 (4)
    reloff 0
    nreloc 0
     flags 0x00000000
 reserved1 0
 reserved2 0
Section
  sectname __cstring
   segname __TEXT
      addr 0x000000000001bc84
      size 0x000000000000155c
    offset 113796
     align 2^0 (1)
    reloff 0
    nreloc 0
     flags 0x00000002
 reserved1 0
 reserved2 0
Section
  sectname __const
   segname __TEXT
      addr 0x000000000001d1e0
      size 0x0000000000000055
    offset 119264
     align 2^0 (1)
    reloff 0
    nreloc 0
     flags 0x00000000
 reserved1 0
 reserved2 0
Section
  sectname __objc_methname
   segname __TEXT
      addr 0x000000000001d235
      size 0x00000000000003cb
    offset 119349
     align 2^0 (1)
    reloff 0
    nreloc 0
     flags 0x00000002
 reserved1 0
 reserved2 0
Section
  sectname __unwind_info
   segname __TEXT
      addr 0x000000000001d600
      size 0x0000000000000d50
    offset 120320
     align 2^2 (4)
    reloff 0
    nreloc 0
     flags 0x00000000
 reserved1 0
 reserved2 0
Load command 1
      cmd LC_SEGMENT_64
  cmdsize 392
  segname __DATA_CONST
   vmaddr 0x0000000000020000
   vmsize 0x0000000000008000
  fileoff 131072
 filesize 32768
  maxprot 0x00000003
 initprot 0x00000003
   nsects 4
    flags 0x10
Section
  sectname __got
   segname __DATA_CONST
      addr 0x0000000000020000
      size 0x00000000000002e0
    offset 131072
     align 2^3 (8)
    reloff 0
    nreloc 0
     flags 0x00000006
 reserved1 68 (index into indirect symbol table)
 reserved2 0
Section
  sectname __const
   segname __DATA_CONST
      addr 0x00000000000202e0
      size 0x0000000000003d68
    offset 131808
     align 2^3 (8)
    reloff 0
    nreloc 0
     flags 0x00000000
 reserved1 0
 reserved2 0
Section
  sectname __cfstring
   segname __DATA_CONST
      addr 0x0000000000024048
      size 0x0000000000000020
    offset 147528
     align 2^3 (8)
    reloff 0
    nreloc 0
     flags 0x00000000
 reserved1 0
 reserved2 0
Section
  sectname __objc_imageinfo
   segname __DATA_CONST
      addr 0x0000000000024068
      size 0x0000000000000008
    offset 147560
     align 2^2 (4)
    reloff 0
    nreloc 0
     flags 0x00000000
 reserved1 0
 reserved2 0
Load command 2
      cmd LC_SEGMENT_64
  cmdsize 312
  segname __DATA
   vmaddr 0x0000000000028000
   vmsize 0x0000000000004000
  fileoff 163840
 filesize 16384
  maxprot 0x00000003
 initprot 0x00000003
   nsects 3
    flags 0x0
Section
  sectname __objc_selrefs
   segname __DATA
      addr 0x0000000000028000
      size 0x0000000000000168
    offset 163840
     align 2^3 (8)
    reloff 0
    nreloc 0
     flags 0x10000005
 reserved1 0
 reserved2 0
Section
  sectname __data
   segname __DATA
      addr 0x0000000000028168
      size 0x00000000000000b8
    offset 164200
     align 2^3 (8)
    reloff 0
    nreloc 0
     flags 0x00000000
 reserved1 0
 reserved2 0
Section
  sectname __bss
   segname __DATA
      addr 0x0000000000028220
      size 0x0000000000000038
    offset 0
     align 2^3 (8)
    reloff 0
    nreloc 0
     flags 0x00000001
 reserved1 0
 reserved2 0
Load command 3
      cmd LC_SEGMENT_64
  cmdsize 72
  segname __LINKEDIT
   vmaddr 0x000000000002c000
   vmsize 0x0000000000040000
  fileoff 180224
 filesize 248960
  maxprot 0x00000001
 initprot 0x00000001
   nsects 0
    flags 0x0
Load command 4
          cmd LC_ID_DYLIB
      cmdsize 64
         name @rpath/dasModuleMetal.shared_module (offset 24)
   time stamp 1 Wed Dec 31 16:00:01 1969
      current version 0.0.0
compatibility version 0.0.0
Load command 5
      cmd LC_DYLD_CHAINED_FIXUPS
  cmdsize 16
  dataoff 180224
 datasize 4288
Load command 6
      cmd LC_DYLD_EXPORTS_TRIE
  cmdsize 16
  dataoff 184512
 datasize 5120
Load command 7
     cmd LC_SYMTAB
 cmdsize 24
  symoff 191040
   nsyms 1562
  stroff 216672
 strsize 209032
Load command 8
            cmd LC_DYSYMTAB
        cmdsize 80
      ilocalsym 0
      nlocalsym 1404
     iextdefsym 1404
     nextdefsym 69
      iundefsym 1473
      nundefsym 89
         tocoff 0
           ntoc 0
      modtaboff 0
        nmodtab 0
   extrefsymoff 0
    nextrefsyms 0
 indirectsymoff 216032
  nindirectsyms 160
      extreloff 0
        nextrel 0
      locreloff 0
        nlocrel 0
Load command 9
     cmd LC_UUID
 cmdsize 24
    uuid 86D68295-7C92-3E77-84D4-0F4311EE0C6B
Load command 10
      cmd LC_BUILD_VERSION
  cmdsize 32
 platform 1
    minos 26.0
      sdk 26.5
   ntools 1
     tool 3
  version 1267.0
Load command 11
      cmd LC_SOURCE_VERSION
  cmdsize 16
  version 0.0
Load command 12
          cmd LC_LOAD_DYLIB
      cmdsize 56
         name @rpath/liblibDaScriptDyn.dylib (offset 24)
   time stamp 2 Wed Dec 31 16:00:02 1969
      current version 0.0.0
compatibility version 0.0.0
Load command 13
          cmd LC_LOAD_DYLIB
      cmdsize 88
         name /System/Library/Frameworks/Metal.framework/Versions/A/Metal (offset 24)
   time stamp 2 Wed Dec 31 16:00:02 1969
      current version 373.2.0
compatibility version 1.0.0
Load command 14
          cmd LC_LOAD_DYLIB
      cmdsize 96
         name /System/Library/Frameworks/Foundation.framework/Versions/C/Foundation (offset 24)
   time stamp 2 Wed Dec 31 16:00:02 1969
      current version 5026.5.4
compatibility version 300.0.0
Load command 15
          cmd LC_LOAD_DYLIB
      cmdsize 64
         name @rpath/liblibDaScriptDyn_runtime.dylib (offset 24)
   time stamp 2 Wed Dec 31 16:00:02 1969
      current version 0.0.0
compatibility version 0.0.0
Load command 16
          cmd LC_LOAD_DYLIB
      cmdsize 48
         name /usr/lib/libc++.1.dylib (offset 24)
   time stamp 2 Wed Dec 31 16:00:02 1969
      current version 2100.43.0
compatibility version 1.0.0
Load command 17
          cmd LC_LOAD_DYLIB
      cmdsize 56
         name /usr/lib/libSystem.B.dylib (offset 24)
   time stamp 2 Wed Dec 31 16:00:02 1969
      current version 1356.0.0
compatibility version 1.0.0
Load command 18
          cmd LC_LOAD_DYLIB
      cmdsize 104
         name /System/Library/Frameworks/CoreFoundation.framework/Versions/A/CoreFoundation (offset 24)
   time stamp 2 Wed Dec 31 16:00:02 1969
      current version 5026.5.4
compatibility version 150.0.0
Load command 19
          cmd LC_LOAD_DYLIB
      cmdsize 56
         name /usr/lib/libobjc.A.dylib (offset 24)
   time stamp 2 Wed Dec 31 16:00:02 1969
      current version 228.0.0
compatibility version 1.0.0
Load command 20
          cmd LC_RPATH
      cmdsize 32
         path @loader_path (offset 12)
Load command 21
          cmd LC_RPATH
      cmdsize 56
         path /Users/borisbatkin/Work/daScript/lib (offset 12)
Load command 22
      cmd LC_FUNCTION_STARTS
  cmdsize 16
  dataoff 189632
 datasize 1408
Load command 23
      cmd LC_DATA_IN_CODE
  cmdsize 16
  dataoff 191040
 datasize 0
Load command 24
      cmd LC_CODE_SIGNATURE
  cmdsize 16
  dataoff 425712
 datasize 3472

  [debug] $ install_name_tool -delete_rpath "/Users/borisbatkin/Work/daScript/lib" "modules/dasLLAMA/performance/_rig/dasllama-bench.app/Contents/MacOS/modules/dasMetal/dasModuleMetal.shared_module"
  ship: modules/dasAccelerate/dasModuleAccelerate.shared_module
  [debug] $ otool -D "modules/dasLLAMA/performance/_rig/dasllama-bench.app/Contents/MacOS/modules/dasAccelerate/dasModuleAccelerate.shared_module"
  output: modules/dasLLAMA/performance/_rig/dasllama-bench.app/Contents/MacOS/modules/dasAccelerate/dasModuleAccelerate.shared_module:
@rpath/dasModuleAccelerate.shared_module

  [debug] $ otool -l "modules/dasLLAMA/performance/_rig/dasllama-bench.app/Contents/MacOS/modules/dasAccelerate/dasModuleAccelerate.shared_module"
  output: modules/dasLLAMA/performance/_rig/dasllama-bench.app/Contents/MacOS/modules/dasAccelerate/dasModuleAccelerate.shared_module:
Load command 0
      cmd LC_SEGMENT_64
  cmdsize 712
  segname __TEXT
   vmaddr 0x0000000000000000
   vmsize 0x0000000000008000
  fileoff 0
 filesize 32768
  maxprot 0x00000005
 initprot 0x00000005
   nsects 8
    flags 0x0
Section
  sectname __text
   segname __TEXT
      addr 0x0000000000002050
      size 0x0000000000002aac
    offset 8272
     align 2^2 (4)
    reloff 0
    nreloc 0
     flags 0x80000400
 reserved1 0
 reserved2 0
Section
  sectname __stubs
   segname __TEXT
      addr 0x0000000000004afc
      size 0x0000000000000210
    offset 19196
     align 2^2 (4)
    reloff 0
    nreloc 0
     flags 0x80000408
 reserved1 0 (index into indirect symbol table)
 reserved2 12 (size of stubs)
Section
  sectname __init_offsets
   segname __TEXT
      addr 0x0000000000004d0c
      size 0x0000000000000018
    offset 19724
     align 2^2 (4)
    reloff 0
    nreloc 0
     flags 0x00000016
 reserved1 0
 reserved2 0
Section
  sectname __const
   segname __TEXT
      addr 0x0000000000004d24
      size 0x000000000000002e
    offset 19748
     align 2^0 (1)
    reloff 0
    nreloc 0
     flags 0x00000000
 reserved1 0
 reserved2 0
Section
  sectname __gcc_except_tab
   segname __TEXT
      addr 0x0000000000004d54
      size 0x000000000000019c
    offset 19796
     align 2^2 (4)
    reloff 0
    nreloc 0
     flags 0x00000000
 reserved1 0
 reserved2 0
Section
  sectname __cstring
   segname __TEXT
      addr 0x0000000000004ef0
      size 0x00000000000001df
    offset 20208
     align 2^0 (1)
    reloff 0
    nreloc 0
     flags 0x00000002
 reserved1 0
 reserved2 0
Section
  sectname __unwind_info
   segname __TEXT
      addr 0x00000000000050d0
      size 0x00000000000003e8
    offset 20688
     align 2^2 (4)
    reloff 0
    nreloc 0
     flags 0x00000000
 reserved1 0
 reserved2 0
Section
  sectname __eh_frame
   segname __TEXT
      addr 0x00000000000054b8
      size 0x0000000000000eb0
    offset 21688
     align 2^3 (8)
    reloff 0
    nreloc 0
     flags 0x6800000b
 reserved1 0
 reserved2 0
Load command 1
      cmd LC_SEGMENT_64
  cmdsize 232
  segname __DATA_CONST
   vmaddr 0x0000000000008000
   vmsize 0x0000000000004000
  fileoff 32768
 filesize 16384
  maxprot 0x00000003
 initprot 0x00000003
   nsects 2
    flags 0x10
Section
  sectname __got
   segname __DATA_CONST
      addr 0x0000000000008000
      size 0x0000000000000190
    offset 32768
     align 2^3 (8)
    reloff 0
    nreloc 0
     flags 0x00000006
 reserved1 44 (index into indirect symbol table)
 reserved2 0
Section
  sectname __const
   segname __DATA_CONST
      addr 0x0000000000008190
      size 0x0000000000000580
    offset 33168
     align 2^3 (8)
    reloff 0
    nreloc 0
     flags 0x00000000
 reserved1 0
 reserved2 0
Load command 2
      cmd LC_SEGMENT_64
  cmdsize 312
  segname __DATA
   vmaddr 0x000000000000c000
   vmsize 0x0000000000004000
  fileoff 49152
 filesize 16384
  maxprot 0x00000003
 initprot 0x00000003
   nsects 3
    flags 0x0
Section
  sectname __thread_vars
   segname __DATA
      addr 0x000000000000c000
      size 0x0000000000000018
    offset 49152
     align 2^3 (8)
    reloff 0
    nreloc 0
     flags 0x00000013
 reserved1 0
 reserved2 0
Section
  sectname __thread_bss
   segname __DATA
      addr 0x000000000000c018
      size 0x0000000000000001
    offset 0
     align 2^0 (1)
    reloff 0
    nreloc 0
     flags 0x00000012
 reserved1 0
 reserved2 0
Section
  sectname __bss
   segname __DATA
      addr 0x000000000000c020
      size 0x0000000000000088
    offset 0
     align 2^3 (8)
    reloff 0
    nreloc 0
     flags 0x00000001
 reserved1 0
 reserved2 0
Load command 3
      cmd LC_SEGMENT_64
  cmdsize 72
  segname __LINKEDIT
   vmaddr 0x0000000000010000
   vmsize 0x0000000000008000
  fileoff 65536
 filesize 20832
  maxprot 0x00000001
 initprot 0x00000001
   nsects 0
    flags 0x0
Load command 4
          cmd LC_ID_DYLIB
      cmdsize 72
         name @rpath/dasModuleAccelerate.shared_module (offset 24)
   time stamp 1 Wed Dec 31 16:00:01 1969
      current version 0.0.0
compatibility version 0.0.0
Load command 5
      cmd LC_DYLD_CHAINED_FIXUPS
  cmdsize 16
  dataoff 65536
 datasize 2144
Load command 6
      cmd LC_DYLD_EXPORTS_TRIE
  cmdsize 16
  dataoff 67680
 datasize 128
Load command 7
     cmd LC_SYMTAB
 cmdsize 24
  symoff 67968
   nsyms 216
  stroff 71800
 strsize 13752
Load command 8
            cmd LC_DYSYMTAB
        cmdsize 80
      ilocalsym 0
      nlocalsym 155
     iextdefsym 155
     nextdefsym 3
      iundefsym 158
      nundefsym 58
         tocoff 0
           ntoc 0
      modtaboff 0
        nmodtab 0
   extrefsymoff 0
    nextrefsyms 0
 indirectsymoff 71424
  nindirectsyms 94
      extreloff 0
        nextrel 0
      locreloff 0
        nlocrel 0
Load command 9
     cmd LC_UUID
 cmdsize 24
    uuid B514ABC1-BEEE-338D-ADFF-67BE7884CDBE
Load command 10
      cmd LC_BUILD_VERSION
  cmdsize 32
 platform 1
    minos 26.0
      sdk 26.5
   ntools 1
     tool 3
  version 1267.0
Load command 11
      cmd LC_SOURCE_VERSION
  cmdsize 16
  version 0.0
Load command 12
          cmd LC_LOAD_DYLIB
      cmdsize 56
         name @rpath/liblibDaScriptDyn.dylib (offset 24)
   time stamp 2 Wed Dec 31 16:00:02 1969
      current version 0.0.0
compatibility version 0.0.0
Load command 13
          cmd LC_LOAD_DYLIB
      cmdsize 96
         name /System/Library/Frameworks/Accelerate.framework/Versions/A/Accelerate (offset 24)
   time stamp 2 Wed Dec 31 16:00:02 1969
      current version 4.0.0
compatibility version 1.0.0
Load command 14
          cmd LC_LOAD_DYLIB
      cmdsize 64
         name @rpath/liblibDaScriptDyn_runtime.dylib (offset 24)
   time stamp 2 Wed Dec 31 16:00:02 1969
      current version 0.0.0
compatibility version 0.0.0
Load command 15
          cmd LC_LOAD_DYLIB
      cmdsize 48
         name /usr/lib/libc++.1.dylib (offset 24)
   time stamp 2 Wed Dec 31 16:00:02 1969
      current version 2100.43.0
compatibility version 1.0.0
Load command 16
          cmd LC_LOAD_DYLIB
      cmdsize 56
         name /usr/lib/libSystem.B.dylib (offset 24)
   time stamp 2 Wed Dec 31 16:00:02 1969
      current version 1356.0.0
compatibility version 1.0.0
Load command 17
          cmd LC_RPATH
      cmdsize 32
         path @loader_path (offset 12)
Load command 18
          cmd LC_RPATH
      cmdsize 56
         path /Users/borisbatkin/Work/daScript/lib (offset 12)
Load command 19
      cmd LC_FUNCTION_STARTS
  cmdsize 16
  dataoff 67808
 datasize 160
Load command 20
      cmd LC_DATA_IN_CODE
  cmdsize 16
  dataoff 67968
 datasize 0
Load command 21
      cmd LC_CODE_SIGNATURE
  cmdsize 16
  dataoff 85552
 datasize 816

  [debug] $ install_name_tool -delete_rpath "/Users/borisbatkin/Work/daScript/lib" "modules/dasLLAMA/performance/_rig/dasllama-bench.app/Contents/MacOS/modules/dasAccelerate/dasModuleAccelerate.shared_module"
  ship: modules/dasAudio/dasModuleAudio.shared_module
  [debug] $ otool -D "modules/dasLLAMA/performance/_rig/dasllama-bench.app/Contents/MacOS/modules/dasAudio/dasModuleAudio.shared_module"
  output: modules/dasLLAMA/performance/_rig/dasllama-bench.app/Contents/MacOS/modules/dasAudio/dasModuleAudio.shared_module:
@rpath/dasModuleAudio.shared_module

  [debug] $ otool -l "modules/dasLLAMA/performance/_rig/dasllama-bench.app/Contents/MacOS/modules/dasAudio/dasModuleAudio.shared_module"
  output: modules/dasLLAMA/performance/_rig/dasllama-bench.app/Contents/MacOS/modules/dasAudio/dasModuleAudio.shared_module:
Load command 0
      cmd LC_SEGMENT_64
  cmdsize 712
  segname __TEXT
   vmaddr 0x0000000000000000
   vmsize 0x00000000001c4000
  fileoff 0
 filesize 1851392
  maxprot 0x00000005
 initprot 0x00000005
   nsects 8
    flags 0x0
Section
  sectname __text
   segname __TEXT
      addr 0x00000000000028c8
      size 0x0000000000091dd4
    offset 10440
     align 2^2 (4)
    reloff 0
    nreloc 0
     flags 0x80000400
 reserved1 0
 reserved2 0
Section
  sectname __stubs
   segname __TEXT
      addr 0x000000000009469c
      size 0x0000000000000654
    offset 607900
     align 2^2 (4)
    reloff 0
    nreloc 0
     flags 0x80000408
 reserved1 0 (index into indirect symbol table)
 reserved2 12 (size of stubs)
Section
  sectname __init_offsets
   segname __TEXT
      addr 0x0000000000094cf0
      size 0x0000000000000018
    offset 609520
     align 2^2 (4)
    reloff 0
    nreloc 0
     flags 0x00000016
 reserved1 0
 reserved2 0
Section
  sectname __const
   segname __TEXT
      addr 0x0000000000094d10
      size 0x000000000010e400
    offset 609552
     align 2^4 (16)
    reloff 0
    nreloc 0
     flags 0x00000000
 reserved1 0
 reserved2 0
Section
  sectname __gcc_except_tab
   segname __TEXT
      addr 0x00000000001a3110
      size 0x0000000000002a1c
    offset 1716496
     align 2^2 (4)
    reloff 0
    nreloc 0
     flags 0x00000000
 reserved1 0
 reserved2 0
Section
  sectname __cstring
   segname __TEXT
      addr 0x00000000001a5b2c
      size 0x0000000000002d80
    offset 1727276
     align 2^0 (1)
    reloff 0
    nreloc 0
     flags 0x00000002
 reserved1 0
 reserved2 0
Section
  sectname __unwind_info
   segname __TEXT
      addr 0x00000000001a88ac
      size 0x00000000000056a8
    offset 1738924
     align 2^2 (4)
    reloff 0
    nreloc 0
     flags 0x00000000
 reserved1 0
 reserved2 0
Section
  sectname __eh_frame
   segname __TEXT
      addr 0x00000000001adf58
      size 0x0000000000013c98
    offset 1761112
     align 2^3 (8)
    reloff 0
    nreloc 0
     flags 0x6800000b
 reserved1 0
 reserved2 0
Load command 1
      cmd LC_SEGMENT_64
  cmdsize 232
  segname __DATA_CONST
   vmaddr 0x00000000001c4000
   vmsize 0x0000000000010000
  fileoff 1851392
 filesize 65536
  maxprot 0x00000003
 initprot 0x00000003
   nsects 2
    flags 0x10
Section
  sectname __got
   segname __DATA_CONST
      addr 0x00000000001c4000
      size 0x0000000000000538
    offset 1851392
     align 2^3 (8)
    reloff 0
    nreloc 0
     flags 0x00000006
 reserved1 135 (index into indirect symbol table)
 reserved2 0
Section
  sectname __const
   segname __DATA_CONST
      addr 0x00000000001c4538
      size 0x000000000000ec08
    offset 1852728
     align 2^3 (8)
    reloff 0
    nreloc 0
     flags 0x00000000
 reserved1 0
 reserved2 0
Load command 2
      cmd LC_SEGMENT_64
  cmdsize 232
  segname __DATA
   vmaddr 0x00000000001d4000
   vmsize 0x0000000000004000
  fileoff 1916928
 filesize 16384
  maxprot 0x00000003
 initprot 0x00000003
   nsects 2
    flags 0x0
Section
  sectname __data
   segname __DATA
      addr 0x00000000001d4000
      size 0x0000000000000640
    offset 1916928
     align 2^3 (8)
    reloff 0
    nreloc 0
     flags 0x00000000
 reserved1 0
 reserved2 0
Section
  sectname __bss
   segname __DATA
      addr 0x00000000001d4640
      size 0x0000000000002aa8
    offset 0
     align 2^4 (16)
    reloff 0
    nreloc 0
     flags 0x00000001
 reserved1 0
 reserved2 0
Load command 3
      cmd LC_SEGMENT_64
  cmdsize 72
  segname __LINKEDIT
   vmaddr 0x00000000001d8000
   vmsize 0x000000000007c000
  fileoff 1933312
 filesize 493264
  maxprot 0x00000001
 initprot 0x00000001
   nsects 0
    flags 0x0
Load command 4
          cmd LC_ID_DYLIB
      cmdsize 64
         name @rpath/dasModuleAudio.shared_module (offset 24)
   time stamp 1 Wed Dec 31 16:00:01 1969
      current version 0.0.0
compatibility version 0.0.0
Load command 5
      cmd LC_DYLD_CHAINED_FIXUPS
  cmdsize 16
  dataoff 1933312
 datasize 8448
Load command 6
      cmd LC_DYLD_EXPORTS_TRIE
  cmdsize 16
  dataoff 1941760
 datasize 536
Load command 7
     cmd LC_SYMTAB
 cmdsize 24
  symoff 1946320
   nsyms 4020
  stroff 2011848
 strsize 395768
Load command 8
            cmd LC_DYSYMTAB
        cmdsize 80
      ilocalsym 0
      nlocalsym 3778
     iextdefsym 3778
     nextdefsym 32
      iundefsym 3810
      nundefsym 210
         tocoff 0
           ntoc 0
      modtaboff 0
        nmodtab 0
   extrefsymoff 0
    nextrefsyms 0
 indirectsymoff 2010640
  nindirectsyms 302
      extreloff 0
        nextrel 0
      locreloff 0
        nlocrel 0
Load command 9
     cmd LC_UUID
 cmdsize 24
    uuid 2FD0D5E7-3852-3FAA-A537-01EC50FA9D8F
Load command 10
      cmd LC_BUILD_VERSION
  cmdsize 32
 platform 1
    minos 26.0
      sdk 26.5
   ntools 1
     tool 3
  version 1267.0
Load command 11
      cmd LC_SOURCE_VERSION
  cmdsize 16
  version 0.0
Load command 12
          cmd LC_LOAD_DYLIB
      cmdsize 56
         name @rpath/liblibDaScriptDyn.dylib (offset 24)
   time stamp 2 Wed Dec 31 16:00:02 1969
      current version 0.0.0
compatibility version 0.0.0
Load command 13
          cmd LC_LOAD_DYLIB
      cmdsize 104
         name /System/Library/Frameworks/CoreFoundation.framework/Versions/A/CoreFoundation (offset 24)
   time stamp 2 Wed Dec 31 16:00:02 1969
      current version 5026.5.4
compatibility version 150.0.0
Load command 14
          cmd LC_LOAD_DYLIB
      cmdsize 96
         name /System/Library/Frameworks/CoreAudio.framework/Versions/A/CoreAudio (offset 24)
   time stamp 2 Wed Dec 31 16:00:02 1969
      current version 1.0.0
compatibility version 1.0.0
Load command 15
          cmd LC_LOAD_DYLIB
      cmdsize 104
         name /System/Library/Frameworks/AudioToolbox.framework/Versions/A/AudioToolbox (offset 24)
   time stamp 2 Wed Dec 31 16:00:02 1969
      current version 1000.0.0
compatibility version 1.0.0
Load command 16
          cmd LC_LOAD_DYLIB
      cmdsize 64
         name @rpath/liblibDaScriptDyn_runtime.dylib (offset 24)
   time stamp 2 Wed Dec 31 16:00:02 1969
      current version 0.0.0
compatibility version 0.0.0
Load command 17
          cmd LC_LOAD_DYLIB
      cmdsize 48
         name /usr/lib/libc++.1.dylib (offset 24)
   time stamp 2 Wed Dec 31 16:00:02 1969
      current version 2100.43.0
compatibility version 1.0.0
Load command 18
          cmd LC_LOAD_DYLIB
      cmdsize 56
         name /usr/lib/libSystem.B.dylib (offset 24)
   time stamp 2 Wed Dec 31 16:00:02 1969
      current version 1356.0.0
compatibility version 1.0.0
Load command 19
          cmd LC_RPATH
      cmdsize 32
         path @loader_path (offset 12)
Load command 20
          cmd LC_RPATH
      cmdsize 56
         path /Users/borisbatkin/Work/daScript/lib (offset 12)
Load command 21
      cmd LC_FUNCTION_STARTS
  cmdsize 16
  dataoff 1942296
 datasize 4024
Load command 22
      cmd LC_DATA_IN_CODE
  cmdsize 16
  dataoff 1946320
 datasize 0
Load command 23
      cmd LC_CODE_SIGNATURE
  cmdsize 16
  dataoff 2407616
 datasize 18960

  [debug] $ install_name_tool -delete_rpath "/Users/borisbatkin/Work/daScript/lib" "modules/dasLLAMA/performance/_rig/dasllama-bench.app/Contents/MacOS/modules/dasAudio/dasModuleAudio.shared_module"
  ship runtime: liblibDaScriptDyn.dylib
  [debug] $ otool -D "modules/dasLLAMA/performance/_rig/dasllama-bench.app/Contents/MacOS/liblibDaScriptDyn.dylib"
  output: modules/dasLLAMA/performance/_rig/dasllama-bench.app/Contents/MacOS/liblibDaScriptDyn.dylib:
@rpath/liblibDaScriptDyn.dylib

  [debug] $ otool -l "modules/dasLLAMA/performance/_rig/dasllama-bench.app/Contents/MacOS/liblibDaScriptDyn.dylib"
  output: modules/dasLLAMA/performance/_rig/dasllama-bench.app/Contents/MacOS/liblibDaScriptDyn.dylib:
Load command 0
      cmd LC_SEGMENT_64
  cmdsize 712
  segname __TEXT
   vmaddr 0x0000000000000000
   vmsize 0x00000000009b0000
  fileoff 0
 filesize 10158080
  maxprot 0x00000005
 initprot 0x00000005
   nsects 8
    flags 0x0
Section
  sectname __text
   segname __TEXT
      addr 0x0000000000001818
      size 0x000000000078edcc
    offset 6168
     align 2^2 (4)
    reloff 0
    nreloc 0
     flags 0x80000400
 reserved1 0
 reserved2 0
Section
  sectname __stubs
   segname __TEXT
      addr 0x00000000007905e4
      size 0x0000000000001b30
    offset 7931364
     align 2^2 (4)
    reloff 0
    nreloc 0
     flags 0x80000408
 reserved1 0 (index into indirect symbol table)
 reserved2 12 (size of stubs)
Section
  sectname __init_offsets
   segname __TEXT
      addr 0x0000000000792114
      size 0x0000000000000460
    offset 7938324
     align 2^2 (4)
    reloff 0
    nreloc 0
     flags 0x00000016
 reserved1 0
 reserved2 0
Section
  sectname __const
   segname __TEXT
      addr 0x0000000000792580
      size 0x0000000000041ffc
    offset 7939456
     align 2^4 (16)
    reloff 0
    nreloc 0
     flags 0x00000000
 reserved1 0
 reserved2 0
Section
  sectname __gcc_except_tab
   segname __TEXT
      addr 0x00000000007d457c
      size 0x000000000002c3f0
    offset 8209788
     align 2^2 (4)
    reloff 0
    nreloc 0
     flags 0x00000000
 reserved1 0
 reserved2 0
Section
  sectname __cstring
   segname __TEXT
      addr 0x0000000000800970
      size 0x00000000000150c7
    offset 8391024
     align 2^3 (8)
    reloff 0
    nreloc 0
     flags 0x00000002
 reserved1 0
 reserved2 0
Section
  sectname __unwind_info
   segname __TEXT
      addr 0x0000000000815a38
      size 0x0000000000060328
    offset 8477240
     align 2^2 (4)
    reloff 0
    nreloc 0
     flags 0x00000000
 reserved1 0
 reserved2 0
Section
  sectname __eh_frame
   segname __TEXT
      addr 0x0000000000875d60
      size 0x000000000013a134
    offset 8871264
     align 2^3 (8)
    reloff 0
    nreloc 0
     flags 0x6800000b
 reserved1 0
 reserved2 0
Load command 1
      cmd LC_SEGMENT_64
  cmdsize 232
  segname __DATA_CONST
   vmaddr 0x00000000009b0000
   vmsize 0x00000000003b4000
  fileoff 10158080
 filesize 3883008
  maxprot 0x00000003
 initprot 0x00000003
   nsects 2
    flags 0x10
Section
  sectname __got
   segname __DATA_CONST
      addr 0x00000000009b0000
      size 0x0000000000001618
    offset 10158080
     align 2^3 (8)
    reloff 0
    nreloc 0
     flags 0x00000006
 reserved1 580 (index into indirect symbol table)
 reserved2 0
Section
  sectname __const
   segname __DATA_CONST
      addr 0x00000000009b1618
      size 0x00000000003b10b0
    offset 10163736
     align 2^3 (8)
    reloff 0
    nreloc 0
     flags 0x00000000
 reserved1 0
 reserved2 0
Load command 2
      cmd LC_SEGMENT_64
  cmdsize 472
  segname __DATA
   vmaddr 0x0000000000d64000
   vmsize 0x0000000000004000
  fileoff 14041088
 filesize 16384
  maxprot 0x00000003
 initprot 0x00000003
   nsects 5
    flags 0x0
Section
  sectname __data
   segname __DATA
      addr 0x0000000000d64000
      size 0x0000000000000104
    offset 14041088
     align 2^3 (8)
    reloff 0
    nreloc 0
     flags 0x00000000
 reserved1 0
 reserved2 0
Section
  sectname __thread_vars
   segname __DATA
      addr 0x0000000000d64108
      size 0x0000000000000138
    offset 14041352
     align 2^3 (8)
    reloff 0
    nreloc 0
     flags 0x00000013
 reserved1 0
 reserved2 0
Section
  sectname __thread_bss
   segname __DATA
      addr 0x0000000000d64240
      size 0x0000000000000090
    offset 0
     align 2^3 (8)
    reloff 0
    nreloc 0
     flags 0x00000012
 reserved1 0
 reserved2 0
Section
  sectname __bss
   segname __DATA
      addr 0x0000000000d642d0
      size 0x00000000000000cc
    offset 0
     align 2^3 (8)
    reloff 0
    nreloc 0
     flags 0x00000001
 reserved1 0
 reserved2 0
Section
  sectname __common
   segname __DATA
      addr 0x0000000000d643a0
      size 0x0000000000000084
    offset 0
     align 2^4 (16)
    reloff 0
    nreloc 0
     flags 0x00000001
 reserved1 0
 reserved2 0
Load command 3
      cmd LC_SEGMENT_64
  cmdsize 72
  segname __LINKEDIT
   vmaddr 0x0000000000d68000
   vmsize 0x0000000000c34000
  fileoff 14057472
 filesize 12793640
  maxprot 0x00000001
 initprot 0x00000001
   nsects 0
    flags 0x0
Load command 4
          cmd LC_ID_DYLIB
      cmdsize 56
         name @rpath/liblibDaScriptDyn.dylib (offset 24)
   time stamp 1 Wed Dec 31 16:00:01 1969
      current version 0.0.0
compatibility version 0.0.0
Load command 5
      cmd LC_DYLD_CHAINED_FIXUPS
  cmdsize 16
  dataoff 14057472
 datasize 39440
Load command 6
      cmd LC_DYLD_EXPORTS_TRIE
  cmdsize 16
  dataoff 14096912
 datasize 38704
Load command 7
     cmd LC_SYMTAB
 cmdsize 24
  symoff 14231192
   nsyms 109795
  stroff 15993064
 strsize 10649752
Load command 8
            cmd LC_DYSYMTAB
        cmdsize 80
      ilocalsym 0
      nlocalsym 108291
     iextdefsym 108291
     nextdefsym 753
      iundefsym 109044
      nundefsym 751
         tocoff 0
           ntoc 0
      modtaboff 0
        nmodtab 0
   extrefsymoff 0
    nextrefsyms 0
 indirectsymoff 15987912
  nindirectsyms 1287
      extreloff 0
        nextrel 0
      locreloff 0
        nlocrel 0
Load command 9
     cmd LC_UUID
 cmdsize 24
    uuid 16E73BAA-5296-3D0C-B45F-D31A82FCB867
Load command 10
      cmd LC_BUILD_VERSION
  cmdsize 32
 platform 1
    minos 26.0
      sdk 26.5
   ntools 1
     tool 3
  version 1267.0
Load command 11
      cmd LC_SOURCE_VERSION
  cmdsize 16
  version 0.0
Load command 12
          cmd LC_LOAD_DYLIB
      cmdsize 64
         name @rpath/liblibDaScriptDyn_runtime.dylib (offset 24)
   time stamp 2 Wed Dec 31 16:00:02 1969
      current version 0.0.0
compatibility version 0.0.0
Load command 13
          cmd LC_LOAD_DYLIB
      cmdsize 48
         name /usr/lib/libc++.1.dylib (offset 24)
   time stamp 2 Wed Dec 31 16:00:02 1969
      current version 2100.43.0
compatibility version 1.0.0
Load command 14
          cmd LC_LOAD_DYLIB
      cmdsize 56
         name /usr/lib/libSystem.B.dylib (offset 24)
   time stamp 2 Wed Dec 31 16:00:02 1969
      current version 1356.0.0
compatibility version 1.0.0
Load command 15
          cmd LC_RPATH
      cmdsize 56
         path /Users/borisbatkin/Work/daScript/lib (offset 12)
Load command 16
      cmd LC_FUNCTION_STARTS
  cmdsize 16
  dataoff 14135616
 datasize 95576
Load command 17
      cmd LC_DATA_IN_CODE
  cmdsize 16
  dataoff 14231192
 datasize 0
Load command 18
      cmd LC_CODE_SIGNATURE
  cmdsize 16
  dataoff 26642816
 datasize 208296

  [debug] $ install_name_tool -delete_rpath "/Users/borisbatkin/Work/daScript/lib" "modules/dasLLAMA/performance/_rig/dasllama-bench.app/Contents/MacOS/liblibDaScriptDyn.dylib"
  ship runtime: liblibDaScriptDyn_runtime.dylib
  [debug] $ otool -D "modules/dasLLAMA/performance/_rig/dasllama-bench.app/Contents/MacOS/liblibDaScriptDyn_runtime.dylib"
  output: modules/dasLLAMA/performance/_rig/dasllama-bench.app/Contents/MacOS/liblibDaScriptDyn_runtime.dylib:
@rpath/liblibDaScriptDyn_runtime.dylib

  [debug] $ otool -l "modules/dasLLAMA/performance/_rig/dasllama-bench.app/Contents/MacOS/liblibDaScriptDyn_runtime.dylib"
  output: modules/dasLLAMA/performance/_rig/dasllama-bench.app/Contents/MacOS/liblibDaScriptDyn_runtime.dylib:
Load command 0
      cmd LC_SEGMENT_64
  cmdsize 712
  segname __TEXT
   vmaddr 0x0000000000000000
   vmsize 0x0000000000dc0000
  fileoff 0
 filesize 14417920
  maxprot 0x00000005
 initprot 0x00000005
   nsects 8
    flags 0x0
Section
  sectname __text
   segname __TEXT
      addr 0x00000000000013f0
      size 0x0000000000ab2ee0
    offset 5104
     align 2^2 (4)
    reloff 0
    nreloc 0
     flags 0x80000400
 reserved1 0
 reserved2 0
Section
  sectname __stubs
   segname __TEXT
      addr 0x0000000000ab42d0
      size 0x0000000000000eb8
    offset 11223760
     align 2^2 (4)
    reloff 0
    nreloc 0
     flags 0x80000408
 reserved1 0 (index into indirect symbol table)
 reserved2 12 (size of stubs)
Section
  sectname __init_offsets
   segname __TEXT
      addr 0x0000000000ab5188
      size 0x0000000000000404
    offset 11227528
     align 2^2 (4)
    reloff 0
    nreloc 0
     flags 0x00000016
 reserved1 0
 reserved2 0
Section
  sectname __const
   segname __TEXT
      addr 0x0000000000ab5590
      size 0x0000000000008f48
    offset 11228560
     align 2^4 (16)
    reloff 0
    nreloc 0
     flags 0x00000000
 reserved1 0
 reserved2 0
Section
  sectname __cstring
   segname __TEXT
      addr 0x0000000000abe4d8
      size 0x000000000001ceea
    offset 11265240
     align 2^3 (8)
    reloff 0
    nreloc 0
     flags 0x00000002
 reserved1 0
 reserved2 0
Section
  sectname __gcc_except_tab
   segname __TEXT
      addr 0x0000000000adb3c4
      size 0x0000000000046b04
    offset 11383748
     align 2^2 (4)
    reloff 0
    nreloc 0
     flags 0x00000000
 reserved1 0
 reserved2 0
Section
  sectname __unwind_info
   segname __TEXT
      addr 0x0000000000b21ec8
      size 0x0000000000089d38
    offset 11673288
     align 2^2 (4)
    reloff 0
    nreloc 0
     flags 0x00000000
 reserved1 0
 reserved2 0
Section
  sectname __eh_frame
   segname __TEXT
      addr 0x0000000000babc00
      size 0x00000000002118b0
    offset 12237824
     align 2^3 (8)
    reloff 0
    nreloc 0
     flags 0x6800000b
 reserved1 0
 reserved2 0
Load command 1
      cmd LC_SEGMENT_64
  cmdsize 232
  segname __DATA_CONST
   vmaddr 0x0000000000dc0000
   vmsize 0x00000000001ac000
  fileoff 14417920
 filesize 1753088
  maxprot 0x00000003
 initprot 0x00000003
   nsects 2
    flags 0x10
Section
  sectname __got
   segname __DATA_CONST
      addr 0x0000000000dc0000
      size 0x0000000000000ac0
    offset 14417920
     align 2^3 (8)
    reloff 0
    nreloc 0
     flags 0x00000006
 reserved1 314 (index into indirect symbol table)
 reserved2 0
Section
  sectname __const
   segname __DATA_CONST
      addr 0x0000000000dc0ac0
      size 0x00000000001aac10
    offset 14420672
     align 2^3 (8)
    reloff 0
    nreloc 0
     flags 0x00000000
 reserved1 0
 reserved2 0
Load command 2
      cmd LC_SEGMENT_64
  cmdsize 552
  segname __DATA
   vmaddr 0x0000000000f6c000
   vmsize 0x0000000000014000
  fileoff 16171008
 filesize 16384
  maxprot 0x00000003
 initprot 0x00000003
   nsects 6
    flags 0x0
Section
  sectname __data
   segname __DATA
      addr 0x0000000000f6c000
      size 0x0000000000000420
    offset 16171008
     align 2^3 (8)
    reloff 0
    nreloc 0
     flags 0x00000000
 reserved1 0
 reserved2 0
Section
  sectname __thread_vars
   segname __DATA
      addr 0x0000000000f6c420
      size 0x0000000000000210
    offset 16172064
     align 2^3 (8)
    reloff 0
    nreloc 0
     flags 0x00000013
 reserved1 0
 reserved2 0
Section
  sectname __thread_data
   segname __DATA
      addr 0x0000000000f6c630
      size 0x0000000000000001
    offset 16172592
     align 2^3 (8)
    reloff 0
    nreloc 0
     flags 0x00000011
 reserved1 0
 reserved2 0
Section
  sectname __thread_bss
   segname __DATA
      addr 0x0000000000f6c638
      size 0x0000000000010118
    offset 0
     align 2^3 (8)
    reloff 0
    nreloc 0
     flags 0x00000012
 reserved1 0
 reserved2 0
Section
  sectname __common
   segname __DATA
      addr 0x0000000000f7c750
      size 0x0000000000000290
    offset 0
     align 2^4 (16)
    reloff 0
    nreloc 0
     flags 0x00000001
 reserved1 0
 reserved2 0
Section
  sectname __bss
   segname __DATA
      addr 0x0000000000f7c9e0
      size 0x00000000000004c0
    offset 0
     align 2^4 (16)
    reloff 0
    nreloc 0
     flags 0x00000001
 reserved1 0
 reserved2 0
Load command 3
      cmd LC_SEGMENT_64
  cmdsize 72
  segname __LINKEDIT
   vmaddr 0x0000000000f80000
   vmsize 0x0000000000ab4000
  fileoff 16187392
 filesize 11221376
  maxprot 0x00000001
 initprot 0x00000001
   nsects 0
    flags 0x0
Load command 4
          cmd LC_ID_DYLIB
      cmdsize 64
         name @rpath/liblibDaScriptDyn_runtime.dylib (offset 24)
   time stamp 1 Wed Dec 31 16:00:01 1969
      current version 0.0.0
compatibility version 0.0.0
Load command 5
      cmd LC_DYLD_CHAINED_FIXUPS
  cmdsize 16
  dataoff 16187392
 datasize 10896
Load command 6
      cmd LC_DYLD_EXPORTS_TRIE
  cmdsize 16
  dataoff 16198288
 datasize 120192
Load command 7
     cmd LC_SYMTAB
 cmdsize 24
  symoff 16420880
   nsyms 98167
  stroff 17994184
 strsize 9201960
Load command 8
            cmd LC_DYSYMTAB
        cmdsize 80
      ilocalsym 0
      nlocalsym 95285
     iextdefsym 95285
     nextdefsym 2527
      iundefsym 97812
      nundefsym 355
         tocoff 0
           ntoc 0
      modtaboff 0
        nmodtab 0
   extrefsymoff 0
    nextrefsyms 0
 indirectsymoff 17991552
  nindirectsyms 658
      extreloff 0
        nextrel 0
      locreloff 0
        nlocrel 0
Load command 9
     cmd LC_UUID
 cmdsize 24
    uuid F605C6B2-C95D-3172-B8EC-91E3ACBC9A4B
Load command 10
      cmd LC_BUILD_VERSION
  cmdsize 32
 platform 1
    minos 26.0
      sdk 26.5
   ntools 1
     tool 3
  version 1267.0
Load command 11
      cmd LC_SOURCE_VERSION
  cmdsize 16
  version 0.0
Load command 12
          cmd LC_LOAD_DYLIB
      cmdsize 48
         name /usr/lib/libc++.1.dylib (offset 24)
   time stamp 2 Wed Dec 31 16:00:02 1969
      current version 2100.43.0
compatibility version 1.0.0
Load command 13
          cmd LC_LOAD_DYLIB
      cmdsize 56
         name /usr/lib/libSystem.B.dylib (offset 24)
   time stamp 2 Wed Dec 31 16:00:02 1969
      current version 1356.0.0
compatibility version 1.0.0
Load command 14
      cmd LC_FUNCTION_STARTS
  cmdsize 16
  dataoff 16318480
 datasize 102400
Load command 15
      cmd LC_DATA_IN_CODE
  cmdsize 16
  dataoff 16420880
 datasize 0
Load command 16
      cmd LC_CODE_SIGNATURE
  cmdsize 16
  dataoff 27196144
 datasize 212624

  ship: dasllama-bench.tune.json (tune sidecar)
  wrote: Contents/Info.plist (CFBundleIdentifier=com.daspkg.dasllama-bench)
Released to: modules/dasLLAMA/performance/_rig/dasllama-bench.app (364.0s)
