# procedural bumpy orb, generated for the daslang examples (first-party, CC0)
v 0 1 0
vt 0 1
vn 0 1 0
v 0 1 0
vt 0.015625 1
vn 0 1 0
v 0 1 0
vt 0.03125 1
vn 0 1 0
v 0 1 0
vt 0.046875 1
vn 0 1 0
v 0 1 0
vt 0.0625 1
vn 0 1 0
v 0 1 0
vt 0.078125 1
vn 0 1 0
v 0 1 0
vt 0.09375 1
vn 0 1 0
v 0 1 0
vt 0.109375 1
vn 0 1 0
v 0 1 0
vt 0.125 1
vn 0 1 0
v 0 1 0
vt 0.140625 1
vn 0 1 0
v 0 1 0
vt 0.15625 1
vn 0 1 0
v 0 1 0
vt 0.171875 1
vn 0 1 0
v 0 1 0
vt 0.1875 1
vn 0 1 0
v 0 1 0
vt 0.203125 1
vn 0 1 0
v 0 1 0
vt 0.21875 1
vn 0 1 0
v 0 1 0
vt 0.234375 1
vn 0 1 0
v -0 1 0
vt 0.25 1
vn 0 1 0
v -0 1 0
vt 0.265625 1
vn 0 1 0
v -0 1 0
vt 0.28125 1
vn 0 1 0
v -0 1 0
vt 0.296875 1
vn 0 1 0
v -0 1 0
vt 0.3125 1
vn 0 1 0
v -0 1 0
vt 0.328125 1
vn 0 1 0
v -0 1 0
vt 0.34375 1
vn 0 1 0
v -0 1 0
vt 0.359375 1
vn 0 1 0
v -0 1 0
vt 0.375 1
vn 0 1 0
v -0 1 0
vt 0.390625 1
vn 0 1 0
v -0 1 0
vt 0.40625 1
vn 0 1 0
v -0 1 0
vt 0.421875 1
vn 0 1 0
v -0 1 0
vt 0.4375 1
vn 0 1 0
v -0 1 0
vt 0.453125 1
vn 0 1 0
v -0 1 0
vt 0.46875 1
vn 0 1 0
v -0 1 0
vt 0.484375 1
vn 0 1 0
v -0 1 -0
vt 0.5 1
vn 0 1 0
v -0 1 -0
vt 0.515625 1
vn 0 1 0
v -0 1 -0
vt 0.53125 1
vn 0 1 0
v -0 1 -0
vt 0.546875 1
vn 0 1 0
v -0 1 -0
vt 0.5625 1
vn 0 1 0
v -0 1 -0
vt 0.578125 1
vn 0 1 0
v -0 1 -0
vt 0.59375 1
vn 0 1 0
v -0 1 -0
vt 0.609375 1
vn 0 1 0
v -0 1 -0
vt 0.625 1
vn 0 1 0
v -0 1 -0
vt 0.640625 1
vn 0 1 0
v -0 1 -0
vt 0.65625 1
vn 0 1 0
v -0 1 -0
vt 0.671875 1
vn 0 1 0
v -0 1 -0
vt 0.6875 1
vn 0 1 0
v -0 1 -0
vt 0.703125 1
vn 0 1 0
v -0 1 -0
vt 0.71875 1
vn 0 1 0
v -0 1 -0
vt 0.734375 1
vn 0 1 0
v 0 1 -0
vt 0.75 1
vn 0 1 0
v 0 1 -0
vt 0.765625 1
vn 0 1 0
v 0 1 -0
vt 0.78125 1
vn 0 1 0
v 0 1 -0
vt 0.796875 1
vn 0 1 0
v 0 1 -0
vt 0.8125 1
vn 0 1 0
v 0 1 -0
vt 0.828125 1
vn 0 1 0
v 0 1 -0
vt 0.84375 1
vn 0 1 0
v 0 1 -0
vt 0.859375 1
vn 0 1 0
v 0 1 -0
vt 0.875 1
vn 0 1 0
v 0 1 -0
vt 0.890625 1
vn 0 1 0
v 0 1 -0
vt 0.90625 1
vn 0 1 0
v 0 1 -0
vt 0.921875 1
vn 0 1 0
v 0 1 -0
vt 0.9375 1
vn 0 1 0
v 0 1 -0
vt 0.953125 1
vn 0 1 0
v 0 1 -0
vt 0.96875 1
vn 0 1 0
v 0 1 -0
vt 0.984375 1
vn 0 1 0
v 0 1 0
vt 1 1
vn 0 1 0
v 0.10180555 1.0336491 0
vt 0 0.96875
vn -0.06057191 0.35268432 -0.9337799
v 0.10380399 1.0590392 0.010223801
vt 0.015625 0.96875
vn -0.07393463 0.42368928 -0.9027851
v 0.10392801 1.0758713 0.020672565
vt 0.03125 0.96875
vn -0.21770449 0.68263024 -0.69758207
v 0.10164641 1.0784719 0.030834103
vt 0.046875 0.96875
vn -0.52663374 0.8136396 0.246267
v 0.09699658 1.0659646 0.0401773
vt 0.0625 0.96875
vn -0.5198952 0.48154077 0.7055689
v 0.090558924 1.0425649 0.048404757
vt 0.078125 0.96875
vn -0.51655394 0.3629666 0.7755174
v 0.083216004 1.0161601 0.055603158
vt 0.09375 0.96875
vn -0.5210843 0.36789882 0.77014387
v 0.07580372 0.99565023 0.062210508
vt 0.109375 0.96875
vn -0.4582958 0.5319162 0.7120605
v 0.0688046 0.9879482 0.0688046
vt 0.125 0.96875
vn 0.1790533 0.9674088 0.1790533
v 0.062210504 0.99565023 0.07580372
vt 0.140625 0.96875
vn 0.71205723 0.53192407 -0.45829177
v 0.05560315 1.0161601 0.08321601
vt 0.15625 0.96875
vn 0.77013123 0.36789593 -0.52110493
v 0.04840475 1.0425649 0.09055893
vt 0.171875 0.96875
vn 0.7755065 0.3629872 -0.5165559
v 0.0401773 1.0659646 0.09699658
vt 0.1875 0.96875
vn 0.70563334 0.48145932 -0.51988333
v 0.0308341 1.0784719 0.10164641
vt 0.203125 0.96875
vn 0.24624367 0.81364816 -0.5266314
v 0.020672554 1.0758712 0.103928
vt 0.21875 0.96875
vn -0.6977559 0.68249696 -0.21756539
v 0.0102238 1.0590392 0.10380399
vt 0.234375 0.96875
vn -0.90277743 0.4237045 -0.07394123
v -4.450062e-09 1.0336491 0.10180555
vt 0.25 0.96875
vn -0.9338001 0.35263216 -0.060562987
v -0.009733586 1.008259 0.09882667
vt 0.265625 0.96875
vn -0.9153366 0.39718717 -0.06634255
v -0.019049993 0.991427 0.09577078
vt 0.28125 0.96875
vn -0.7463594 0.6655255 0.0048550735
v -0.028271087 0.98882633 0.09319728
vt 0.296875 0.96875
vn 0.39622113 0.85091764 0.3448883
v -0.037741307 1.0013338 0.091115564
vt 0.3125 0.96875
vn 0.8024843 0.44819772 0.3938753
v -0.04757687 1.0247333 0.08901004
vt 0.328125 0.96875
vn 0.8398219 0.3539856 0.41157424
v -0.057517126 1.051138 0.086080424
vt 0.34375 0.96875
vn 0.82861286 0.38584617 0.40561476
v -0.066959016 1.071648 0.081589796
vt 0.359375 0.96875
vn 0.7741043 0.5659576 0.28364497
v -0.07517018 1.07935 0.07517019
vt 0.375 0.96875
vn 0.33503458 0.8806269 -0.33503458
v -0.081589796 1.071648 0.066959016
vt 0.390625 0.96875
vn -0.28364497 0.5659576 -0.77410436
v -0.08608045 1.051138 0.057517108
vt 0.40625 0.96875
vn -0.40563285 0.3858455 -0.8286044
v -0.089010045 1.0247333 0.04757685
vt 0.421875 0.96875
vn -0.41155615 0.3540496 -0.8398039
v -0.09111556 1.0013337 0.03774128
vt 0.4375 0.96875
vn -0.39390236 0.44815874 -0.8024928
v -0.09319728 0.98882633 0.028271087
vt 0.453125 0.96875
vn -0.34489352 0.8509007 -0.3962531
v -0.09577078 0.991427 0.01904999
vt 0.46875 0.96875
vn -0.0048777065 0.6654777 0.7464018
v -0.098826684 1.0082592 0.0097335735
vt 0.484375 0.96875
vn 0.06633779 0.39723375 0.91531664
v -0.10180555 1.0336491 -8.900124e-09
vt 0.5 0.96875
vn 0.060556572 0.3525955 0.9338144
v -0.10380399 1.0590392 -0.010223814
vt 0.515625 0.96875
vn 0.0739022 0.42366472 0.90279937
v -0.103928 1.0758713 -0.020672582
vt 0.53125 0.96875
vn 0.21768862 0.68260866 0.6976082
v -0.1016464 1.0784719 -0.030834122
vt 0.546875 0.96875
vn 0.52663505 0.8136349 -0.24628003
v -0.09699658 1.0659646 -0.0401773
vt 0.5625 0.96875
vn 0.51989216 0.48152027 -0.70558506
v -0.090558924 1.0425649 -0.048404757
vt 0.578125 0.96875
vn 0.5165714 0.36302912 -0.7754766
v -0.083216 1.0161601 -0.055603165
vt 0.59375 0.96875
vn 0.5210904 0.3678826 -0.77014744
v -0.07580372 0.99565023 -0.062210515
vt 0.609375 0.96875
vn 0.4582992 0.5319102 -0.71206284
v -0.06880459 0.9879482 -0.068804614
vt 0.625 0.96875
vn -0.1790489 0.9674086 -0.1790586
v -0.062210508 0.99565023 -0.07580372
vt 0.640625 0.96875
vn -0.71206516 0.5319041 0.45830253
v -0.055603143 1.0161602 -0.08321603
vt 0.65625 0.96875
vn -0.77017325 0.36780626 0.5211063
v -0.048404753 1.0425649 -0.090558924
vt 0.671875 0.96875
vn -0.7755131 0.36295196 0.51657075
v -0.040177267 1.0659646 -0.0969966
vt 0.6875 0.96875
vn -0.7056819 0.4814165 0.5198568
v -0.03083409 1.0784719 -0.101646416
vt 0.703125 0.96875
vn -0.24628189 0.8136342 0.5266352
v -0.020672569 1.0758712 -0.103928
vt 0.71875 0.96875
vn 0.69760424 0.68262136 0.2176611
v -0.010223778 1.0590391 -0.10380399
vt 0.734375 0.96875
vn 0.90275496 0.4237526 0.073940344
v 1.2140186e-09 1.0336491 -0.10180555
vt 0.75 0.96875
vn 0.93378854 0.352662 0.06056808
v 0.009733606 1.008259 -0.09882667
vt 0.765625 0.96875
vn 0.9153532 0.39714807 0.066346936
v 0.019050002 0.991427 -0.09577078
vt 0.78125 0.96875
vn 0.74630785 0.66558313 -0.0048778867
v 0.028271118 0.98882633 -0.09319727
vt 0.796875 0.96875
vn -0.39626557 0.8508934 -0.34489715
v 0.03774132 1.0013338 -0.091115564
vt 0.8125 0.96875
vn -0.8023911 0.44837812 -0.39385986
v 0.04757686 1.0247334 -0.089010045
vt 0.828125 0.96875
vn -0.8398017 0.35405463 -0.41155615
v 0.05751714 1.0511382 -0.08608044
vt 0.84375 0.96875
vn -0.8286028 0.38585055 -0.40563148
v 0.066959016 1.071648 -0.081589796
vt 0.859375 0.96875
vn -0.77415586 0.56582445 -0.28376997
v 0.07517021 1.07935 -0.07517017
vt 0.875 0.96875
vn -0.3350251 0.88062775 0.3350417
v 0.0815898 1.071648 -0.066959
vt 0.890625 0.96875
vn 0.28376815 0.5658291 0.7741532
v 0.08608045 1.0511382 -0.05751713
vt 0.90625 0.96875
vn 0.40558642 0.38593423 0.82858586
v 0.08901005 1.0247333 -0.04757684
vt 0.921875 0.96875
vn 0.41153666 0.35412383 0.83978206
v 0.09111556 1.0013337 -0.037741296
vt 0.9375 0.96875
vn 0.3938926 0.44826698 0.8024371
v 0.09319729 0.98882633 -0.028271059
vt 0.953125 0.96875
vn 0.3448631 0.85100347 0.3960587
v 0.09577078 0.991427 -0.019049983
vt 0.96875 0.96875
vn 0.0048777065 0.6654777 -0.7464018
v 0.098826684 1.0082592 -0.009733543
vt 0.984375 0.96875
vn -0.06634629 0.39714873 -0.915353
v 0.10180555 1.0336491 1.7800248e-08
vt 1 0.96875
vn -0.060568035 0.35266274 -0.93378824
v 0.2046574 1.0288823 0
vt 0 0.9375
vn 0.10331871 0.35952654 -0.9273973
v 0.21282451 1.0751182 0.020961385
vt 0.015625 0.9375
vn 0.134462 0.44992998 -0.88288337
v 0.21572499 1.1057698 0.042910367
vt 0.03125 0.9375
vn 0.1269703 0.75497854 -0.64333963
v 0.2113817 1.1105056 0.06412194
vt 0.046875 0.9375
vn -0.13156788 0.91530466 0.38066694
v 0.19989319 1.0877293 0.08279847
vt 0.0625 0.9375
vn -0.298468 0.51778066 0.80176055
v 0.1833399 1.0451182 0.097997226
vt 0.078125 0.9375
vn -0.362342 0.37540698 0.853099
v 0.16489911 0.99703443 0.11018207
vt 0.09375 0.9375
vn -0.37973663 0.3635875 0.8506493
v 0.1475625 0.9596854 0.12110143
vt 0.109375 0.9375
vn -0.27506107 0.49638605 0.8233725
v 0.13300921 0.9456599 0.13300921
vt 0.125 0.9375
vn 0.40706512 0.8176772 0.40706512
v 0.121101424 0.9596854 0.14756252
vt 0.140625 0.9375
vn 0.823373 0.49638394 -0.27506328
v 0.11018207 0.99703455 0.16489914
vt 0.15625 0.9375
vn 0.85065 0.36358276 -0.37973958
v 0.09799721 1.0451182 0.18333991
vt 0.171875 0.9375
vn 0.85307896 0.37547657 -0.36231688
v 0.08279847 1.0877293 0.19989319
vt 0.1875 0.9375
vn 0.8018163 0.5176772 -0.2984978
v 0.06412193 1.1105056 0.2113817
vt 0.203125 0.9375
vn 0.38064787 0.91531324 -0.13156222
v 0.04291034 1.1057696 0.21572496
vt 0.21875 0.9375
vn -0.64332443 0.75499207 0.12696727
v 0.020961383 1.0751182 0.21282451
vt 0.234375 0.9375
vn -0.88287526 0.44994524 0.13446356
v -8.945859e-09 1.0288823 0.2046574
vt 0.25 0.9375
vn -0.9273913 0.359541 0.10332282
v -0.019158497 0.9826464 0.19451933
vt 0.265625 0.9375
vn -0.91654617 0.38602185 0.104547784
v -0.036942992 0.95199484 0.18572497
vt 0.28125 0.9375
vn -0.7542807 0.6028266 0.26011652
v -0.054695882 0.947259 0.18030815
vt 0.296875 0.9375
vn 0.26730517 0.7394421 0.617878
v -0.07383954 0.9700352 0.1782644
vt 0.3125 0.9375
vn 0.7115967 0.42757705 0.5575015
v -0.09495248 1.0126464 0.17764354
vt 0.328125 0.9375
vn 0.7565118 0.3554686 0.5489371
v -0.11722109 1.0607301 0.17543368
vt 0.34375 0.9375
vn 0.72283566 0.40451595 0.5602458
v -0.13856515 1.0980792 0.16884214
vt 0.359375 0.9375
vn 0.5988472 0.6166839 0.5109627
v -0.15642005 1.1121047 0.15642007
vt 0.375 0.9375
vn 0.01553108 0.99975884 -0.01553108
v -0.16884214 1.0980792 0.13856515
vt 0.390625 0.9375
vn -0.51096284 0.6166839 -0.59884727
v -0.17543373 1.0607301 0.11722105
vt 0.40625 0.9375
vn -0.56024826 0.40447897 -0.72285455
v -0.17764354 1.0126463 0.09495242
vt 0.421875 0.9375
vn -0.548953 0.3554645 -0.75650215
v -0.1782644 0.9700351 0.07383949
vt 0.4375 0.9375
vn -0.55750334 0.4275288 -0.71162426
v -0.18030815 0.947259 0.054695882
vt 0.453125 0.9375
vn -0.61787856 0.73943365 -0.26732737
v -0.18572497 0.95199484 0.036942992
vt 0.46875 0.9375
vn -0.26008704 0.60279393 0.7543171
v -0.19451933 0.9826464 0.019158471
vt 0.484375 0.9375
vn -0.10455498 0.38603166 0.9165412
v -0.2046574 1.0288823 -1.7891718e-08
vt 0.5 0.9375
vn -0.10333352 0.35957778 0.92737585
v -0.21282454 1.0751183 -0.020961415
vt 0.515625 0.9375
vn -0.13446407 0.44995457 0.88287044
v -0.21572497 1.1057698 -0.042910405
vt 0.53125 0.9375
vn -0.12695256 0.7550571 0.6432509
v -0.21138169 1.1105056 -0.064121984
vt 0.546875 0.9375
vn 0.13151373 0.9153916 -0.38047633
v -0.1998932 1.0877295 -0.08279847
vt 0.5625 0.9375
vn 0.2984492 0.5177516 -0.80178636
v -0.18333988 1.0451181 -0.09799722
vt 0.578125 0.9375
vn 0.36232904 0.3754398 -0.85309
v -0.1648991 0.99703443 -0.11018208
vt 0.59375 0.9375
vn 0.37973788 0.36361992 -0.8506349
v -0.1475625 0.9596854 -0.12110145
vt 0.609375 0.9375
vn 0.27501568 0.49640936 -0.8233736
v -0.1330092 0.9456599 -0.13300924
vt 0.625 0.9375
vn -0.40706512 0.8176772 -0.40706512
v -0.12110143 0.9596854 -0.1475625
vt 0.640625 0.9375
vn -0.823384 0.49634197 0.27510616
v -0.11018203 0.99703455 -0.16489916
vt 0.65625 0.9375
vn -0.85065794 0.36353028 0.3797721
v -0.0979972 1.0451181 -0.18333988
vt 0.671875 0.9375
vn -0.8530927 0.37543 0.3623329
v -0.08279841 1.0877295 -0.19989322
vt 0.6875 0.9375
vn -0.8017852 0.5177508 0.2984538
v -0.06412192 1.1105056 -0.21138172
vt 0.703125 0.9375
vn -0.38029388 0.91547525 0.13145898
v -0.042910375 1.1057696 -0.21572496
vt 0.71875 0.9375
vn 0.64325327 0.755055 -0.12695304
v -0.020961339 1.0751181 -0.21282451
vt 0.734375 0.9375
vn 0.8828698 0.4499563 -0.13446343
v 2.440514e-09 1.0288823 -0.2046574
vt 0.75 0.9375
vn 0.9274067 0.3595041 -0.103312254
v 0.019158537 0.9826463 -0.1945193
vt 0.765625 0.9375
vn 0.91655296 0.3860012 -0.10456418
v 0.03694301 0.95199484 -0.18572497
vt 0.78125 0.9375
vn 0.7542652 0.6028406 -0.26012912
v 0.054695945 0.947259 -0.18030813
vt 0.796875 0.9375
vn -0.2672375 0.73947096 -0.61787283
v 0.07383956 0.9700352 -0.1782644
vt 0.8125 0.9375
vn -0.7115611 0.42762086 -0.55751354
v 0.09495246 1.0126464 -0.17764355
vt 0.828125 0.9375
vn -0.75648785 0.355512 -0.54894197
v 0.117221124 1.0607303 -0.17543373
vt 0.84375 0.9375
vn -0.72283363 0.40452373 -0.5602429
v 0.13856517 1.0980792 -0.16884212
vt 0.859375 0.9375
vn -0.5988949 0.6166032 -0.5110044
v 0.15642011 1.1121047 -0.15642
vt 0.875 0.9375
vn -0.01553108 0.99975884 0.01553108
v 0.16884215 1.0980792 -0.13856512
vt 0.890625 0.9375
vn 0.51099706 0.61661214 0.59889185
v 0.17543371 1.0607302 -0.11722109
vt 0.90625 0.9375
vn 0.56023896 0.40457276 0.72280926
v 0.17764357 1.0126464 -0.09495242
vt 0.921875 0.9375
vn 0.5489392 0.35551748 0.75648737
v 0.1782644 0.9700351 -0.07383952
vt 0.9375 0.9375
vn 0.55753386 0.42764425 0.711531
v 0.18030818 0.94725895 -0.054695826
vt 0.953125 0.9375
vn 0.61787283 0.7394709 0.26723754
v 0.18572497 0.95199484 -0.036942974
vt 0.96875 0.9375
vn 0.26004767 0.60275024 -0.7543655
v 0.19451936 0.9826465 -0.019158412
vt 0.984375 0.9375
vn 0.10451554 0.3859618 -0.91657513
v 0.2046574 1.0288823 3.5783437e-08
vt 1 0.9375
vn 0.10334435 0.35961527 -0.9273601
v 0.29712665 0.9794953 0
vt 0 0.90625
vn 0.26639524 0.34015477 -0.9018472
v 0.3134895 1.0384368 0.030876022
vt 0.015625 0.90625
vn 0.35300148 0.4307192 -0.8305847
v 0.32057896 1.0775112 0.06376712
vt 0.03125 0.90625
vn 0.4877418 0.6999504 -0.5217062
v 0.31453755 1.0835484 0.09541392
vt 0.046875 0.90625
vn 0.3099174 0.82546586 0.47175992
v 0.2955335 1.0545135 0.12241399
vt 0.0625 0.90625
vn -0.044739738 0.49404815 0.8682826
v 0.26757944 1.0001926 0.14302419
vt 0.078125 0.90625
vn -0.19453 0.35745633 0.9134457
v 0.23681161 0.9388957 0.15823247
vt 0.09375 0.90625
vn -0.23856667 0.33756325 0.91056967
v 0.20899716 0.8912832 0.17151955
vt 0.109375 0.90625
vn -0.115054116 0.4380441 0.8915604
v 0.18734375 0.87340355 0.18734375
vt 0.125 0.90625
vn 0.5363552 0.6516489 0.5363552
v 0.17151953 0.8912832 0.20899718
vt 0.140625 0.90625
vn 0.89155555 0.43806133 -0.115026
v 0.15823247 0.93889576 0.23681165
vt 0.15625 0.90625
vn 0.910574 0.33756515 -0.23854719
v 0.14302419 1.0001928 0.26757947
vt 0.171875 0.90625
vn 0.91344565 0.3574703 -0.19450496
v 0.12241399 1.0545135 0.2955335
vt 0.1875 0.90625
vn 0.8682927 0.49402893 -0.044756144
v 0.095413916 1.0835484 0.31453755
vt 0.203125 0.90625
vn 0.4717476 0.8254699 0.3099252
v 0.06376709 1.0775112 0.32057896
vt 0.21875 0.90625
vn -0.52170163 0.6999773 0.48770818
v 0.030876016 1.0384367 0.31348947
vt 0.234375 0.90625
vn -0.8306007 0.4306985 0.3529892
v -1.2987819e-08 0.9794953 0.29712665
vt 0.25 0.90625
vn -0.9018393 0.3401677 0.2664053
v -0.027371012 0.9205538 0.2779023
vt 0.265625 0.90625
vn -0.8988824 0.3539245 0.2583562
v -0.052165948 0.8814793 0.26225594
vt 0.28125 0.90625
vn -0.73117 0.5149901 0.44740987
v -0.07708871 0.875442 0.2541274
vt 0.296875 0.90625
vn 0.16275117 0.6048891 0.77950066
v -0.10499693 0.9044772 0.25348496
vt 0.3125 0.90625
vn 0.6153899 0.38576517 0.68737215
v -0.1371049 0.9587979 0.25650516
vt 0.328125 0.90625
vn 0.66031617 0.33348066 0.6728841
v -0.17191702 1.0200949 0.2572919
vt 0.34375 0.90625
vn 0.5912906 0.38671413 0.7076917
v -0.20547077 1.0677073 0.25036687
vt 0.359375 0.90625
vn 0.3686173 0.58282304 0.7241813
v -0.23285677 1.085587 0.23285678
vt 0.375 0.90625
vn -0.32668537 0.88687843 0.32668537
v -0.25036687 1.0677073 0.20547077
vt 0.390625 0.90625
vn -0.7241814 0.5828231 -0.3686173
v -0.25729194 1.0200948 0.17191696
vt 0.40625 0.90625
vn -0.7077067 0.38669935 -0.5912824
v -0.25650516 0.95879775 0.13710482
vt 0.421875 0.90625
vn -0.67287815 0.33347714 -0.66032416
v -0.25348493 0.904477 0.10499685
vt 0.4375 0.90625
vn -0.6873228 0.3856967 -0.61548793
v -0.25412744 0.8754421 0.07708872
vt 0.453125 0.90625
vn -0.7795013 0.6049107 -0.16266762
v -0.26225594 0.8814793 0.052165944
vt 0.46875 0.90625
vn -0.44741032 0.5149904 0.7311696
v -0.27790233 0.92055386 0.027370976
vt 0.484375 0.90625
vn -0.25838813 0.3539539 0.89886165
v -0.29712665 0.9794953 -2.5975638e-08
vt 0.5 0.90625
vn -0.26639923 0.34015974 0.9018441
v -0.31348953 1.0384369 -0.030876065
vt 0.515625 0.90625
vn -0.3530079 0.4307322 0.8305752
v -0.320579 1.0775113 -0.06376718
vt 0.53125 0.90625
vn -0.48774046 0.6999448 0.5217151
v -0.31453753 1.0835484 -0.09541398
vt 0.546875 0.90625
vn -0.30983296 0.8254075 -0.4719173
v -0.2955335 1.0545135 -0.12241399
vt 0.5625 0.90625
vn 0.044783097 0.4940381 -0.86828613
v -0.26757944 1.0001926 -0.1430242
vt 0.578125 0.90625
vn 0.19452527 0.3574614 -0.91344464
v -0.2368116 0.93889564 -0.15823248
vt 0.59375 0.90625
vn 0.23849821 0.33761752 -0.91056734
v -0.20899716 0.8912832 -0.17151956
vt 0.609375 0.90625
vn 0.11499482 0.4380803 -0.89155024
v -0.18734372 0.87340355 -0.18734378
vt 0.625 0.90625
vn -0.5363552 0.6516489 -0.5363552
v -0.17151955 0.8912832 -0.20899716
vt 0.640625 0.90625
vn -0.891563 0.43803486 0.1150693
v -0.15823242 0.9388959 -0.23681168
vt 0.65625 0.90625
vn -0.91057914 0.3375172 0.2385956
v -0.14302419 1.0001926 -0.26757944
vt 0.671875 0.90625
vn -0.913446 0.3574633 0.1945158
v -0.12241389 1.0545135 -0.29553357
vt 0.6875 0.90625
vn -0.86828613 0.4940381 0.044783093
v -0.095413886 1.0835484 -0.31453755
vt 0.703125 0.90625
vn -0.47178888 0.8254558 -0.3099002
v -0.06376714 1.0775112 -0.32057896
vt 0.71875 0.90625
vn 0.52174157 0.69995266 -0.48770067
v -0.030875947 1.0384365 -0.31348947
vt 0.734375 0.90625
vn 0.8306013 0.4306976 -0.3529887
v 3.5431982e-09 0.9794953 -0.29712665
vt 0.75 0.90625
vn 0.9018594 0.34013468 -0.2663795
v 0.027371066 0.9205537 -0.27790228
vt 0.765625 0.90625
vn 0.8989275 0.35385334 -0.2582968
v 0.052165974 0.8814793 -0.26225594
vt 0.78125 0.90625
vn 0.7311566 0.5149985 -0.4474222
v 0.07708881 0.8754421 -0.2541274
vt 0.796875 0.90625
vn -0.16266967 0.60491014 -0.77950126
v 0.10499696 0.9044772 -0.25348496
vt 0.8125 0.90625
vn -0.6153474 0.3857963 -0.6873928
v 0.13710487 0.9587979 -0.25650516
vt 0.828125 0.90625
vn -0.6603284 0.3334633 -0.6728809
v 0.17191708 1.0200951 -0.25729197
vt 0.84375 0.90625
vn -0.59124285 0.3867433 -0.7077157
v 0.20547079 1.0677073 -0.25036684
vt 0.859375 0.90625
vn -0.36868632 0.5827676 -0.72419083
v 0.23285685 1.085587 -0.2328567
vt 0.875 0.90625
vn 0.32668537 0.88687843 -0.32668537
v 0.2503669 1.0677073 -0.20547073
vt 0.890625 0.90625
vn 0.72419316 0.58276296 0.368689
v 0.25729194 1.020095 -0.17191702
vt 0.90625 0.90625
vn 0.7077238 0.38676736 0.59121734
v 0.25650522 0.9587979 -0.13710482
vt 0.921875 0.90625
vn 0.67288625 0.33355454 0.6602768
v 0.25348493 0.904477 -0.10499689
vt 0.9375 0.90625
vn 0.6873756 0.38578644 0.6153727
v 0.25412744 0.875442 -0.07708863
vt 0.953125 0.90625
vn 0.7794902 0.60491204 0.1627161
v 0.26225594 0.8814793 -0.05216592
vt 0.96875 0.90625
vn 0.44736862 0.51496196 -0.73121506
v 0.2779024 0.92055404 -0.027370892
vt 0.984375 0.90625
vn 0.25828812 0.35386702 -0.8989246
v 0.29712665 0.9794953 5.1951275e-08
vt 1 0.90625
vn 0.26641893 0.3401848 -0.9018289
v 0.3753611 0.9062019 0
vt 0 0.875
vn 0.35124555 0.34554586 -0.8701865
v 0.3989437 0.9677955 0.039292526
vt 0.015625 0.875
vn 0.48468518 0.41943085 -0.7675663
v 0.40975988 1.0086284 0.08150631
vt 0.03125 0.875
vn 0.67548805 0.6190977 -0.40054214
v 0.40229845 1.0149372 0.122035906
vt 0.046875 0.875
vn 0.53903425 0.6955129 0.47508305
v 0.37678847 0.98459566 0.1560709
vt 0.0625 0.875
vn 0.12680854 0.4704848 0.87324893
v 0.33894002 0.92783064 0.18116722
vt 0.078125 0.875
vn -0.08972803 0.3589621 0.9290291
v 0.29748943 0.8637755 0.1987761
vt 0.09375 0.875
vn -0.172963 0.34936506 0.9208843
v 0.26064238 0.8140205 0.2139037
vt 0.109375 0.875
vn -0.07390915 0.458316 0.8857109
v 0.23294862 0.79533637 0.23294862
vt 0.125 0.875
vn 0.527766 0.665527 0.527766
v 0.21390368 0.8140205 0.2606424
vt 0.140625 0.875
vn 0.8857001 0.45834175 -0.073878825
v 0.1987761 0.8637755 0.2974895
vt 0.15625 0.875
vn 0.9208859 0.34937283 -0.17293817
v 0.18116723 0.92783076 0.33894008
vt 0.171875 0.875
vn 0.9290299 0.3589557 -0.089745864
v 0.1560709 0.98459566 0.37678847
vt 0.1875 0.875
vn 0.87323344 0.4705059 0.12683685
v 0.1220359 1.0149372 0.40229845
vt 0.203125 0.875
vn 0.47508165 0.6955123 0.53903633
v 0.08150627 1.0086282 0.40975988
vt 0.21875 0.875
vn -0.40062806 0.61906147 0.6754703
v 0.03929252 0.9677955 0.3989437
vt 0.234375 0.875
vn -0.76755434 0.41944176 0.48469466
v -1.6407556e-08 0.9062019 0.3753611
vt 0.25 0.875
vn -0.87018675 0.34554562 0.35124528
v -0.03429115 0.84460825 0.34816357
vt 0.265625 0.875
vn -0.87614757 0.36877307 0.31043795
v -0.06495234 0.8037755 0.3265375
vt 0.28125 0.875
vn -0.7030621 0.5357275 0.46765348
v -0.09588727 0.7974666 0.31609797
vt 0.296875 0.875
vn 0.14027315 0.62219965 0.7701889
v -0.1312181 0.8278082 0.3167885
vt 0.3125 0.875
vn 0.5738454 0.40359607 0.71260905
v -0.17272085 0.8845732 0.32313788
vt 0.328125 0.875
vn 0.6007389 0.3421987 0.7225045
v -0.21830289 0.9486283 0.32671323
vt 0.34375 0.875
vn 0.49173167 0.38305217 0.7819661
v -0.2623495 0.9983833 0.31967378
vt 0.359375 0.875
vn 0.19355989 0.5380774 0.82037026
v -0.29789215 1.0170674 0.29789218
vt 0.375 0.875
vn -0.48394823 0.729101 0.48394823
v -0.31967378 0.9983833 0.2623495
vt 0.390625 0.875
vn -0.82037026 0.5380774 -0.19355987
v -0.32671326 0.94862825 0.21830279
vt 0.40625 0.875
vn -0.781957 0.38305908 -0.49174082
v -0.32313785 0.884573 0.17272073
vt 0.421875 0.875
vn -0.7224977 0.34219703 -0.6007482
v -0.31678846 0.8278081 0.13121802
vt 0.4375 0.875
vn -0.7125722 0.40353307 -0.57393545
v -0.31609797 0.79746664 0.09588727
vt 0.453125 0.875
vn -0.77018654 0.62223625 -0.14012408
v -0.3265375 0.8037755 0.06495234
vt 0.46875 0.875
vn -0.46765876 0.5357311 0.70305586
v -0.34816363 0.8446083 0.034291107
vt 0.484375 0.875
vn -0.31043687 0.36877838 0.87614584
v -0.3753611 0.9062019 -3.2815112e-08
vt 0.5 0.875
vn -0.35125166 0.34555176 0.87018174
v -0.39894378 0.96779567 -0.039292585
vt 0.515625 0.875
vn -0.48469165 0.4194305 0.76756245
v -0.40975988 1.0086284 -0.08150638
vt 0.53125 0.875
vn -0.67549276 0.61909175 0.40054318
v -0.40229842 1.0149372 -0.12203598
vt 0.546875 0.875
vn -0.5389679 0.6954823 -0.47520304
v -0.37678853 0.9845958 -0.15607092
vt 0.5625 0.875
vn -0.12680864 0.47047898 -0.873252
v -0.33894002 0.92783064 -0.18116723
vt 0.578125 0.875
vn 0.08971566 0.35897326 -0.929026
v -0.29748943 0.8637755 -0.19877613
vt 0.59375 0.875
vn 0.17288506 0.3494199 -0.9208782
v -0.26064238 0.8140205 -0.21390371
vt 0.609375 0.875
vn 0.073869534 0.45834595 -0.8856987
v -0.23294859 0.79533637 -0.23294866
vt 0.625 0.875
vn -0.5277679 0.6655239 -0.5277679
v -0.2139037 0.8140205 -0.26064238
vt 0.640625 0.875
vn -0.8857134 0.45830944 0.073920526
v -0.19877605 0.8637756 -0.29748952
vt 0.65625 0.875
vn -0.9208861 0.3493368 0.17301042
v -0.18116722 0.92783064 -0.33894002
vt 0.671875 0.875
vn -0.9290263 0.35897216 0.08971704
v -0.15607078 0.9845958 -0.3767886
vt 0.6875 0.875
vn -0.87324786 0.4704847 -0.12681629
v -0.12203586 1.0149372 -0.40229848
vt 0.703125 0.875
vn -0.4751105 0.6955059 -0.5390191
v -0.08150633 1.0086282 -0.40975988
vt 0.71875 0.875
vn 0.40056452 0.6190891 -0.67548245
v -0.03929243 0.96779525 -0.39894363
vt 0.734375 0.875
vn 0.76755357 0.4194461 -0.48469228
v 4.4761346e-09 0.9062019 -0.3753611
vt 0.75 0.875
vn 0.87021196 0.34551442 -0.35121363
v 0.03429122 0.8446081 -0.34816355
vt 0.765625 0.875
vn 0.8761896 0.36871856 -0.31038436
v 0.06495237 0.8037755 -0.3265375
vt 0.78125 0.875
vn 0.7030441 0.53573775 -0.4676687
v 0.09588738 0.79746664 -0.31609792
vt 0.796875 0.875
vn -0.14024356 0.622216 -0.7701812
v 0.13121814 0.8278082 -0.3167885
vt 0.8125 0.875
vn -0.57382274 0.40361193 -0.71261835
v 0.1727208 0.8845732 -0.3231379
vt 0.828125 0.875
vn -0.60075134 0.34219867 -0.72249424
v 0.21830297 0.94862854 -0.32671332
vt 0.84375 0.875
vn -0.49173862 0.3830574 -0.7819592
v 0.2623495 0.9983833 -0.31967375
vt 0.859375 0.875
vn -0.19369878 0.5379871 -0.8203966
v 0.29789227 1.0170674 -0.29789206
vt 0.875 0.875
vn 0.4839514 0.72909683 -0.4839514
v 0.3196738 0.9983833 -0.26234943
vt 0.890625 0.875
vn 0.82038605 0.5380145 0.19366798
v 0.32671335 0.94862854 -0.21830292
vt 0.90625 0.875
vn 0.7819752 0.38308054 0.4916951
v 0.32313797 0.8845732 -0.17272075
vt 0.921875 0.875
vn 0.72252494 0.34223744 0.6006922
v 0.31678846 0.8278081 -0.13121806
vt 0.9375 0.875
vn 0.71261597 0.40360788 0.5738285
v 0.31609797 0.7974665 -0.09588717
vt 0.953125 0.875
vn 0.77017987 0.62223583 0.14016259
v 0.3265375 0.8037755 -0.064952314
vt 0.96875 0.875
vn 0.4675859 0.5356819 -0.7031418
v 0.3481637 0.8446085 -0.034291003
vt 0.984375 0.875
vn 0.31036448 0.36871368 -0.8761987
v 0.3753611 0.9062019 6.5630225e-08
vt 1 0.875
vn 0.35129812 0.34559742 -0.87014484
v 0.4488418 0.83972394 0
vt 0 0.84375
vn 0.33036616 0.45576772 -0.8265192
v 0.47557575 0.89404464 0.04684012
vt 0.015625 0.84375
vn 0.50686866 0.5002684 -0.7020083
v 0.48757318 0.9300559 0.096984334
vt 0.03125 0.84375
vn 0.6976193 0.64509517 -0.31173632
v 0.47856522 0.9356199 0.14517117
vt 0.046875 0.84375
vn 0.58018893 0.69267005 0.42847285
v 0.44881737 0.9088611 0.18590625
vt 0.0625 0.84375
vn 0.1915424 0.53919363 0.82011086
v 0.40483493 0.85879874 0.21638879
vt 0.078125 0.84375
vn -0.069480374 0.45889407 0.8857701
v 0.3565692 0.8023072 0.23825192
vt 0.09375 0.84375
vn -0.2033484 0.48644868 0.84971595
v 0.313369 0.75842726 0.25717533
vt 0.109375 0.84375
vn -0.17101356 0.66055727 0.7310393
v 0.2804245 0.74194926 0.2804245
vt 0.125 0.84375
vn 0.29339418 0.909857 0.29339418
v 0.2571753 0.75842726 0.31336904
vt 0.140625 0.84375
vn 0.7310181 0.6605908 -0.17097442
v 0.23825191 0.80230725 0.35656923
vt 0.15625 0.84375
vn 0.8497116 0.48645827 -0.20334344
v 0.21638879 0.85879886 0.40483502
vt 0.171875 0.84375
vn 0.88576055 0.4589161 -0.06945736
v 0.18590625 0.9088611 0.44881737
vt 0.1875 0.84375
vn 0.82012755 0.5391766 0.19151875
v 0.14517115 0.9356199 0.47856522
vt 0.203125 0.84375
vn 0.4284713 0.6926704 0.58018976
v 0.09698429 0.9300559 0.48757318
vt 0.21875 0.84375
vn -0.31173122 0.64511615 0.6976022
v 0.046840116 0.8940446 0.47557572
vt 0.234375 0.84375
vn -0.702015 0.50026315 0.50686467
v -1.9619499e-08 0.83972394 0.4488418
vt 0.25 0.84375
vn -0.8265201 0.4557667 0.33036536
v -0.04114829 0.7854032 0.41778526
vt 0.265625 0.84375
vn -0.8221564 0.52395827 0.2225455
v -0.07814505 0.7493919 0.39286172
vt 0.28125 0.84375
vn -0.59656835 0.7620404 0.25179482
v -0.11541265 0.743828 0.3804645
vt 0.296875 0.84375
vn 0.18089873 0.8633489 0.47106722
v -0.15762246 0.77058685 0.38053423
vt 0.3125 0.84375
vn 0.5760112 0.5807625 0.5752616
v -0.20677637 0.8206491 0.38685125
vt 0.328125 0.84375
vn 0.5833333 0.4645269 0.666286
v -0.26047444 0.8771407 0.3898274
vt 0.34375 0.84375
vn 0.438875 0.47361216 0.76359695
v -0.31230912 0.92102057 0.3805498
vt 0.359375 0.84375
vn 0.10120589 0.58931136 0.8015419
v -0.3543336 0.9374986 0.35433364
vt 0.375 0.84375
vn -0.4964736 0.71205896 0.4964736
v -0.3805498 0.92102057 0.31230912
vt 0.390625 0.84375
vn -0.8015233 0.5893507 -0.10112471
v -0.38982746 0.87714064 0.26047432
vt 0.40625 0.84375
vn -0.76356965 0.47364703 -0.43888465
v -0.38685125 0.8206489 0.20677625
vt 0.421875 0.84375
vn -0.66628855 0.46453905 -0.58332074
v -0.3805342 0.77058667 0.15762234
vt 0.4375 0.84375
vn -0.5752533 0.5806894 -0.5760933
v -0.3804645 0.743828 0.11541265
vt 0.453125 0.84375
vn -0.47105852 0.86336505 -0.18084435
v -0.39286172 0.7493919 0.07814505
vt 0.46875 0.84375
vn -0.25179544 0.76204515 0.5965621
v -0.4177853 0.7854032 0.041148238
vt 0.484375 0.84375
vn -0.22258498 0.524015 0.8221096
v -0.4488418 0.83972394 -3.9238998e-08
vt 0.5 0.84375
vn -0.33036414 0.45576486 0.82652164
v -0.4755758 0.89404476 -0.046840187
vt 0.515625 0.84375
vn -0.50688976 0.50027484 0.7019886
v -0.48757315 0.9300559 -0.096984416
vt 0.53125 0.84375
vn -0.6976164 0.64508784 0.311758
v -0.4785652 0.9356199 -0.14517125
vt 0.546875 0.84375
vn -0.5801248 0.6926451 -0.4286
v -0.44881737 0.9088611 -0.18590625
vt 0.5625 0.84375
vn -0.19154228 0.5391563 -0.8201354
v -0.40483493 0.85879874 -0.2163888
vt 0.578125 0.84375
vn 0.06947492 0.458899 -0.88576806
v -0.35656914 0.8023071 -0.23825194
vt 0.59375 0.84375
vn 0.20328957 0.48650894 -0.8496955
v -0.313369 0.75842726 -0.25717536
vt 0.609375 0.84375
vn 0.17098951 0.66059107 -0.7310144
v -0.28042448 0.74194926 -0.28042457
vt 0.625 0.84375
vn -0.29339752 0.9098548 -0.29339752
v -0.25717533 0.75842726 -0.313369
vt 0.640625 0.84375
vn -0.7310486 0.66054255 0.1710308
v -0.23825188 0.8023073 -0.35656932
vt 0.65625 0.84375
vn -0.84973913 0.48638788 0.20339675
v -0.21638878 0.85879874 -0.40483493
vt 0.671875 0.84375
vn -0.8857684 0.45889813 0.06947585
v -0.18590608 0.9088611 -0.4488174
vt 0.6875 0.84375
vn -0.82011455 0.5391775 -0.19157177
v -0.1451711 0.9356199 -0.47856525
vt 0.703125 0.84375
vn -0.42850012 0.69266474 -0.5801752
v -0.096984364 0.9300559 -0.48757318
vt 0.71875 0.84375
vn 0.31178036 0.6450995 -0.6975956
v -0.04684001 0.89404446 -0.47557566
vt 0.734375 0.84375
vn 0.7020142 0.50025433 -0.5068743
v 5.3523825e-09 0.83972394 -0.4488418
vt 0.75 0.84375
vn 0.82655126 0.4557296 -0.3303385
v 0.041148376 0.7854031 -0.41778523
vt 0.765625 0.84375
vn 0.8222077 0.52390385 -0.22248425
v 0.07814509 0.7493919 -0.39286172
vt 0.78125 0.84375
vn 0.596562 0.76204515 -0.2517954
v 0.11541278 0.743828 -0.38046446
vt 0.796875 0.84375
vn -0.18086158 0.8633595 -0.47106197
v 0.1576225 0.77058685 -0.38053423
vt 0.8125 0.84375
vn -0.5759699 0.58079934 -0.5752658
v 0.20677634 0.82064915 -0.3868513
vt 0.828125 0.84375
vn -0.5833258 0.46453416 -0.66628754
v 0.26047453 0.87714094 -0.3898275
vt 0.84375 0.84375
vn -0.43889156 0.47362825 -0.76357734
v 0.31230915 0.92102057 -0.38054976
vt 0.859375 0.84375
vn -0.10124647 0.5892917 -0.80155134
v 0.35433376 0.9374986 -0.35433352
vt 0.875 0.84375
vn 0.4964736 0.71205896 -0.4964736
v 0.38054982 0.92102057 -0.31230906
vt 0.890625 0.84375
vn 0.80154735 0.5893001 0.10122916
v 0.38982746 0.8771408 -0.26047444
vt 0.90625 0.84375
vn 0.7635833 0.47367495 0.43883094
v 0.38685134 0.8206491 -0.20677625
vt 0.921875 0.84375
vn 0.66631824 0.46459687 0.58324075
v 0.38053417 0.77058667 -0.1576224
vt 0.9375 0.84375
vn 0.5752739 0.5807947 0.57596654
v 0.38046452 0.74382794 -0.115412526
vt 0.953125 0.84375
vn 0.47106153 0.86335945 0.1808633
v 0.39286172 0.7493919 -0.07814501
vt 0.96875 0.84375
vn 0.25174814 0.7619867 -0.5966567
v 0.41778544 0.78540343 -0.04114812
vt 0.984375 0.84375
vn 0.22251773 0.5239131 -0.8221928
v 0.4488418 0.83972394 7.8477996e-08
vt 1 0.84375
vn 0.33039802 0.4558115 -0.82648236
v 0.53247327 0.79690254 0
vt 0 0.8125
vn 0.24055755 0.69346917 -0.6791411
v 0.5559736 0.8360993 0.05475862
vt 0.015625 0.8125
vn 0.45901656 0.6889554 -0.5609317
v 0.56495833 0.86208457 0.1123772
vt 0.03125 0.8125
vn 0.6249987 0.75408167 -0.20183511
v 0.5537901 0.86609936 0.1679904
vt 0.046875 0.8125
vn 0.53559715 0.773554 0.3387476
v 0.5227379 0.8467906 0.21652514
vt 0.0625 0.8125
vn 0.22128311 0.7061136 0.67263466
v 0.47771046 0.8106667 0.25534156
vt 0.078125 0.8125
vn -0.060333755 0.68179375 0.7290521
v 0.42773533 0.76990324 0.28580362
vt 0.09375 0.8125
vn -0.23283903 0.7483169 0.6211344
v 0.38130778 0.73824024 0.31293124
vt 0.109375 0.8125
vn -0.245976 0.8962412 0.36911726
v 0.34318122 0.72635 0.34318122
vt 0.125 0.8125
vn -0.00317965 0.99998987 -0.00317965
v 0.3129312 0.73824024 0.3813078
vt 0.140625 0.8125
vn 0.36911273 0.8962441 -0.2459721
v 0.28580362 0.7699033 0.4277354
vt 0.15625 0.8125
vn 0.6211527 0.74830544 -0.23282671
v 0.25534153 0.8106667 0.4777105
vt 0.171875 0.8125
vn 0.729006 0.68184775 -0.060283028
v 0.21652514 0.8467906 0.5227379
vt 0.1875 0.8125
vn 0.6727072 0.70606476 0.22121851
v 0.16799039 0.86609936 0.5537901
vt 0.203125 0.8125
vn 0.33876115 0.7735506 0.53559345
v 0.11237713 0.86208445 0.5649583
vt 0.21875 0.8125
vn -0.20182794 0.7540836 0.6249987
v 0.054758616 0.8360993 0.5559736
vt 0.234375 0.8125
vn -0.56091565 0.68896544 0.45902085
v -2.3275145e-08 0.79690254 0.53247327
vt 0.25 0.8125
vn -0.67912394 0.6934841 0.24056268
v -0.04962443 0.7577056 0.50384486
vt 0.265625 0.8125
vn -0.60982424 0.7908059 0.052347966
v -0.09538357 0.7317205 0.4795256
vt 0.28125 0.8125
vn -0.31558797 0.9478782 -0.043945547
v -0.14114727 0.72770566 0.46530017
vt 0.296875 0.8125
vn 0.16000906 0.9858441 0.050085526
v -0.19101228 0.7470144 0.46114436
vt 0.3125 0.8125
vn 0.4652475 0.8414736 0.27471277
v -0.24667086 0.78313845 0.46148857
vt 0.328125 0.8125
vn 0.50004214 0.7156682 0.48762372
v -0.30584905 0.82390183 0.45773527
vt 0.34375 0.8125
vn 0.34649435 0.68050545 0.6456422
v -0.36266372 0.85556483 0.44190705
vt 0.359375 0.8125
vn 0.012111622 0.72939044 0.6839903
v -0.4098496 0.867455 0.40984964
vt 0.375 0.8125
vn -0.44158962 0.78102314 0.44158962
v -0.44190705 0.85556483 0.36266372
vt 0.390625 0.8125
vn -0.68399036 0.72939044 -0.012111634
v -0.45773536 0.82390183 0.30584896
vt 0.40625 0.8125
vn -0.64567304 0.68043774 -0.34657013
v -0.46148854 0.78313833 0.2466707
vt 0.421875 0.8125
vn -0.48764947 0.7156565 -0.5000338
v -0.46114436 0.7470143 0.19101216
vt 0.4375 0.8125
vn -0.27470294 0.84145135 -0.46529335
v -0.46530017 0.72770566 0.14114727
vt 0.453125 0.8125
vn -0.050118696 0.98584074 -0.16001973
v -0.4795256 0.7317205 0.09538356
vt 0.46875 0.8125
vn 0.043952756 0.9478662 0.31562302
v -0.50384486 0.7577056 0.04962436
vt 0.484375 0.8125
vn -0.0523659 0.7908676 0.60974264
v -0.53247327 0.79690254 -4.655029e-08
vt 0.5 0.8125
vn -0.24057299 0.6935136 0.6790903
v -0.55597365 0.83609945 -0.054758698
vt 0.515625 0.8125
vn -0.45902726 0.68897766 0.5608955
v -0.5649583 0.86208457 -0.11237729
vt 0.53125 0.8125
vn -0.6249991 0.7541023 0.20175686
v -0.5537901 0.86609936 -0.1679905
vt 0.546875 0.8125
vn -0.53561616 0.77356046 -0.33870262
v -0.522738 0.8467907 -0.21652515
vt 0.5625 0.8125
vn -0.22123685 0.7061205 -0.67264265
v -0.47771034 0.81066656 -0.25534153
vt 0.578125 0.8125
vn 0.060340162 0.68182415 -0.7290233
v -0.4277353 0.76990324 -0.28580365
vt 0.59375 0.8125
vn 0.2327955 0.74833995 -0.62112284
v -0.38130778 0.73824024 -0.31293127
vt 0.609375 0.8125
vn 0.24595925 0.8962538 -0.36909786
v -0.34318116 0.72635 -0.34318128
vt 0.625 0.8125
vn 0.0031796177 0.99998975 0.0031796177
v -0.31293124 0.73824024 -0.38130778
vt 0.640625 0.8125
vn -0.36916846 0.89620805 0.24602011
v -0.28580353 0.7699033 -0.42773542
vt 0.65625 0.8125
vn -0.62119 0.7482543 0.23289144
v -0.2553415 0.81066656 -0.47771034
vt 0.671875 0.8125
vn -0.7290388 0.6818094 0.060319025
v -0.21652497 0.8467907 -0.52273804
vt 0.6875 0.8125
vn -0.6726471 0.706118 -0.2212312
v -0.16799033 0.86609936 -0.55379015
vt 0.703125 0.8125
vn -0.33860606 0.7735745 -0.5356569
v -0.11237722 0.86208445 -0.5649583
vt 0.71875 0.8125
vn 0.20178649 0.75409454 -0.62499887
v -0.054758497 0.83609927 -0.5559736
vt 0.734375 0.8125
vn 0.5609114 0.68897843 -0.45900676
v 6.3496772e-09 0.79690254 -0.53247327
vt 0.75 0.8125
vn 0.67916757 0.693446 -0.24054949
v 0.04962453 0.75770557 -0.5038448
vt 0.765625 0.8125
vn 0.60986495 0.79077506 -0.0523407
v 0.095383614 0.7317205 -0.4795256
vt 0.78125 0.8125
vn 0.31557193 0.94788367 0.043943394
v 0.14114742 0.72770566 -0.4653001
vt 0.796875 0.8125
vn -0.1599658 0.9858502 -0.05010235
v 0.19101232 0.7470144 -0.46114436
vt 0.8125 0.8125
vn -0.46521503 0.8414941 -0.27470496
v 0.2466708 0.78313845 -0.4614886
vt 0.828125 0.8125
vn -0.5000308 0.7156781 -0.4876207
v 0.30584916 0.823902 -0.4577354
vt 0.84375 0.8125
vn -0.3464897 0.68050015 -0.6456503
v 0.36266375 0.85556483 -0.44190702
vt 0.859375 0.8125
vn -0.012181632 0.72936094 -0.6840205
v 0.4098498 0.867455 -0.4098495
vt 0.875 0.8125
vn 0.4416046 0.78101534 -0.44158855
v 0.44190708 0.85556483 -0.36266366
vt 0.890625 0.8125
vn 0.68400884 0.72937244 0.012154167
v 0.45773536 0.8239019 -0.30584905
vt 0.90625 0.8125
vn 0.64564776 0.68052703 0.34644192
v 0.46148863 0.78313845 -0.24667068
vt 0.921875 0.8125
vn 0.48760498 0.7157306 0.49997112
v 0.46114433 0.7470143 -0.19101223
vt 0.9375 0.8125
vn 0.27466458 0.8415246 0.46518353
v 0.4653002 0.7277056 -0.1411471
vt 0.953125 0.8125
vn 0.05010235 0.9858502 0.1599658
v 0.4795256 0.7317205 -0.09538352
vt 0.96875 0.8125
vn -0.043962978 0.9478492 -0.3156727
v 0.5038449 0.75770575 -0.04962421
vt 0.984375 0.8125
vn 0.052340407 0.7907739 -0.6098664
v 0.53247327 0.79690254 9.310058e-08
vt 1 0.8125
vn 0.24058795 0.6935565 -0.6790411
v 0.6312843 0.7692221 0
vt 0 0.78125
vn 0.24275018 0.89685106 -0.36977085
v 0.6443518 0.7889438 0.063463114
vt 0.015625 0.78125
vn 0.47657913 0.8324596 -0.28263655
v 0.6455522 0.80201805 0.12840831
vt 0.03125 0.78125
vn 0.61730933 0.7857818 -0.038420305
v 0.6314439 0.80403817 0.19154643
vt 0.046875 0.78125
vn 0.5723407 0.7782217 0.25845122
v 0.6022625 0.7943231 0.2494653
vt 0.0625 0.78125
vn 0.3598241 0.8137155 0.45650163
v 0.5617554 0.7761474 0.30026454
vt 0.078125 0.78125
vn 0.09980741 0.8750314 0.47366482
v 0.515624 0.75563747 0.34452894
vt 0.09375 0.78125
vn -0.08517415 0.93749386 0.33741748
v 0.46926484 0.7397064 0.38511574
vt 0.109375 0.78125
vn -0.13409649 0.9819093 0.13368751
v 0.42578554 0.7337239 0.42578554
vt 0.125 0.78125
vn -0.047163866 0.9977731 -0.047163866
v 0.3851157 0.7397064 0.46926486
vt 0.140625 0.78125
vn 0.1336887 0.9819093 -0.13409542
v 0.3445289 0.75563747 0.51562405
vt 0.15625 0.78125
vn 0.33743638 0.9374894 -0.08515028
v 0.3002645 0.7761474 0.5617554
vt 0.171875 0.78125
vn 0.47372144 0.8750055 0.09976669
v 0.2494653 0.7943231 0.6022625
vt 0.1875 0.78125
vn 0.45656607 0.81369674 0.3597847
v 0.19154641 0.80403817 0.6314439
vt 0.203125 0.78125
vn 0.25846764 0.77821946 0.5723364
v 0.12840825 0.80201805 0.6455522
vt 0.21875 0.78125
vn -0.03841903 0.785782 0.61730915
v 0.06346311 0.7889438 0.6443518
vt 0.234375 0.78125
vn -0.28262484 0.8324635 0.47657898
v -2.7594313e-08 0.7692221 0.6312843
vt 0.25 0.78125
vn -0.3698389 0.8968249 0.24274309
v -0.060290303 0.7495003 0.6121372
vt 0.265625 0.78125
vn -0.2945897 0.9550091 0.034271695
v -0.1179066 0.736426 0.5927565
vt 0.28125 0.78125
vn -0.11728925 0.9906641 -0.06948165
v -0.17495792 0.734406 0.576759
vt 0.296875 0.78125
vn 0.08021569 0.9959858 -0.039720673
v -0.23369886 0.7441211 0.56419885
vt 0.3125 0.78125
vn 0.21754776 0.969944 0.10900276
v -0.29490623 0.76229674 0.55173063
vt 0.328125 0.78125
vn 0.22962607 0.9178989 0.3236256
v -0.35691667 0.78280663 0.5341633
vt 0.34375 0.78125
vn 0.08552033 0.85326624 0.5144151
v -0.41584933 0.7987377 0.5067139
vt 0.359375 0.78125
vn -0.17911972 0.797792 0.5757118
v -0.46698523 0.8047203 0.46698526
vt 0.375 0.78125
vn -0.44626665 0.7756882 0.44626665
v -0.5067139 0.7987377 0.41584933
vt 0.390625 0.78125
vn -0.5757118 0.797792 0.17911972
v -0.5341634 0.78280663 0.35691655
vt 0.40625 0.78125
vn -0.51441437 0.85326695 -0.085518755
v -0.55173063 0.7622967 0.29490608
vt 0.421875 0.78125
vn -0.32359433 0.91791093 -0.22962192
v -0.56419885 0.744121 0.23369871
vt 0.4375 0.78125
vn -0.1090574 0.9699242 -0.21760863
v -0.576759 0.734406 0.17495792
vt 0.453125 0.78125
vn 0.039718352 0.99598527 -0.08022324
v -0.5927565 0.736426 0.11790659
vt 0.46875 0.78125
vn 0.069484845 0.990662 0.117305815
v -0.6121372 0.74950033 0.06029022
vt 0.484375 0.78125
vn -0.034278207 0.9550258 0.29453483
v -0.6312843 0.7692221 -5.5188625e-08
vt 0.5 0.78125
vn -0.24274401 0.8968281 0.3698305
v -0.6443518 0.7889438 -0.063463196
vt 0.515625 0.78125
vn -0.4765243 0.8324839 0.28265712
v -0.6455522 0.80201817 -0.12840843
vt 0.53125 0.78125
vn -0.6173148 0.7857818 0.038331833
v -0.6314439 0.80403817 -0.19154654
vt 0.546875 0.78125
vn -0.5723384 0.77820873 -0.25849554
v -0.6022625 0.7943231 -0.2494653
vt 0.5625 0.78125
vn -0.35981396 0.81371063 -0.45651817
v -0.5617554 0.7761474 -0.30026457
vt 0.578125 0.78125
vn -0.09981679 0.8750139 -0.47369537
v -0.515624 0.75563747 -0.344529
vt 0.59375 0.78125
vn 0.08513387 0.9375015 -0.3374066
v -0.46926484 0.7397064 -0.38511577
vt 0.609375 0.78125
vn 0.1341005 0.9819081 -0.13369243
v -0.42578545 0.7337239 -0.4257856
vt 0.625 0.78125
vn 0.04716304 0.9977731 0.04716469
v -0.38511574 0.7397064 -0.46926484
vt 0.640625 0.78125
vn -0.13369487 0.9819074 0.13410251
v -0.34452885 0.7556375 -0.5156241
vt 0.65625 0.78125
vn -0.33746314 0.93747467 0.08520496
v -0.3002645 0.7761474 -0.5617554
vt 0.671875 0.78125
vn -0.47376433 0.8749822 -0.099767156
v -0.24946508 0.7943231 -0.60226256
vt 0.6875 0.78125
vn -0.45661652 0.8136762 -0.3597673
v -0.19154635 0.80403817 -0.631444
vt 0.703125 0.78125
vn -0.25849456 0.7782188 -0.57232517
v -0.12840836 0.80201805 -0.6455522
vt 0.71875 0.78125
vn 0.03836176 0.7857893 -0.6173035
v -0.063462965 0.7889437 -0.6443518
vt 0.734375 0.78125
vn 0.2825835 0.8324875 -0.4765618
v 7.527986e-09 0.7692221 -0.6312843
vt 0.75 0.78125
vn 0.369794 0.89684224 -0.2427478
v 0.06029043 0.7495003 -0.6121372
vt 0.765625 0.78125
vn 0.2946732 0.95498276 -0.034287095
v 0.11790665 0.736426 -0.5927565
vt 0.78125 0.78125
vn 0.11730903 0.99066156 0.06948581
v 0.17495812 0.734406 -0.57675886
vt 0.796875 0.78125
vn -0.08017545 0.9959885 0.039733063
v 0.2336989 0.7441211 -0.56419885
vt 0.8125 0.78125
vn -0.2175317 0.9699482 -0.10899761
v 0.29490617 0.76229674 -0.55173063
vt 0.828125 0.78125
vn -0.22961192 0.9179079 -0.3236101
v 0.35691673 0.7828067 -0.53416336
vt 0.84375 0.78125
vn -0.085494526 0.8532666 -0.51441884
v 0.41584936 0.7987377 -0.50671387
vt 0.859375 0.78125
vn 0.17905591 0.79779094 -0.575733
v 0.4669854 0.8047203 -0.4669851
vt 0.875 0.78125
vn 0.44626665 0.7756881 -0.44626665
v 0.5067139 0.7987377 -0.41584924
vt 0.890625 0.78125
vn 0.57572186 0.79779494 -0.17907391
v 0.5341634 0.7828067 -0.35691667
vt 0.90625 0.78125
vn 0.51437676 0.85329765 0.0854378
v 0.5517307 0.7622967 -0.29490605
vt 0.921875 0.78125
vn 0.32358345 0.91793746 0.22953139
v 0.56419885 0.744121 -0.2336988
vt 0.9375 0.78125
vn 0.10902009 0.9699473 0.21752442
v 0.576759 0.73440593 -0.17495772
vt 0.953125 0.78125
vn -0.03974269 0.9959839 0.08022805
v 0.5927565 0.736426 -0.11790653
vt 0.96875 0.78125
vn -0.069484346 0.9906623 -0.11730322
v 0.6121373 0.7495004 -0.060290035
vt 0.984375 0.78125
vn 0.0342685 0.9549987 -0.2946239
v 0.6312843 0.7692221 1.1037725e-07
vt 1 0.78125
vn 0.2427489 0.896846 -0.3697841
v 0.73210675 0.73210675 0
vt 0 0.75
vn 0.4681987 0.88362324 -0
v 0.7285814 0.73210675 0.07175901
vt 0.015625 0.75
vn 0.667867 0.74136776 0.065783754
v 0.7180395 0.73210675 0.14282694
vt 0.03125 0.75
vn 0.7717959 0.6170558 0.15353593
v 0.7005825 0.73210675 0.21251938
vt 0.046875 0.75
vn 0.7681031 0.59642833 0.23300408
v 0.6763785 0.73210675 0.28016514
vt 0.0625 0.75
vn 0.66652745 0.6924795 0.27606776
v 0.64566046 0.73210675 0.34511274
vt 0.078125 0.75
vn 0.47727722 0.8409069 0.2551118
v 0.6087245 0.73210675 0.40673673
vt 0.09375 0.75
vn 0.27259767 0.94472843 0.18214995
v 0.56592613 0.73210675 0.46444365
vt 0.109375 0.75
vn 0.13802102 0.9839304 0.11327486
v 0.51767766 0.73210675 0.51767766
vt 0.125 0.75
vn 0.09067294 0.9917444 0.09067294
v 0.4644436 0.73210675 0.5659262
vt 0.140625 0.75
vn 0.11327308 0.9839304 0.1380225
v 0.40673667 0.73210675 0.60872453
vt 0.15625 0.75
vn 0.18213826 0.94473004 0.27260014
v 0.34511268 0.73210675 0.6456605
vt 0.171875 0.75
vn 0.25509876 0.8409123 0.47727484
v 0.28016514 0.73210675 0.6763785
vt 0.1875 0.75
vn 0.27607208 0.69247943 0.66652566
v 0.21251936 0.73210675 0.7005825
vt 0.203125 0.75
vn 0.23302266 0.59642833 0.76809746
v 0.14282687 0.73210675 0.7180395
vt 0.21875 0.75
vn 0.15352993 0.6170549 0.7717978
v 0.07175901 0.73210675 0.7285814
vt 0.234375 0.75
vn 0.06578078 0.7413676 0.6678675
v -3.2001402e-08 0.73210675 0.73210675
vt 0.25 0.75
vn 0 0.88362324 0.46819872
v -0.07175907 0.73210675 0.7285814
vt 0.265625 0.75
vn -0.02625692 0.96345377 0.2665846
v -0.14282694 0.73210675 0.7180395
vt 0.28125 0.75
vn -0.02937755 0.9885986 0.14768149
v -0.21251938 0.73210675 0.7005825
vt 0.296875 0.75
vn -0.03885312 0.9910016 0.128087
v -0.28016517 0.73210675 0.6763784
vt 0.3125 0.75
vn -0.08334526 0.97599435 0.2012175
v -0.3451128 0.73210675 0.64566046
vt 0.328125 0.75
vn -0.18650997 0.91839826 0.3489391
v -0.40673682 0.73210675 0.6087244
vt 0.34375 0.75
vn -0.33898404 0.7922848 0.507321
v -0.4644436 0.73210675 0.5659262
vt 0.359375 0.75
vn -0.48218894 0.64982915 0.58755076
v -0.5176776 0.73210675 0.51767766
vt 0.375 0.75
vn -0.57119256 0.5894728 0.57119256
v -0.5659262 0.73210675 0.4644436
vt 0.390625 0.75
vn -0.58755076 0.64982915 0.48218894
v -0.60872453 0.73210675 0.40673667
vt 0.40625 0.75
vn -0.5073299 0.792273 0.33899826
v -0.6456605 0.73210675 0.34511265
vt 0.421875 0.75
vn -0.34894666 0.9183946 0.18651402
v -0.6763785 0.73210675 0.28016502
vt 0.4375 0.75
vn -0.20120893 0.97599566 0.0833509
v -0.7005825 0.73210675 0.21251938
vt 0.453125 0.75
vn -0.12808585 0.9910016 0.038856905
v -0.7180395 0.73210675 0.14282693
vt 0.46875 0.75
vn -0.14768083 0.9885986 0.029380774
v -0.7285814 0.73210675 0.07175897
vt 0.484375 0.75
vn -0.26658538 0.9634538 0.02624918
v -0.73210675 0.73210675 -6.4002805e-08
vt 0.5 0.75
vn -0.4681987 0.8836232 0
v -0.7285814 0.73210675 -0.071759105
vt 0.515625 0.75
vn -0.6678667 0.7413676 -0.065788776
v -0.7180395 0.73210675 -0.14282706
vt 0.53125 0.75
vn -0.7718129 0.61703837 -0.15352002
v -0.70058244 0.73210675 -0.21251951
vt 0.546875 0.75
vn -0.7681087 0.59642833 -0.2329855
v -0.6763785 0.73210675 -0.28016514
vt 0.5625 0.75
vn -0.66652316 0.69247943 -0.27607816
v -0.64566046 0.73210675 -0.34511277
vt 0.578125 0.75
vn -0.47726986 0.8409069 -0.25512555
v -0.6087245 0.73210675 -0.40673676
vt 0.59375 0.75
vn -0.27259538 0.9447277 -0.18215735
v -0.56592613 0.73210675 -0.46444368
vt 0.609375 0.75
vn -0.13802314 0.9839304 -0.1132723
v -0.51767755 0.73210675 -0.5176777
vt 0.625 0.75
vn -0.09067032 0.9917443 -0.09067554
v -0.46444365 0.73210675 -0.56592613
vt 0.640625 0.75
vn -0.1132723 0.9839304 -0.13802314
v -0.40673655 0.73210675 -0.6087246
vt 0.65625 0.75
vn -0.18213767 0.9447285 -0.27260587
v -0.3451127 0.73210675 -0.64566046
vt 0.671875 0.75
vn -0.25510383 0.84090686 -0.47728145
v -0.2801649 0.73210675 -0.67637855
vt 0.6875 0.75
vn -0.27607813 0.6924795 -0.6665231
v -0.21251929 0.73210675 -0.7005825
vt 0.703125 0.75
vn -0.23301618 0.5964459 -0.7680858
v -0.14282699 0.73210675 -0.7180395
vt 0.71875 0.75
vn -0.15351737 0.6170558 -0.7717996
v -0.07175885 0.73210675 -0.7285815
vt 0.734375 0.75
vn -0.065788426 0.74136776 -0.6678666
v 8.730281e-09 0.73210675 -0.73210675
vt 0.75 0.75
vn 0 0.8836232 -0.4681987
v 0.071759224 0.73210675 -0.7285814
vt 0.765625 0.75
vn 0.026260113 0.96345377 -0.2665843
v 0.142827 0.73210675 -0.7180395
vt 0.78125 0.75
vn 0.02937491 0.9885985 -0.14768218
v 0.21251962 0.73210675 -0.7005824
vt 0.796875 0.75
vn 0.038852606 0.9910016 -0.12808691
v 0.28016523 0.73210675 -0.6763784
vt 0.8125 0.75
vn 0.083347104 0.97599447 -0.20121676
v 0.3451127 0.73210675 -0.64566046
vt 0.828125 0.75
vn 0.18651068 0.9183947 -0.34894848
v 0.40673685 0.73210675 -0.6087244
vt 0.84375 0.75
vn 0.33898976 0.7922848 -0.5073172
v 0.46444365 0.73210675 -0.56592613
vt 0.859375 0.75
vn 0.4821918 0.64982384 -0.5875542
v 0.5176778 0.73210675 -0.5176775
vt 0.875 0.75
vn 0.57119256 0.5894728 -0.57119256
v 0.56592625 0.73210675 -0.4644435
vt 0.890625 0.75
vn 0.58755076 0.64982915 -0.48218894
v 0.6087245 0.73210675 -0.40673676
vt 0.90625 0.75
vn 0.5073095 0.7922848 -0.3390012
v 0.6456606 0.73210675 -0.3451126
vt 0.921875 0.75
vn 0.3489342 0.9183984 -0.18651918
v 0.6763785 0.73210675 -0.2801651
vt 0.9375 0.75
vn 0.20121208 0.97599566 -0.08334333
v 0.70058256 0.73210675 -0.21251917
vt 0.953125 0.75
vn 0.12808691 0.9910016 -0.038852606
v 0.7180395 0.73210675 -0.14282687
vt 0.96875 0.75
vn 0.1476808 0.98859864 -0.02938107
v 0.7285815 0.73210675 -0.07175874
vt 0.984375 0.75
vn 0.26658434 0.9634538 -0.026259981
v 0.73210675 0.73210675 1.2800561e-07
vt 1 0.75
vn 0.4681987 0.8836232 -0
v 0.8114749 0.6659602 0
vt 0 0.71875
vn 0.7565955 0.56950814 0.3212846
v 0.7879407 0.64977497 0.07760538
vt 0.015625 0.71875
vn 0.85262686 0.38482162 0.35346818
v 0.76371676 0.6390452 0.1519127
vt 0.03125 0.71875
vn 0.9157887 0.25892818 0.3070621
v 0.74321616 0.6373874 0.22545217
vt 0.046875 0.71875
vn 0.94527495 0.23952167 0.22155052
v 0.7265148 0.64536035 0.3009323
vt 0.0625 0.71875
vn 0.9324402 0.3331625 0.13984993
v 0.70954937 0.6602767 0.37926206
vt 0.078125 0.71875
vn 0.8568483 0.5058817 0.099471726
v 0.68601185 0.67710876 0.4583785
vt 0.09375 0.71875
vn 0.71413386 0.68879175 0.1248149
v 0.6500945 0.6901831 0.53351885
vt 0.109375 0.71875
vn 0.53499824 0.81659234 0.21668866
v 0.59890044 0.69509286 0.59890044
vt 0.125 0.71875
vn 0.35992426 0.8607607 0.35992426
v 0.5335188 0.6901831 0.65009457
vt 0.140625 0.71875
vn 0.21675768 0.81659514 0.53496593
v 0.45837843 0.67710876 0.6860119
vt 0.15625 0.71875
vn 0.12479446 0.688787 0.71414196
v 0.379262 0.6602767 0.7095494
vt 0.171875 0.71875
vn 0.09950602 0.5058508 0.8568626
v 0.3009323 0.64536035 0.7265148
vt 0.1875 0.71875
vn 0.13987353 0.33316433 0.932436
v 0.22545215 0.6373874 0.74321616
vt 0.203125 0.71875
vn 0.22157763 0.23952065 0.94526887
v 0.15191263 0.6390452 0.76371676
vt 0.21875 0.71875
vn 0.30704826 0.25893065 0.9157927
v 0.077605374 0.64977497 0.7879407
vt 0.234375 0.71875
vn 0.3534513 0.38476905 0.8526576
v -3.5470695e-08 0.6659602 0.8114749
vt 0.25 0.71875
vn 0.32133973 0.5694969 0.75658053
v -0.08147159 0.6821455 0.8271942
vt 0.265625 0.71875
vn 0.19943488 0.7396986 0.6427065
v -0.16470909 0.6928752 0.8280485
vt 0.28125 0.71875
vn 0.012318114 0.8410727 0.5407818
v -0.24566534 0.69453305 0.8098501
vt 0.296875 0.71875
vn -0.20629103 0.8558406 0.47432145
v -0.3201438 0.6865601 0.77289534
vt 0.3125 0.71875
vn -0.4263677 0.78265333 0.45350212
v -0.3857913 0.67164373 0.7217645
vt 0.328125 0.71875
vn -0.61068594 0.6313953 0.47791484
v -0.44328424 0.6548116 0.6634215
vt 0.34375 0.71875
vn -0.7175839 0.443307 0.5371706
v -0.49606973 0.64173734 0.60446274
vt 0.359375 0.71875
vn -0.7342487 0.2905466 0.61356467
v -0.54869837 0.6368276 0.54869837
vt 0.375 0.71875
vn -0.6876543 0.2329444 0.6876543
v -0.60446274 0.64173734 0.49606973
vt 0.390625 0.71875
vn -0.6135729 0.2905472 0.73424155
v -0.66342163 0.6548116 0.4432841
vt 0.40625 0.71875
vn -0.53715974 0.44327107 0.71761423
v -0.72176474 0.6716438 0.38579118
vt 0.421875 0.71875
vn -0.4778744 0.63136184 0.6107522
v -0.77289546 0.6865601 0.3201436
vt 0.4375 0.71875
vn -0.45347422 0.78262055 0.4264578
v -0.8098501 0.69453305 0.24566534
vt 0.453125 0.71875
vn -0.4743145 0.8558395 0.20631161
v -0.8280485 0.6928752 0.16470908
vt 0.46875 0.71875
vn -0.5407845 0.84107065 -0.012338195
v -0.8271942 0.6821455 0.08147148
vt 0.484375 0.71875
vn -0.64265317 0.73975635 -0.19939287
v -0.8114749 0.6659602 -7.094139e-08
vt 0.5 0.71875
vn -0.7565898 0.56950396 -0.3213055
v -0.78794056 0.6497749 -0.07760547
vt 0.515625 0.71875
vn -0.85265917 0.3847696 -0.3534468
v -0.7637167 0.6390452 -0.15191284
vt 0.53125 0.71875
vn -0.9157819 0.25892952 -0.3070815
v -0.74321616 0.6373874 -0.2254523
vt 0.546875 0.71875
vn -0.94527787 0.23949447 -0.22156778
v -0.7265148 0.64536035 -0.3009323
vt 0.5625 0.71875
vn -0.93245023 0.3331064 -0.1399169
v -0.70954937 0.6602767 -0.37926206
vt 0.578125 0.71875
vn -0.8568475 0.5058824 -0.0994751
v -0.6860118 0.67710876 -0.45837855
vt 0.59375 0.71875
vn -0.71404445 0.6888725 -0.12488125
v -0.6500945 0.6901831 -0.5335189
vt 0.609375 0.71875
vn -0.5349639 0.8166012 -0.21673991
v -0.5989003 0.69509286 -0.59890056
vt 0.625 0.71875
vn -0.35991532 0.86076075 -0.35993326
v -0.53351885 0.6901831 -0.6500945
vt 0.640625 0.71875
vn -0.21667951 0.8165907 -0.5350044
v -0.45837826 0.6771087 -0.6860119
vt 0.65625 0.71875
vn -0.12479563 0.68878734 -0.7141415
v -0.37926203 0.6602767 -0.70954937
vt 0.671875 0.71875
vn -0.09944651 0.5058761 -0.85685456
v -0.30093202 0.64536035 -0.7265149
vt 0.6875 0.71875
vn -0.13992195 0.33310682 -0.9324493
v -0.22545208 0.6373874 -0.7432162
vt 0.703125 0.71875
vn -0.22166166 0.23952192 -0.9452488
v -0.15191275 0.6390452 -0.76371676
vt 0.71875 0.71875
vn -0.30705118 0.25892857 -0.91579235
v -0.07760522 0.6497751 -0.78794074
vt 0.734375 0.71875
vn -0.3534468 0.38481215 -0.85264
v 9.676738e-09 0.6659602 -0.8114749
vt 0.75 0.71875
vn -0.32137406 0.5694899 -0.7565712
v 0.08147176 0.6821455 -0.8271942
vt 0.765625 0.71875
vn -0.19945765 0.73969394 -0.64270484
v 0.16470917 0.6928752 -0.8280485
vt 0.78125 0.71875
vn -0.012356891 0.84106874 -0.54078704
v 0.24566562 0.69453305 -0.80985
vt 0.796875 0.71875
vn 0.2062979 0.85583955 -0.47432032
v 0.32014388 0.6865601 -0.77289534
vt 0.8125 0.71875
vn 0.42640987 0.7826478 -0.45347244
v 0.38579118 0.67164373 -0.72176456
vt 0.828125 0.71875
vn 0.6106691 0.6313945 -0.47793752
v 0.4432842 0.65481156 -0.6634214
vt 0.84375 0.71875
vn 0.7175916 0.44324446 -0.53721195
v 0.49606976 0.64173734 -0.6044627
vt 0.859375 0.71875
vn 0.73424953 0.29054016 -0.6135665
v 0.5486986 0.6368276 -0.5486982
vt 0.875 0.71875
vn 0.6876543 0.2329444 -0.6876543
v 0.6044628 0.64173734 -0.4960696
vt 0.890625 0.71875
vn 0.61348754 0.29055095 -0.7343114
v 0.66342145 0.65481156 -0.44328412
vt 0.90625 0.71875
vn 0.5371972 0.44331673 -0.71755797
v 0.7217647 0.67164373 -0.38579106
vt 0.921875 0.71875
vn 0.47789475 0.63138086 -0.6107167
v 0.7728954 0.6865601 -0.32014373
vt 0.9375 0.71875
vn 0.45349145 0.7826316 -0.42641926
v 0.80985016 0.69453305 -0.24566509
vt 0.953125 0.71875
vn 0.47433713 0.85582894 -0.20630346
v 0.8280485 0.6928752 -0.164709
vt 0.96875 0.71875
vn 0.54079336 0.841064 0.012404449
v 0.8271942 0.68214536 -0.08147121
vt 0.984375 0.71875
vn 0.64270395 0.73970073 0.19943514
v 0.8114749 0.6659602 1.4188278e-07
vt 1 0.71875
vn 0.75661343 0.5695217 0.32121822
v 0.85456663 0.5710031 0
vt 0 0.6875
vn 0.8475754 0.207323 0.48850074
v 0.8114435 0.54481256 0.07992021
vt 0.015625 0.6875
vn 0.8650675 0.062042337 0.49780408
v 0.7742168 0.52744985 0.15400128
vt 0.03125 0.6875
vn 0.9228296 -0.03713669 0.38341394
v 0.751552 0.5247672 0.22798082
vt 0.046875 0.6875
vn 0.97994804 -0.053258546 0.19200343
v 0.74342597 0.5376689 0.30793712
vt 0.0625 0.6875
vn 0.9992621 0.022063358 0.031442095
v 0.7415216 0.5618062 0.39635155
vt 0.078125 0.6875
vn 0.9876891 0.1557759 -0.014291536
v 0.7329953 0.58904344 0.4897718
vt 0.09375 0.6875
vn 0.946029 0.31473392 0.0772775
v 0.70593554 0.6102 0.57934636
vt 0.109375 0.6875
vn 0.8333832 0.4626858 0.30231503
v 0.654158 0.6181448 0.654158
vt 0.125 0.6875
vn 0.59992224 0.52932644 0.59992224
v 0.5793463 0.6102 0.7059356
vt 0.140625 0.6875
vn 0.30233845 0.4626895 0.8333726
v 0.48977175 0.58904344 0.73299533
vt 0.15625 0.6875
vn 0.07728899 0.31473586 0.94602746
v 0.39635152 0.5618062 0.7415216
vt 0.171875 0.6875
vn -0.014330725 0.15577257 0.987689
v 0.30793712 0.5376689 0.74342597
vt 0.1875 0.6875
vn 0.031438608 0.02206333 0.99926215
v 0.22798079 0.5247672 0.751552
vt 0.203125 0.6875
vn 0.19203271 -0.053259913 0.9799422
v 0.15400122 0.52744985 0.77421683
vt 0.21875 0.6875
vn 0.3833979 -0.037134383 0.9228364
v 0.07992021 0.54481256 0.81144357
vt 0.234375 0.6875
vn 0.49781504 0.06204362 0.8650611
v -3.7354294e-08 0.5710031 0.85456663
vt 0.25 0.6875
vn 0.48848337 0.20732531 0.84758496
v -0.087604225 0.59719366 0.8894599
vt 0.265625 0.6875
vn 0.33968344 0.36789778 0.8656018
v -0.17943408 0.6145564 0.90207607
vt 0.28125 0.6875
vn 0.038612515 0.49824408 0.8661766
v -0.2681544 0.617239 0.8839866
vt 0.296875 0.6875
vn -0.34803364 0.5213169 0.7791671
v -0.3461199 0.6043373 0.83560723
vt 0.3125 0.6875
vn -0.6573533 0.41814768 0.6269283
v -0.40932834 0.58019996 0.7657992
vt 0.328125 0.6875
vn -0.82000566 0.26068637 0.5095422
v -0.45977184 0.5529627 0.68809694
vt 0.34375 0.6875
vn -0.86796176 0.106996976 0.48496822
v -0.5049163 0.5318062 0.61524236
vt 0.359375 0.6875
vn -0.82615817 -0.0115377335 0.5633202
v -0.5543816 0.5238614 0.55438167
vt 0.375 0.6875
vn -0.7058866 -0.05872141 0.7058866
v -0.61524236 0.5318062 0.5049163
vt 0.390625 0.6875
vn -0.5633181 -0.01152326 0.8261598
v -0.6880972 0.5529628 0.45977178
vt 0.40625 0.6875
vn -0.48494685 0.10703175 0.86796933
v -0.7657995 0.5802001 0.40932825
vt 0.421875 0.6875
vn -0.50955236 0.26068816 0.81999886
v -0.83560747 0.60433733 0.34611976
vt 0.4375 0.6875
vn -0.6268803 0.41815266 0.65739596
v -0.8839866 0.617239 0.2681544
vt 0.453125 0.6875
vn -0.7791544 0.521315 0.3480646
v -0.90207607 0.6145564 0.17943406
vt 0.46875 0.6875
vn -0.86617666 0.49824366 -0.038616776
v -0.8894598 0.5971936 0.0876041
vt 0.484375 0.6875
vn -0.86558867 0.36795333 -0.3396567
v -0.85456663 0.5710031 -7.470859e-08
vt 0.5 0.6875
vn -0.84758824 0.20732614 -0.48847723
v -0.8114434 0.5448125 -0.0799203
vt 0.515625 0.6875
vn -0.86506605 0.062043898 -0.4978064
v -0.7742167 0.52744985 -0.15400141
vt 0.53125 0.6875
vn -0.9228459 -0.03711016 -0.3833775
v -0.751552 0.5247672 -0.22798096
vt 0.546875 0.6875
vn -0.97996 -0.05325941 -0.19194177
v -0.7434259 0.5376688 -0.30793712
vt 0.5625 0.6875
vn -0.99926245 0.02203647 -0.031450234
v -0.74152166 0.56180626 -0.39635164
vt 0.578125 0.6875
vn -0.98769385 0.15574597 0.014283202
v -0.7329952 0.58904344 -0.48977184
vt 0.59375 0.6875
vn -0.94602 0.31472924 -0.077405564
v -0.70593554 0.6102 -0.5793464
vt 0.609375 0.6875
vn -0.8333532 0.46269628 -0.30238152
v -0.65415794 0.6181448 -0.6541581
vt 0.625 0.6875
vn -0.5999223 0.52932644 -0.5999223
v -0.57934636 0.6102 -0.70593554
vt 0.640625 0.6875
vn -0.3023235 0.4626871 -0.83337927
v -0.48977152 0.5890434 -0.7329953
vt 0.65625 0.6875
vn -0.07725982 0.31470588 -0.9460397
v -0.39635155 0.5618062 -0.7415216
vt 0.671875 0.6875
vn 0.014283041 0.1557462 -0.9876939
v -0.30793685 0.5376688 -0.743426
vt 0.6875 0.6875
vn -0.031444624 0.022062805 -0.999262
v -0.22798072 0.5247672 -0.75155205
vt 0.703125 0.6875
vn -0.1920163 -0.053235106 -0.9799468
v -0.15400134 0.52744985 -0.77421683
vt 0.71875 0.6875
vn -0.38334253 -0.037134822 -0.9228594
v -0.079920046 0.5448127 -0.8114437
vt 0.734375 0.6875
vn -0.49777186 0.06202391 -0.86508745
v 1.01906e-08 0.5710031 -0.85456663
vt 0.75 0.6875
vn -0.4885277 0.20731942 -0.8475608
v 0.08760441 0.59719366 -0.8894599
vt 0.765625 0.6875
vn -0.3397477 0.3679367 -0.86555994
v 0.17943417 0.6145564 -0.90207607
vt 0.78125 0.6875
vn -0.03864411 0.498241 -0.86617696
v 0.2681547 0.617239 -0.8839865
vt 0.796875 0.6875
vn 0.3479829 0.5213024 -0.7791995
v 0.34611997 0.6043373 -0.83560723
vt 0.8125 0.6875
vn 0.6573236 0.4181467 -0.62696004
v 0.40932825 0.58019996 -0.7657993
vt 0.828125 0.6875
vn 0.8200015 0.2606475 -0.50956887
v 0.45977187 0.55296266 -0.6880969
vt 0.84375 0.6875
vn 0.8679705 0.10702021 -0.48494732
v 0.50491637 0.5318062 -0.6152423
vt 0.859375 0.6875
vn 0.82618606 -0.011537566 -0.56327933
v 0.55438185 0.5238614 -0.5543815
vt 0.875 0.6875
vn 0.7058859 -0.05873917 -0.7058859
v 0.6152424 0.5318062 -0.50491625
vt 0.890625 0.6875
vn 0.56327933 -0.011537566 -0.82618606
v 0.68809694 0.55296266 -0.45977178
vt 0.90625 0.6875
vn 0.4850389 0.1070375 -0.86791724
v 0.7657994 0.58019996 -0.4093281
vt 0.921875 0.6875
vn 0.50957894 0.26069283 -0.81998086
v 0.8356074 0.60433733 -0.34611988
vt 0.9375 0.6875
vn 0.62695247 0.41816184 -0.6573213
v 0.8839867 0.617239 -0.26815414
vt 0.953125 0.6875
vn 0.7791772 0.5213227 -0.3480022
v 0.90207607 0.6145564 -0.17943399
vt 0.96875 0.6875
vn 0.8661776 0.49823645 0.038686506
v 0.8894597 0.59719354 -0.08760381
vt 0.984375 0.6875
vn 0.8655677 0.3679412 0.33972314
v 0.85456663 0.5710031 1.4941718e-07
vt 1 0.6875
vn 0.847631 0.20733662 0.4883988
v 0.86912084 0.4645547 0
vt 0 0.65625
vn 0.8161799 0.064543016 0.5741816
v 0.81087667 0.4355197 0.07986438
vt 0.015625 0.65625
vn 0.8077227 -0.027688852 0.588912
v 0.76382464 0.41627124 0.15193416
vt 0.03125 0.65625
vn 0.8905686 -0.10232452 0.4431899
v 0.73993003 0.41329724 0.22445533
vt 0.046875 0.65625
vn 0.9810438 -0.11623749 0.15505452
v 0.7390886 0.42760012 0.3061405
vt 0.0625 0.65625
vn 0.99585485 -0.055977464 -0.07169236
v 0.7496736 0.45435897 0.4007089
vt 0.078125 0.65625
vn 0.99296033 0.033024963 -0.11375035
v 0.75375843 0.48455438 0.5036453
vt 0.09375 0.65625
vn 0.99154675 0.12894537 0.014424308
v 0.7346826 0.50800866 0.6029385
vt 0.109375 0.65625
vn 0.9265073 0.221031 0.30451518
v 0.68369836 0.5168164 0.68369836
vt 0.125 0.65625
vn 0.68161696 0.26607642 0.68161696
v 0.6029385 0.50800866 0.7346827
vt 0.140625 0.65625
vn 0.3045808 0.22103679 0.9264843
v 0.5036452 0.48455432 0.7537584
vt 0.15625 0.65625
vn 0.014397347 0.12894313 0.9915475
v 0.40070885 0.45435897 0.74967366
vt 0.171875 0.65625
vn -0.11374431 0.033025105 0.99296093
v 0.3061405 0.42760012 0.7390886
vt 0.1875 0.65625
vn -0.07168548 -0.055977657 0.9958552
v 0.22445531 0.41329724 0.73993003
vt 0.203125 0.65625
vn 0.15508254 -0.11621022 0.9810426
v 0.15193409 0.41627124 0.76382464
vt 0.21875 0.65625
vn 0.4431763 -0.10229859 0.8905783
v 0.079864375 0.4355197 0.81087667
vt 0.234375 0.65625
vn 0.5889076 -0.027713165 0.8077251
v -3.799048e-08 0.4645547 0.86912084
vt 0.25 0.65625
vn 0.57422215 0.06454077 0.8161516
v -0.09051318 0.49358973 0.9189949
vt 0.265625 0.65625
vn 0.41013038 0.1612432 0.89766014
v -0.18717995 0.5128381 0.9410172
vt 0.28125 0.65625
vn 0.06226096 0.24470039 0.9675977
v -0.2801296 0.51581216 0.9234635
vt 0.296875 0.65625
vn -0.40206265 0.26049548 0.8777743
v -0.3590558 0.5015092 0.8668372
vt 0.3125 0.65625
vn -0.7381132 0.19247328 0.64663965
v -0.41869262 0.4747504 0.7833185
vt 0.328125 0.65625
vn -0.8842823 0.09655576 0.45686087
v -0.4620701 0.444555 0.6915365
vt 0.34375 0.65625
vn -0.9196689 0.0021656307 0.3926885
v -0.49979034 0.4211007 0.60899633
vt 0.359375 0.65625
vn -0.8708117 -0.08145404 0.48482192
v -0.54542404 0.41229305 0.5454241
vt 0.375 0.65625
vn -0.70189965 -0.12113513 0.70189965
v -0.60899633 0.42110074 0.49979034
vt 0.390625 0.65625
vn -0.4848474 -0.08145497 0.8707974
v -0.6915367 0.44455507 0.46207002
vt 0.40625 0.65625
vn -0.39270866 0.0021784946 0.9196604
v -0.7833189 0.47475052 0.41869253
vt 0.421875 0.65625
vn -0.45686805 0.096569814 0.88427705
v -0.86683744 0.50150925 0.35905564
vt 0.4375 0.65625
vn -0.6465818 0.19251087 0.73815405
v -0.9234635 0.51581216 0.2801296
vt 0.453125 0.65625
vn -0.87775666 0.260494 0.40210196
v -0.9410172 0.5128381 0.18717994
vt 0.46875 0.65625
vn -0.967596 0.24469808 -0.062296968
v -0.91899484 0.49358967 0.09051304
vt 0.484375 0.65625
vn -0.8976693 0.16126886 -0.41010022
v -0.86912084 0.4645547 -7.598096e-08
vt 0.5 0.65625
vn -0.81616086 0.06454152 -0.5742088
v -0.8108765 0.4355196 -0.079864465
vt 0.515625 0.65625
vn -0.8077365 -0.027713481 -0.588892
v -0.7638245 0.4162712 -0.15193428
vt 0.53125 0.65625
vn -0.8905696 -0.10232459 -0.44318774
v -0.73993003 0.41329727 -0.22445549
vt 0.546875 0.65625
vn -0.98104584 -0.11620989 -0.15506236
v -0.73908854 0.4276001 -0.30614048
vt 0.5625 0.65625
vn -0.9958589 -0.055980142 0.07163256
v -0.7496736 0.454359 -0.40070894
vt 0.578125 0.65625
vn -0.9929628 0.03302705 0.11372841
v -0.7537584 0.48455438 -0.50364536
vt 0.59375 0.65625
vn -0.9915374 0.12900946 -0.014499195
v -0.7346826 0.50800866 -0.60293853
vt 0.609375 0.65625
vn -0.9265112 0.22103001 -0.30450413
v -0.68369824 0.5168164 -0.6836985
vt 0.625 0.65625
vn -0.68160206 0.26607645 -0.6816318
v -0.6029385 0.50800866 -0.7346826
vt 0.640625 0.65625
vn -0.304498 0.22102946 -0.9265133
v -0.503645 0.48455426 -0.75375843
vt 0.65625 0.65625
vn -0.01432938 0.12896489 -0.9915456
v -0.40070888 0.454359 -0.7496736
vt 0.671875 0.65625
vn 0.11376252 0.033051185 -0.992958
v -0.30614024 0.4276001 -0.7390886
vt 0.6875 0.65625
vn 0.07169799 -0.05597752 -0.9958543
v -0.22445524 0.41329724 -0.7399301
vt 0.703125 0.65625
vn -0.15506096 -0.116210945 -0.98104596
v -0.1519342 0.41627124 -0.76382464
vt 0.71875 0.65625
vn -0.44316307 -0.102299005 -0.8905849
v -0.07986422 0.43551978 -0.8108769
vt 0.734375 0.65625
vn -0.58890706 -0.027736124 -0.8077248
v 1.03641575e-08 0.4645547 -0.86912084
vt 0.75 0.65625
vn -0.57426804 0.06453824 -0.8161195
v 0.09051338 0.4935898 -0.918995
vt 0.765625 0.65625
vn -0.4101952 0.16123527 -0.89763194
v 0.18718004 0.5128381 -0.9410172
vt 0.78125 0.65625
vn -0.062261548 0.24470034 -0.9675977
v 0.2801299 0.51581216 -0.9234634
vt 0.796875 0.65625
vn 0.40214482 0.26049757 -0.8777361
v 0.35905588 0.5015092 -0.8668372
vt 0.8125 0.65625
vn 0.73811483 0.19247305 -0.6466379
v 0.4186925 0.4747504 -0.7833186
vt 0.828125 0.65625
vn 0.88426507 0.096558206 -0.45689362
v 0.46207008 0.44455492 -0.6915364
vt 0.84375 0.65625
vn 0.9196716 0.0021893822 -0.39268216
v 0.4997904 0.4211007 -0.6089963
vt 0.859375 0.65625
vn 0.8708419 -0.08145205 -0.48476788
v 0.5454243 0.41229305 -0.5454239
vt 0.875 0.65625
vn 0.70191884 -0.12113514 -0.70188046
v 0.6089964 0.42110074 -0.49979025
vt 0.890625 0.65625
vn 0.48478004 -0.081452504 -0.8708351
v 0.6915365 0.44455492 -0.46207
vt 0.90625 0.65625
vn 0.39277378 0.0021657315 -0.9196325
v 0.7833187 0.4747504 -0.41869235
vt 0.921875 0.65625
vn 0.4569604 0.09657539 -0.8842287
v 0.8668374 0.50150925 -0.3590558
vt 0.9375 0.65625
vn 0.6466719 0.19252224 -0.7380722
v 0.92346364 0.51581216 -0.2801293
vt 0.953125 0.65625
vn 0.87777317 0.2604656 -0.4020846
v 0.9410172 0.5128381 -0.18717986
vt 0.96875 0.65625
vn 0.967596 0.24469808 0.062296968
v 0.9189948 0.4935896 -0.090512745
vt 0.984375 0.65625
vn 0.8976325 0.1612354 0.4101939
v 0.86912084 0.4645547 1.5196191e-07
vt 1 0.65625
vn 0.81621546 0.06454583 0.57413095
v 0.8812019 0.3650058 0
vt 0 0.625
vn 0.7615164 0.16557048 0.6266413
v 0.8156616 0.3394929 0.08033566
vt 0.015625 0.625
vn 0.73538387 0.16221978 0.6579478
v 0.7638116 0.32257938 0.15193157
vt 0.03125 0.625
vn 0.84589666 0.17955352 0.50221443
v 0.73920447 0.31996614 0.22423524
vt 0.046875 0.625
vn 0.9761396 0.185502 0.11287417
v 0.741698 0.33253402 0.30722138
vt 0.0625 0.625
vn 0.9714315 0.16624533 -0.1693614
v 0.7580758 0.35604686 0.40519997
vt 0.078125 0.625
vn 0.9672383 0.16189839 -0.19554788
v 0.7679689 0.3825794 0.51314044
vt 0.09375 0.625
vn 0.98294145 0.17966554 -0.039325204
v 0.7524354 0.40318856 0.6175078
vt 0.109375 0.625
vn 0.9357875 0.21189772 0.2817819
v 0.7014976 0.4109278 0.7014976
vt 0.125 0.625
vn 0.6878901 0.2315476 0.6878901
v 0.6175078 0.40318856 0.75243545
vt 0.140625 0.625
vn 0.28180712 0.21190001 0.93577945
v 0.5131403 0.38257936 0.76796883
vt 0.15625 0.625
vn -0.039298564 0.17967042 0.9829416
v 0.40519992 0.35604686 0.75807583
vt 0.171875 0.625
vn -0.19553714 0.16189983 0.9672403
v 0.30722138 0.33253402 0.741698
vt 0.1875 0.625
vn -0.16938096 0.16624327 0.97142845
v 0.2242352 0.31996614 0.73920447
vt 0.203125 0.625
vn 0.1129067 0.18550307 0.9761356
v 0.1519315 0.32257938 0.7638116
vt 0.21875 0.625
vn 0.5021948 0.17955494 0.84590805
v 0.08033566 0.33949292 0.81566167
vt 0.234375 0.625
vn 0.65798765 0.16221362 0.73534954
v -3.851856e-08 0.3650058 0.8812019
vt 0.25 0.625
vn 0.6266391 0.16557084 0.761518
v -0.09241021 0.39051872 0.9382557
vt 0.265625 0.625
vn 0.44709554 0.18955657 0.87417036
v -0.19189636 0.40743217 0.9647282
vt 0.28125 0.625
vn 0.07834443 0.22193383 0.9719092
v -0.28736362 0.41004544 0.9473109
vt 0.296875 0.625
vn -0.41240054 0.22899446 0.88175243
v -0.3672214 0.3974775 0.88655066
vt 0.3125 0.625
vn -0.7586729 0.20059484 0.61982036
v -0.42559153 0.37396473 0.7962255
vt 0.328125 0.625
vn -0.9027729 0.1715289 0.39443478
v -0.4659988 0.3474322 0.6974162
vt 0.34375 0.625
vn -0.94009334 0.16078345 0.30062148
v -0.5005493 0.32682303 0.60992116
vt 0.359375 0.625
vn -0.90149397 0.17242406 0.39696163
v -0.54471 0.31908378 0.54471004
vt 0.375 0.625
vn -0.6945116 0.18790251 0.6945116
v -0.60992116 0.32682303 0.5005493
vt 0.390625 0.625
vn -0.39696163 0.17242405 0.90149397
v -0.6974164 0.34743223 0.4659987
vt 0.40625 0.625
vn -0.3006222 0.16078097 0.9400935
v -0.7962258 0.37396482 0.42559144
vt 0.421875 0.625
vn -0.3944474 0.17155628 0.90276223
v -0.886551 0.3974776 0.36722127
vt 0.4375 0.625
vn -0.6197729 0.20058542 0.7587141
v -0.9473109 0.41004544 0.28736362
vt 0.453125 0.625
vn -0.8817345 0.22899309 0.41243967
v -0.9647282 0.40743217 0.19189635
vt 0.46875 0.625
vn -0.9719067 0.22193153 -0.07838123
v -0.9382556 0.3905187 0.092410065
vt 0.484375 0.625
vn -0.87416154 0.18955582 -0.4471131
v -0.8812019 0.3650058 -7.703712e-08
vt 0.5 0.625
vn -0.7615232 0.16557196 -0.6266325
v -0.8156615 0.3394928 -0.08033575
vt 0.515625 0.625
vn -0.7353655 0.16224934 -0.657961
v -0.76381147 0.32257935 -0.15193169
vt 0.53125 0.625
vn -0.8458977 0.17955364 -0.50221264
v -0.73920447 0.31996617 -0.22423539
vt 0.546875 0.625
vn -0.9761389 0.18550216 -0.112879485
v -0.74169797 0.33253402 -0.30722135
vt 0.5625 0.625
vn -0.9714345 0.16625044 0.16933975
v -0.75807583 0.3560469 -0.40520003
vt 0.578125 0.625
vn -0.9672414 0.16190352 0.19552855
v -0.76796883 0.3825794 -0.5131405
vt 0.59375 0.625
vn -0.98294365 0.17968272 0.039191667
v -0.7524354 0.40318856 -0.6175079
vt 0.609375 0.625
vn -0.93578416 0.21189867 -0.28179237
v -0.7014975 0.4109278 -0.70149773
vt 0.625 0.625
vn -0.6878902 0.23154761 -0.6878902
v -0.6175078 0.40318856 -0.7524354
vt 0.640625 0.625
vn -0.2817287 0.2118929 -0.9358046
v -0.5131401 0.3825793 -0.76796883
vt 0.65625 0.625
vn 0.039405562 0.17965406 -0.9829403
v -0.40519997 0.3560469 -0.75807583
vt 0.671875 0.625
vn 0.1955311 0.16190316 -0.96724087
v -0.30722108 0.33253402 -0.741698
vt 0.6875 0.625
vn 0.16930965 0.16625361 -0.9714391
v -0.22423513 0.31996614 -0.7392045
vt 0.703125 0.625
vn -0.112883106 0.18553582 -0.97613215
v -0.15193161 0.32257938 -0.7638116
vt 0.71875 0.625
vn -0.5021901 0.17955527 -0.8459108
v -0.080335505 0.33949298 -0.8156619
vt 0.734375 0.625
vn -0.6579756 0.16219446 -0.73536456
v 1.0508223e-08 0.3650058 -0.8812019
vt 0.75 0.625
vn -0.6266689 0.16556576 -0.76149464
v 0.092410415 0.39051878 -0.93825585
vt 0.765625 0.625
vn -0.4472238 0.18954115 -0.8741082
v 0.19189645 0.40743217 -0.9647282
vt 0.78125 0.625
vn -0.07840946 0.2219293 -0.97190505
v 0.28736395 0.41004544 -0.9473108
vt 0.796875 0.625
vn 0.41245142 0.22899264 -0.88172907
v 0.36722147 0.3974775 -0.88655066
vt 0.8125 0.625
vn 0.7586138 0.20060444 -0.61988944
v 0.4255914 0.37396473 -0.79622555
vt 0.828125 0.625
vn 0.90275735 0.17155783 -0.394458
v 0.46599874 0.3474321 -0.69741607
vt 0.84375 0.625
vn 0.94009334 0.16078345 -0.30062148
v 0.5005494 0.32682303 -0.6099211
vt 0.859375 0.625
vn 0.90151346 0.172433 -0.39691347
v 0.5447102 0.31908378 -0.54470986
vt 0.875 0.625
vn 0.6945306 0.1879025 -0.6944926
v 0.6099212 0.32682303 -0.50054926
vt 0.890625 0.625
vn 0.39689228 0.17241748 -0.90152574
v 0.69741607 0.3474321 -0.46599865
vt 0.90625 0.625
vn 0.30072573 0.16079737 -0.9400576
v 0.7962256 0.37396473 -0.42559126
vt 0.921875 0.625
vn 0.39452896 0.17155467 -0.90272695
v 0.88655096 0.3974776 -0.36722142
vt 0.9375 0.625
vn 0.6198873 0.20061207 -0.75861347
v 0.94731104 0.41004544 -0.28736332
vt 0.953125 0.625
vn 0.8817429 0.22899373 -0.41242135
v 0.9647282 0.40743217 -0.19189626
vt 0.96875 0.625
vn 0.9719029 0.22192796 0.07843987
v 0.9382555 0.3905186 -0.09240975
vt 0.984375 0.625
vn 0.8741204 0.18954284 0.44719908
v 0.8812019 0.3650058 1.5407424e-07
vt 1 0.625
vn 0.76157635 0.16558354 0.626565
v 0.91474307 0.27748427 0
vt 0 0.59375
vn 0.71048725 0.40013227 0.57887995
v 0.8516807 0.25960457 0.08388323
vt 0.015625 0.59375
vn 0.6343493 0.5046496 0.5856021
v 0.801034 0.24775144 0.15933555
vt 0.03125 0.59375
vn 0.65878266 0.63075024 0.41007274
v 0.77578187 0.24592006 0.23533086
vt 0.046875 0.59375
vn 0.748535 0.65862334 0.07688153
v 0.7758047 0.25472775 0.32134882
vt 0.0625 0.59375
vn 0.82097536 0.54787046 -0.16074003
v 0.78847784 0.27120575 0.4214502
vt 0.078125 0.59375
vn 0.88460517 0.4299015 -0.18071613
v 0.7943383 0.2898 0.5307599
vt 0.09375 0.59375
vn 0.9342355 0.35598993 -0.021800442
v 0.7752947 0.30424306 0.636268
vt 0.109375 0.59375
vn 0.90023637 0.32281083 0.2921776
v 0.7218392 0.3096668 0.7218392
vt 0.125 0.59375
vn 0.6709518 0.31567 0.6709518
v 0.63626796 0.30424306 0.7752948
vt 0.140625 0.59375
vn 0.29220098 0.3228138 0.9002277
v 0.5307598 0.2898 0.79433835
vt 0.15625 0.59375
vn -0.021819903 0.35595882 0.93424684
v 0.42145014 0.27120575 0.78847784
vt 0.171875 0.59375
vn -0.18070999 0.42990348 0.8846055
v 0.32134882 0.25472775 0.7758047
vt 0.1875 0.59375
vn -0.16076578 0.54786277 0.82097554
v 0.23533083 0.24592006 0.77578187
vt 0.203125 0.59375
vn 0.07690474 0.6586256 0.74853057
v 0.15933548 0.24775144 0.801034
vt 0.21875 0.59375
vn 0.41005766 0.6307495 0.65879256
v 0.083883226 0.25960457 0.8516807
vt 0.234375 0.59375
vn 0.5856121 0.50462824 0.6343569
v -3.9984688e-08 0.27748427 0.91474307
vt 0.25 0.59375
vn 0.578897 0.40012628 0.7104767
v -0.09543785 0.29536393 0.96899587
vt 0.265625 0.59375
vn 0.4108129 0.3409662 0.8455618
v -0.19757947 0.30721706 0.9932991
vt 0.28125 0.59375
vn 0.06015079 0.3184665 0.9460237
v -0.29574093 0.30904844 0.9749272
vt 0.296875 0.59375
vn -0.39374498 0.31631356 0.863082
v -0.37876523 0.30024073 0.91442
vt 0.3125 0.59375
vn -0.71745306 0.33010384 0.61342674
v -0.4409637 0.28376275 0.8249848
vt 0.328125 0.59375
vn -0.84507805 0.3755556 0.38052738
v -0.4856482 0.26516852 0.7268236
vt 0.34375 0.59375
vn -0.84570104 0.46487096 0.26207778
v -0.52434576 0.25072542 0.63891715
vt 0.359375 0.59375
vn -0.7452083 0.5915724 0.30774435
v -0.5718028 0.2453017 0.57180285
vt 0.375 0.59375
vn -0.5256992 0.66879046 0.5256992
v -0.63891715 0.25072542 0.52434576
vt 0.390625 0.59375
vn -0.30774435 0.5915724 0.7452083
v -0.72682387 0.26516855 0.48564813
vt 0.40625 0.59375
vn -0.26208755 0.4648614 0.84570324
v -0.8249851 0.2837628 0.4409636
vt 0.421875 0.59375
vn -0.38052073 0.3755851 0.8450679
v -0.91442025 0.30024076 0.37876508
vt 0.4375 0.59375
vn -0.6133642 0.3300189 0.71754575
v -0.9749272 0.30904844 0.29574093
vt 0.453125 0.59375
vn -0.86306363 0.31631175 0.39378682
v -0.9932991 0.30721706 0.19757946
vt 0.46875 0.59375
vn -0.9460225 0.31846374 -0.06018496
v -0.96899575 0.2953639 0.095437706
vt 0.484375 0.59375
vn -0.84555525 0.34096277 -0.41082942
v -0.91474307 0.27748427 -7.9969375e-08
vt 0.5 0.59375
vn -0.71049166 0.40013477 -0.57887274
v -0.8516806 0.25960454 -0.08388333
vt 0.515625 0.59375
vn -0.6343556 0.5046534 -0.58559185
v -0.80103385 0.24775143 -0.15933567
vt 0.53125 0.59375
vn -0.6587994 0.6307306 -0.41007578
v -0.77578187 0.24592008 -0.23533103
vt 0.546875 0.59375
vn -0.7485651 0.658595 -0.07683037
v -0.77580464 0.25472772 -0.32134882
vt 0.5625 0.59375
vn -0.8209802 0.54787606 0.16069625
v -0.78847784 0.27120575 -0.42145023
vt 0.578125 0.59375
vn -0.8845947 0.4299278 0.18070509
v -0.7943383 0.28980002 -0.53076
vt 0.59375 0.59375
vn -0.93425494 0.355941 0.021763518
v -0.7752947 0.30424306 -0.6362681
vt 0.609375 0.59375
vn -0.90024805 0.3228068 -0.292146
v -0.7218391 0.3096668 -0.7218393
vt 0.625 0.59375
vn -0.6709517 0.31566998 -0.6709517
v -0.636268 0.30424306 -0.7752947
vt 0.640625 0.59375
vn -0.29209906 0.3228008 -0.90026534
v -0.5307596 0.28979993 -0.7943383
vt 0.65625 0.59375
vn 0.021896234 0.35594168 -0.93425167
v -0.42145017 0.27120575 -0.78847784
vt 0.671875 0.59375
vn 0.18072549 0.4298985 -0.8846047
v -0.32134852 0.25472772 -0.77580464
vt 0.6875 0.59375
vn 0.16071545 0.5478281 -0.82100856
v -0.23533076 0.24592006 -0.77578187
vt 0.703125 0.59375
vn -0.07688768 0.65862393 -0.74853384
v -0.1593356 0.24775144 -0.801034
vt 0.71875 0.59375
vn -0.41004986 0.6307511 -0.65879595
v -0.08388306 0.25960463 -0.85168093
vt 0.734375 0.59375
vn -0.58559626 0.50465184 -0.6343529
v 1.0908197e-08 0.27748427 -0.91474307
vt 0.75 0.59375
vn -0.5789429 0.40011033 -0.7104483
v 0.095438056 0.29536396 -0.968996
vt 0.765625 0.59375
vn -0.41085306 0.34093484 -0.8455549
v 0.19757956 0.30721706 -0.9932991
vt 0.78125 0.59375
vn -0.060212288 0.3184616 -0.94602156
v 0.2957413 0.30904844 -0.97492707
vt 0.796875 0.59375
vn 0.39377564 0.31628945 -0.8630769
v 0.3787653 0.30024073 -0.91442
vt 0.8125 0.59375
vn 0.71746254 0.3301017 -0.61341697
v 0.44096357 0.28376275 -0.82498485
vt 0.828125 0.59375
vn 0.8450674 0.37557104 -0.3805358
v 0.48564816 0.26516846 -0.72682345
vt 0.84375 0.59375
vn 0.84570104 0.46487096 -0.26207778
v 0.5243458 0.25072542 -0.63891715
vt 0.859375 0.59375
vn 0.7452321 0.59156144 -0.30770785
v 0.57180303 0.2453017 -0.5718027
vt 0.875 0.59375
vn 0.5256855 0.66879046 -0.52571297
v 0.6389172 0.25072542 -0.52434564
vt 0.890625 0.59375
vn 0.30770814 0.59153986 -0.74524915
v 0.7268235 0.26516846 -0.48564807
vt 0.90625 0.59375
vn 0.26215622 0.46488675 -0.845668
v 0.8249849 0.28376275 -0.4409634
vt 0.921875 0.59375
vn 0.3806017 0.37557858 -0.84503436
v 0.9144202 0.30024076 -0.37876523
vt 0.9375 0.59375
vn 0.61343914 0.33003536 -0.71747404
v 0.9749273 0.30904844 -0.29574063
vt 0.953125 0.59375
vn 0.8630611 0.31634483 -0.39376584
v 0.9932991 0.30721706 -0.19757937
vt 0.96875 0.59375
vn 0.9460224 0.31846416 0.060184985
v 0.96899575 0.29536387 -0.09543739
vt 0.984375 0.59375
vn 0.84553 0.34089005 0.41094163
v 0.91474307 0.27748427 1.5993875e-07
vt 1 0.59375
vn 0.71052825 0.4001554 0.5788136
v 0.9712183 0.19318724 0
vt 0 0.5625
vn 0.73634887 0.5208607 0.43185014
v 0.92052835 0.18399034 0.09066413
vt 0.015625 0.5625
vn 0.6229178 0.66078275 0.41873583
v 0.8771465 0.17789337 0.17447528
vt 0.03125 0.5625
vn 0.57810175 0.7650482 0.28372443
v 0.85128933 0.17695135 0.2582358
vt 0.046875 0.5625
vn 0.6150706 0.7823411 0.09813521
v 0.84292114 0.18148182 0.34914938
vt 0.0625 0.5625
vn 0.71116245 0.7022167 -0.033759627
v 0.84221923 0.18995772 0.45017558
vt 0.078125 0.5625
vn 0.8219907 0.56825894 -0.037590235
v 0.83401895 0.19952215 0.5572737
vt 0.09375 0.5625
vn 0.89605474 0.43098742 0.10646972
v 0.8042517 0.20695132 0.6600324
vt 0.109375 0.5625
vn 0.8671736 0.32678083 0.375798
v 0.7456021 0.20974118 0.7456021
vt 0.125 0.5625
vn 0.6773934 0.28683886 0.6773934
v 0.66003233 0.20695132 0.80425173
vt 0.140625 0.5625
vn 0.3758547 0.3267864 0.86714697
v 0.5572735 0.19952212 0.8340189
vt 0.15625 0.5625
vn 0.10649859 0.43099326 0.8960484
v 0.45017552 0.18995771 0.84221923
vt 0.171875 0.5625
vn -0.03759491 0.5682581 0.8219911
v 0.34914938 0.18148182 0.84292114
vt 0.1875 0.5625
vn -0.03378831 0.70221 0.71116775
v 0.25823578 0.17695135 0.85128933
vt 0.203125 0.5625
vn 0.09815192 0.7823423 0.61506647
v 0.17447521 0.17789337 0.8771465
vt 0.21875 0.5625
vn 0.28371528 0.7650406 0.5781164
v 0.090664126 0.18399034 0.92052835
vt 0.234375 0.5625
vn 0.41874894 0.6607649 0.6229279
v -4.24533e-08 0.19318724 0.9712183
vt 0.25 0.5625
vn 0.43183377 0.52086526 0.73635525
v -0.09972803 0.20238413 1.0125548
vt 0.265625 0.5625
vn 0.29051673 0.3909267 0.8733707
v -0.20447525 0.20848106 1.0279666
vt 0.28125 0.5625
vn -0.004360232 0.30489966 0.95237446
v -0.3056238 0.2094231 1.0075066
vt 0.296875 0.5625
vn -0.36574107 0.29144707 0.88390726
v -0.39418897 0.20489262 0.9516562
vt 0.3125 0.5625
vn -0.635285 0.35586095 0.68540204
v -0.46548268 0.19641672 0.8708566
vt 0.328125 0.5625
vn -0.7401315 0.47469044 0.47631335
v -0.52188635 0.1868523 0.78105783
vt 0.34375 0.5625
vn -0.7074078 0.61543936 0.34757528
v -0.5722363 0.17942312 0.69727194
vt 0.359375 0.5625
vn -0.5854791 0.737695 0.33618495
v -0.6279078 0.17663327 0.6279079
vt 0.375 0.5625
vn -0.4351137 0.78825885 0.4351137
v -0.69727194 0.17942312 0.5722363
vt 0.390625 0.5625
vn -0.33617902 0.7377041 0.5854711
v -0.781058 0.18685232 0.5218862
vt 0.40625 0.5625
vn -0.34756795 0.61546326 0.70739067
v -0.87085694 0.19641677 0.4654826
vt 0.421875 0.5625
vn -0.47632933 0.47464222 0.74015206
v -0.95165646 0.20489265 0.39418882
vt 0.4375 0.5625
vn -0.68537146 0.35584384 0.6353275
v -1.0075066 0.2094231 0.3056238
vt 0.453125 0.5625
vn -0.88390976 0.29139075 0.36578
v -1.0279666 0.20848106 0.20447524
vt 0.46875 0.5625
vn -0.95237446 0.3048997 0.00436078
v -1.0125546 0.2023841 0.099727884
vt 0.484375 0.5625
vn -0.8733745 0.39093035 -0.29050022
v -0.9712183 0.19318724 -8.49066e-08
vt 0.5 0.5625
vn -0.73635453 0.5208647 -0.43183565
v -0.92052823 0.18399033 -0.09066424
vt 0.515625 0.5625
vn -0.6229136 0.6607814 -0.41874415
v -0.8771464 0.17789336 -0.17447542
vt 0.53125 0.5625
vn -0.5781162 0.7650388 -0.28372052
v -0.85128933 0.17695136 -0.258236
vt 0.546875 0.5625
vn -0.61508083 0.782332 -0.09814399
v -0.8429211 0.18148182 -0.34914935
vt 0.5625 0.5625
vn -0.711166 0.70221287 0.03376133
v -0.8422193 0.18995774 -0.45017564
vt 0.578125 0.5625
vn -0.82198715 0.5682655 0.037566204
v -0.8340189 0.19952215 -0.55727375
vt 0.59375 0.5625
vn -0.8960439 0.43098003 -0.10659005
v -0.8042518 0.20695134 -0.6600325
vt 0.609375 0.5625
vn -0.8671537 0.326785 -0.37584043
v -0.74560195 0.20974118 -0.74560225
vt 0.625 0.5625
vn -0.67741066 0.28682092 -0.67738354
v -0.6600324 0.20695132 -0.8042517
vt 0.640625 0.5625
vn -0.37578577 0.32677963 -0.86717933
v -0.5572733 0.19952212 -0.83401895
vt 0.65625 0.5625
vn -0.1064227 0.43098077 -0.89606345
v -0.45017558 0.18995774 -0.8422193
vt 0.671875 0.5625
vn 0.03761398 0.5682524 -0.8219942
v -0.34914902 0.18148181 -0.84292114
vt 0.6875 0.5625
vn 0.033760827 0.70221305 -0.71116596
v -0.2582357 0.17695135 -0.8512894
vt 0.703125 0.5625
vn -0.09818924 0.7823448 -0.6150572
v -0.17447534 0.17789337 -0.8771465
vt 0.71875 0.5625
vn -0.28370425 0.765042 -0.5781198
v -0.09066395 0.18399037 -0.92052853
vt 0.734375 0.5625
vn -0.41874328 0.66076946 -0.62292695
v 1.1581657e-08 0.19318724 -0.9712183
vt 0.75 0.5625
vn -0.4318756 0.5208536 -0.73633885
v 0.09972824 0.20238413 -1.0125548
vt 0.765625 0.5625
vn -0.29055035 0.3909211 -0.87336195
v 0.20447536 0.20848106 -1.0279666
vt 0.78125 0.5625
vn 0.0043607494 0.3048997 -0.95237446
v 0.30562413 0.2094231 -1.0075065
vt 0.796875 0.5625
vn 0.36578906 0.29139525 -0.8839045
v 0.39418906 0.20489262 -0.9516562
vt 0.8125 0.5625
vn 0.6352574 0.3558654 -0.6854254
v 0.46548256 0.19641672 -0.87085664
vt 0.828125 0.5625
vn 0.7401272 0.474692 -0.47631848
v 0.5218863 0.18685228 -0.78105766
vt 0.84375 0.5625
vn 0.7073933 0.615462 -0.34756458
v 0.57223636 0.17942312 -0.6972719
vt 0.859375 0.5625
vn 0.5855022 0.73768854 -0.3361588
v 0.62790805 0.17663327 -0.62790763
vt 0.875 0.5625
vn 0.43512583 0.78824556 -0.43512583
v 0.697272 0.17942312 -0.5722362
vt 0.890625 0.5625
vn 0.33615875 0.73769903 -0.585489
v 0.7810577 0.18685228 -0.52188617
vt 0.90625 0.5625
vn 0.34764785 0.61548257 -0.70733464
v 0.87085676 0.19641672 -0.46548238
vt 0.921875 0.5625
vn 0.4763568 0.47465047 -0.7401291
v 0.9516564 0.20489265 -0.39418897
vt 0.9375 0.5625
vn 0.68542886 0.3558548 -0.63525957
v 1.0075067 0.2094231 -0.30562347
vt 0.953125 0.5625
vn 0.88390714 0.29145202 -0.36573744
v 1.0279666 0.20848106 -0.20447515
vt 0.96875 0.5625
vn 0.9523745 0.30489972 -0.0043607494
v 1.0125546 0.20238407 -0.09972755
vt 0.984375 0.5625
vn 0.8733098 0.3910076 0.29059073
v 0.9712183 0.19318724 1.698132e-07
vt 1 0.5625
vn 0.73637986 0.52088267 0.43177077
v 1.0267516 0.10112621 0
vt 0 0.53125
vn 0.8836012 0.39811724 0.24647847
v 0.9965398 0.0986255 0.0981506
vt 0.015625 0.53125
vn 0.76910406 0.579291 0.2700017
v 0.9656121 0.09696769 0.19207218
vt 0.03125 0.53125
vn 0.69740313 0.6804092 0.22510467
v 0.9396474 0.096711546 0.28503892
vt 0.046875 0.53125
vn 0.69959646 0.6946508 0.16740668
v 0.9187393 0.09794342 0.38055432
vt 0.0625 0.53125
vn 0.7690436 0.62277335 0.14396238
v 0.8976511 0.100248076 0.47980452
vt 0.078125 0.53125
vn 0.8638173 0.46555924 0.19254695
v 0.8682543 0.102848716 0.580149
vt 0.09375 0.53125
vn 0.90975434 0.25592905 0.32687494
v 0.8230633 0.10486877 0.67547065
vt 0.109375 0.53125
vn 0.85306937 0.07773668 0.51597434
v 0.75833845 0.10562735 0.75833845
vt 0.125 0.53125
vn 0.7070738 0.0096609285 0.7070738
v 0.6754706 0.10486877 0.8230634
vt 0.140625 0.53125
vn 0.51603967 0.07773755 0.8530298
v 0.58014894 0.102848716 0.86825436
vt 0.15625 0.53125
vn 0.32686362 0.2558946 0.90976816
v 0.47980446 0.100248076 0.89765114
vt 0.171875 0.53125
vn 0.19256027 0.46555847 0.86381465
v 0.38055432 0.09794342 0.9187393
vt 0.1875 0.53125
vn 0.14397605 0.6227748 0.7690399
v 0.2850389 0.096711546 0.9396474
vt 0.203125 0.53125
vn 0.1674198 0.6946512 0.6995929
v 0.19207211 0.09696769 0.9656121
vt 0.21875 0.53125
vn 0.2250965 0.6804097 0.69740534
v 0.098150596 0.0986255 0.9965398
vt 0.234375 0.53125
vn 0.26999032 0.5792923 0.76910704
v -4.488074e-08 0.10112621 1.0267516
vt 0.25 0.53125
vn 0.24651854 0.39811304 0.8835919
v -0.103128016 0.103626914 1.0470754
vt 0.265625 0.53125
vn 0.11678035 0.18825552 0.9751523
v -0.20854641 0.10528471 1.0484337
vt 0.28125 0.53125
vn -0.097914815 0.040470377 0.99437153
v -0.31106165 0.105540864 1.0254328
vt 0.296875 0.53125
vn -0.33767444 0.017449493 0.94110125
v -0.4052875 0.104309 0.9784504
vt 0.3125 0.53125
vn -0.5402304 0.12785482 0.8317478
v -0.48821035 0.102004334 0.91337705
vt 0.328125 0.53125
vn -0.6465408 0.32708064 0.68920475
v -0.56071645 0.099403694 0.8391711
vt 0.34375 0.53125
vn -0.63859946 0.52657634 0.56116676
v -0.6272581 0.09738364 0.76431626
vt 0.359375 0.53125
vn -0.5683022 0.6564735 0.49605963
v -0.6937075 0.09662506 0.6937076
vt 0.375 0.53125
vn -0.50538844 0.6994034 0.50538844
v -0.76431626 0.09738364 0.6272581
vt 0.390625 0.53125
vn -0.49605963 0.65647346 0.5683022
v -0.8391713 0.099403694 0.5607163
vt 0.40625 0.53125
vn -0.5611578 0.526531 0.63864475
v -0.9133772 0.10200435 0.48821017
vt 0.421875 0.53125
vn -0.68917376 0.32709548 0.64656645
v -0.97845054 0.104309 0.40528727
vt 0.4375 0.53125
vn -0.8317015 0.1277909 0.5403167
v -1.0254328 0.105540864 0.31106165
vt 0.453125 0.53125
vn -0.94109005 0.017449465 0.33770528
v -1.0484337 0.10528471 0.2085464
vt 0.46875 0.53125
vn -0.9943704 0.040470418 0.0979263
v -1.0470754 0.103626914 0.103127874
vt 0.484375 0.53125
vn -0.97515094 0.18825498 -0.1167931
v -1.0267516 0.10112621 -8.976148e-08
vt 0.5 0.53125
vn -0.88359725 0.3981155 -0.24649526
v -0.99653965 0.09862549 -0.098150715
vt 0.515625 0.53125
vn -0.769088 0.57932866 -0.26996648
v -0.96561205 0.09696769 -0.19207235
vt 0.53125 0.53125
vn -0.6973988 0.6804082 -0.22512105
v -0.9396473 0.096711546 -0.2850391
vt 0.546875 0.53125
vn -0.69959384 0.6946512 -0.1674165
v -0.9187393 0.09794342 -0.38055432
vt 0.5625 0.53125
vn -0.7690411 0.6227618 -0.1440259
v -0.8976511 0.100248076 -0.47980455
vt 0.578125 0.53125
vn -0.86381507 0.46556017 -0.19255479
v -0.86825424 0.102848716 -0.58014905
vt 0.59375 0.53125
vn -0.90974617 0.25587314 -0.32694164
v -0.8230633 0.10486877 -0.6754707
vt 0.609375 0.53125
vn -0.8530544 0.07773701 -0.5159991
v -0.75833833 0.10562735 -0.7583386
vt 0.625 0.53125
vn -0.70707387 0.009641453 -0.70707387
v -0.67547065 0.10486877 -0.8230633
vt 0.640625 0.53125
vn -0.51595837 0.07773648 -0.85307914
v -0.5801487 0.10284871 -0.8682543
vt 0.65625 0.53125
vn -0.32682496 0.25589207 -0.9097828
v -0.4798045 0.100248076 -0.8976511
vt 0.671875 0.53125
vn -0.19253132 0.46555737 -0.8638218
v -0.380554 0.09794342 -0.91873944
vt 0.6875 0.53125
vn -0.14400186 0.6227592 -0.7690477
v -0.2850388 0.096711546 -0.93964744
vt 0.703125 0.53125
vn -0.16744195 0.69465196 -0.6995869
v -0.19207224 0.09696769 -0.9656121
vt 0.71875 0.53125
vn -0.22510076 0.6804095 -0.6974042
v -0.098150395 0.09862551 -0.99653995
vt 0.734375 0.53125
vn -0.26997274 0.57929367 -0.76911217
v 1.2243885e-08 0.10112621 -1.0267516
vt 0.75 0.53125
vn -0.24654612 0.39811015 -0.88358545
v 0.10312823 0.103626914 -1.0470754
vt 0.765625 0.53125
vn -0.11679353 0.18830921 -0.97514045
v 0.20854652 0.10528471 -1.0484337
vt 0.78125 0.53125
vn 0.09787138 0.040470876 -0.99437577
v 0.311062 0.105540864 -1.0254327
vt 0.796875 0.53125
vn 0.33766052 0.017454164 -0.94110614
v 0.4052876 0.104309 -0.9784504
vt 0.8125 0.53125
vn 0.5402675 0.12785378 -0.8317238
v 0.48821023 0.102004334 -0.9133771
vt 0.828125 0.53125
vn 0.6465341 0.32708138 -0.6892107
v 0.56071645 0.09940368 -0.839171
vt 0.84375 0.53125
vn 0.63859946 0.52657634 -0.56116676
v 0.6272582 0.09738364 -0.7643162
vt 0.859375 0.53125
vn 0.56831443 0.656472 -0.49604753
v 0.6937078 0.09662506 -0.6937074
vt 0.875 0.53125
vn 0.50538844 0.6994034 -0.50538844
v 0.7643163 0.09738364 -0.627258
vt 0.890625 0.53125
vn 0.49603713 0.65647084 -0.568325
v 0.83917105 0.09940368 -0.56071633
vt 0.90625 0.53125
vn 0.5611795 0.52657855 -0.6385864
v 0.9133772 0.102004334 -0.48821002
vt 0.921875 0.53125
vn 0.689198 0.3270798 -0.6465484
v 0.9784505 0.104309 -0.40528744
vt 0.9375 0.53125
vn 0.83173186 0.12778467 -0.54027134
v 1.025433 0.105540864 -0.31106135
vt 0.953125 0.53125
vn 0.941088 0.017392764 -0.3377142
v 1.0484337 0.10528471 -0.20854631
vt 0.96875 0.53125
vn 0.994376 0.040470876 -0.09787043
v 1.0470754 0.1036269 -0.10312753
vt 0.984375 0.53125
vn 0.97514063 0.18830872 0.11679313
v 1.0267516 0.10112621 1.7952296e-07
vt 1 0.53125
vn 0.88360906 0.39812082 0.24644436
v 1.05 -4.5896957e-08 0
vt 0 0.5
vn 1 0 -0
v 1.0449439 -4.5896957e-08 0.10291799
vt 0.015625 0.5
vn 0.96456945 0.24612415 0.095019214
v 1.0298245 -4.5896957e-08 0.20484483
vt 0.03125 0.5
vn 0.90352345 0.3890489 0.17968364
v 1.0047873 -4.5896957e-08 0.3047989
vt 0.046875 0.5
vn 0.8731767 0.4091387 0.26489252
v 0.9700735 -4.5896957e-08 0.40181762
vt 0.0625 0.5
vn 0.8791087 0.30754462 0.36412114
v 0.9260172 -4.5896957e-08 0.49496657
vt 0.078125 0.5
vn 0.8784479 0.08882183 0.4695102
v 0.87304306 -4.5896957e-08 0.58334875
vt 0.09375 0.5
vn 0.8190251 -0.1723317 0.5472656
v 0.81166095 -4.5896957e-08 0.66611296
vt 0.109375 0.5
vn 0.7225848 -0.3552771 0.5930003
v 0.7424621 -4.5896957e-08 0.7424621
vt 0.125 0.5
vn 0.6430884 -0.41578212 0.6430884
v 0.6661129 -4.5896957e-08 0.811661
vt 0.140625 0.5
vn 0.59301615 -0.3552771 0.72257185
v 0.5833487 -4.5896957e-08 0.8730431
vt 0.15625 0.5
vn 0.5472463 -0.1723317 0.81903803
v 0.4949665 -4.5896957e-08 0.9260173
vt 0.171875 0.5
vn 0.4695307 0.088821836 0.8784371
v 0.40181762 -4.5896957e-08 0.9700735
vt 0.1875 0.5
vn 0.3641251 0.30754462 0.87910706
v 0.30479887 -4.5896957e-08 1.0047873
vt 0.203125 0.5
vn 0.26488212 0.4091356 0.8731812
v 0.20484474 -4.5896957e-08 1.0298245
vt 0.21875 0.5
vn 0.17967615 0.38904893 0.903525
v 0.102917984 -4.5896957e-08 1.0449439
vt 0.234375 0.5
vn 0.09501519 0.24612413 0.96456987
v -4.5896957e-08 -4.5896957e-08 1.05
vt 0.25 0.5
vn 0 0 1
v -0.10291808 -4.5896957e-08 1.0449439
vt 0.265625 0.5
vn -0.095015526 -0.24612382 0.9645699
v -0.20484483 -4.5896957e-08 1.0298245
vt 0.28125 0.5
vn -0.17972521 -0.38904893 0.9035153
v -0.3047989 -4.5896957e-08 1.0047873
vt 0.296875 0.5
vn -0.2648879 -0.40909117 0.8732003
v -0.40181765 -4.5896957e-08 0.97007346
vt 0.3125 0.5
vn -0.3641203 -0.30754462 0.879109
v -0.49496666 -4.5896957e-08 0.92601717
vt 0.328125 0.5
vn -0.4695117 -0.08882183 0.8784472
v -0.5833489 -4.5896957e-08 0.8730429
vt 0.34375 0.5
vn -0.5472721 0.1723317 0.8190208
v -0.6661129 -4.5896957e-08 0.811661
vt 0.359375 0.5
vn -0.59299743 0.35527706 0.72258717
v -0.74246204 -4.5896957e-08 0.7424621
vt 0.375 0.5
vn -0.6430981 0.41575187 0.6430981
v -0.811661 -4.5896957e-08 0.6661129
vt 0.390625 0.5
vn -0.72258717 0.3552771 0.59299743
v -0.8730431 -4.5896957e-08 0.5833487
vt 0.40625 0.5
vn -0.8190208 0.1723317 0.5472721
v -0.9260173 -4.5896957e-08 0.49496645
vt 0.421875 0.5
vn -0.87843543 -0.08882183 0.4695337
v -0.9700736 -4.5896957e-08 0.4018174
vt 0.4375 0.5
vn -0.8791008 -0.30754462 0.36414024
v -1.0047873 -4.5896957e-08 0.3047989
vt 0.453125 0.5
vn -0.8731927 -0.4090912 0.2649131
v -1.0298245 -4.5896957e-08 0.20484482
vt 0.46875 0.5
vn -0.9035207 -0.3890489 0.1796974
v -1.0449439 -4.5896957e-08 0.10291794
vt 0.484375 0.5
vn -0.9645742 -0.24612379 0.094972104
v -1.05 -4.5896957e-08 -9.1793915e-08
vt 0.5 0.5
vn -1 -0 -0
v -1.0449439 -4.5896957e-08 -0.102918126
vt 0.515625 0.5
vn -0.96456885 0.24612379 -0.09502659
v -1.0298245 -4.5896957e-08 -0.204845
vt 0.53125 0.5
vn -0.903511 0.3890489 -0.17974645
v -1.0047872 -4.5896957e-08 -0.3047991
vt 0.546875 0.5
vn -0.87318665 0.40913868 -0.26485947
v -0.9700735 -4.5896957e-08 -0.40181762
vt 0.5625 0.5
vn -0.8791008 0.30754462 -0.36414024
v -0.9260172 -4.5896957e-08 -0.4949666
vt 0.578125 0.5
vn -0.87843853 0.08882181 -0.46952778
v -0.873043 -4.5896957e-08 -0.5833488
vt 0.59375 0.5
vn -0.8190294 -0.17233169 -0.54725915
v -0.81166095 -4.5896957e-08 -0.666113
vt 0.609375 0.5
vn -0.7225765 -0.3552771 -0.5930105
v -0.7424619 -4.5896957e-08 -0.7424622
vt 0.625 0.5
vn -0.64308834 -0.41578206 -0.64308834
v -0.66611296 -4.5896957e-08 -0.81166095
vt 0.640625 0.5
vn -0.59299743 -0.35527706 -0.72258717
v -0.58334845 -4.5896957e-08 -0.8730432
vt 0.65625 0.5
vn -0.5472413 -0.17231664 -0.81904453
v -0.49496654 -4.5896957e-08 -0.9260172
vt 0.671875 0.5
vn -0.46950582 0.08882182 -0.87845033
v -0.40181726 -4.5896957e-08 -0.97007364
vt 0.6875 0.5
vn -0.36414024 0.30754462 -0.8791008
v -0.30479878 -4.5896957e-08 -1.0047874
vt 0.703125 0.5
vn -0.26486707 0.40913555 -0.8731858
v -0.20484489 -4.5896957e-08 -1.0298245
vt 0.71875 0.5
vn -0.1796974 0.3890489 -0.9035207
v -0.10291777 -4.5896957e-08 -1.0449439
vt 0.734375 0.5
vn -0.09497016 0.24617524 -0.9645613
v 1.2521118e-08 -4.5896957e-08 -1.05
vt 0.75 0.5
vn 0 0 -1
v 0.1029183 -4.5896957e-08 -1.0449439
vt 0.765625 0.5
vn 0.09502658 -0.24612412 -0.96456873
v 0.20484492 -4.5896957e-08 -1.0298245
vt 0.78125 0.5
vn 0.17969625 -0.38904783 -0.9035215
v 0.30479926 -4.5896957e-08 -1.0047872
vt 0.796875 0.5
vn 0.2648214 -0.40909433 -0.873219
v 0.40181774 -4.5896957e-08 -0.97007346
vt 0.8125 0.5
vn 0.36414504 -0.30754465 -0.87909883
v 0.49496654 -4.5896957e-08 -0.9260172
vt 0.828125 0.5
vn 0.46950582 -0.08882182 -0.87845033
v 0.58334893 -4.5896957e-08 -0.8730429
vt 0.84375 0.5
vn 0.5472721 0.1723317 -0.8190208
v 0.66611296 -4.5896957e-08 -0.81166095
vt 0.859375 0.5
vn 0.59299743 0.35527706 -0.72258717
v 0.74246234 -4.5896957e-08 -0.7424618
vt 0.875 0.5
vn 0.64308524 0.41575187 -0.643111
v 0.81166106 -4.5896957e-08 -0.6661128
vt 0.890625 0.5
vn 0.7225741 0.3552771 -0.59301335
v 0.873043 -4.5896957e-08 -0.5833488
vt 0.90625 0.5
vn 0.8190294 0.17233169 -0.54725915
v 0.9260174 -4.5896957e-08 -0.49496633
vt 0.921875 0.5
vn 0.87842995 -0.08882183 -0.46954393
v 0.9700735 -4.5896957e-08 -0.4018176
vt 0.9375 0.5
vn 0.8791008 -0.30754462 -0.36414024
v 1.0047874 -4.5896957e-08 -0.3047986
vt 0.953125 0.5
vn 0.8732046 -0.4090943 -0.26486883
v 1.0298245 -4.5896957e-08 -0.20484473
vt 0.96875 0.5
vn 0.903521 -0.3890489 -0.17969616
v 1.0449439 -4.5896957e-08 -0.10291761
vt 0.984375 0.5
vn 0.9645613 -0.24617524 -0.09497016
v 1.05 -4.5896957e-08 1.8358783e-07
vt 1 0.5
vn 1 0 -0
v 1.0267516 -0.1011263 0
vt 0 0.46875
vn 0.8836017 -0.398116 -0.24647859
v 1.0470754 -0.103627004 0.10312793
vt 0.015625 0.46875
vn 0.9751519 -0.18825532 -0.11678493
v 1.0484338 -0.105284825 0.20854644
vt 0.03125 0.46875
vn 0.9943711 -0.04047039 0.0979194
v 1.0254328 -0.10554096 0.31106165
vt 0.046875 0.46875
vn 0.9410975 -0.01739279 0.33768773
v 0.9784505 -0.10430909 0.40528747
vt 0.0625 0.46875
vn 0.83171856 -0.1277841 0.54029197
v 0.9133771 -0.10200443 0.48821026
vt 0.078125 0.46875
vn 0.689163 -0.32713157 0.6465595
v 0.83917123 -0.09940378 0.56071633
vt 0.09375 0.46875
vn 0.5611544 -0.52657425 0.638612
v 0.76431614 -0.09738372 0.6272581
vt 0.109375 0.46875
vn 0.4960263 -0.6564922 0.5683097
v 0.6937076 -0.09662514 0.6937076
vt 0.125 0.46875
vn 0.5053884 -0.6994034 0.5053884
v 0.62725806 -0.09738372 0.7643162
vt 0.140625 0.46875
vn 0.56829596 -0.6564937 0.49603993
v 0.5607163 -0.09940378 0.8391713
vt 0.15625 0.46875
vn 0.6386006 -0.52657616 0.5611657
v 0.4882102 -0.10200443 0.91337717
vt 0.171875 0.46875
vn 0.6465469 -0.32713297 0.68917423
v 0.40528747 -0.10430909 0.9784505
vt 0.1875 0.46875
vn 0.5402861 -0.12778425 0.8317224
v 0.31106162 -0.10554096 1.0254328
vt 0.203125 0.46875
vn 0.33772367 -0.017392755 0.94108456
v 0.20854634 -0.105284825 1.0484338
vt 0.21875 0.46875
vn 0.09791467 -0.04047105 0.99437153
v 0.10312792 -0.103627004 1.0470754
vt 0.234375 0.46875
vn -0.116779305 -0.18825555 0.9751525
v -4.488074e-08 -0.1011263 1.0267516
vt 0.25 0.46875
vn -0.24651864 -0.3981118 0.8835924
v -0.098150685 -0.09862559 0.9965398
vt 0.265625 0.46875
vn -0.26993617 -0.5793323 0.7690959
v -0.19207217 -0.09696777 0.965612
vt 0.28125 0.46875
vn -0.22510874 -0.6804235 0.69738793
v -0.28503892 -0.09671163 0.9396473
vt 0.296875 0.46875
vn -0.16739586 -0.69466543 0.6995846
v -0.38055432 -0.0979435 0.9187392
vt 0.3125 0.46875
vn -0.14397605 -0.6227748 0.7690399
v -0.4798046 -0.100248165 0.897651
vt 0.328125 0.46875
vn -0.19258924 -0.46556425 0.86380506
v -0.5801491 -0.10284881 0.8682542
vt 0.34375 0.46875
vn -0.32690865 -0.25587183 0.9097584
v -0.6754706 -0.10486887 0.8230634
vt 0.359375 0.46875
vn -0.51598907 -0.07777519 0.8530571
v -0.7583384 -0.10562745 0.75833845
vt 0.375 0.46875
vn -0.70707357 -0.009699947 0.70707357
v -0.8230634 -0.10486887 0.6754706
vt 0.390625 0.46875
vn -0.8530446 -0.077775456 0.5160095
v -0.86825436 -0.10284881 0.58014894
vt 0.40625 0.46875
vn -0.9097494 -0.25589788 0.32691342
v -0.897651 -0.10024816 0.47980434
vt 0.421875 0.46875
vn -0.8638198 -0.46555927 0.19253531
v -0.9187393 -0.09794349 0.38055408
vt 0.4375 0.46875
vn -0.76902264 -0.62279207 0.143994
v -0.9396473 -0.09671163 0.28503892
vt 0.453125 0.46875
vn -0.69958764 -0.6946519 0.1674395
v -0.96561205 -0.09696777 0.19207217
vt 0.46875 0.46875
vn -0.6973872 -0.6804221 0.22511493
v -0.9965398 -0.09862559 0.09815055
vt 0.484375 0.46875
vn -0.7691171 -0.5792969 0.26995197
v -1.0267516 -0.1011263 -8.976148e-08
vt 0.5 0.46875
vn -0.88359785 -0.39811426 0.24649535
v -1.0470754 -0.103627004 -0.10312806
vt 0.515625 0.46875
vn -0.975157 -0.18825695 0.11673949
v -1.0484337 -0.105284825 -0.20854661
vt 0.53125 0.46875
vn -0.9943758 -0.040470205 -0.09787193
v -1.0254328 -0.10554096 -0.31106186
vt 0.546875 0.46875
vn -0.9410886 -0.017444683 -0.33770972
v -0.9784505 -0.10430909 -0.40528747
vt 0.5625 0.46875
vn -0.83172464 -0.12784629 -0.54026794
v -0.9133771 -0.10200443 -0.4882103
vt 0.578125 0.46875
vn -0.68916 -0.32707503 -0.6465914
v -0.83917105 -0.09940377 -0.56071633
vt 0.59375 0.46875
vn -0.5611795 -0.52657855 -0.6385864
v -0.76431614 -0.09738372 -0.6272582
vt 0.609375 0.46875
vn -0.49604887 -0.6564948 -0.568287
v -0.69370747 -0.09662514 -0.6937077
vt 0.625 0.46875
vn -0.5053993 -0.69940346 -0.5053776
v -0.6272581 -0.09738372 -0.76431614
vt 0.640625 0.46875
vn -0.5683112 -0.65649194 -0.49602482
v -0.5607161 -0.09940378 -0.83917135
vt 0.65625 0.46875
vn -0.63862085 -0.5265335 -0.56118244
v -0.48821023 -0.10200443 -0.9133771
vt 0.671875 0.46875
vn -0.64657706 -0.3270766 -0.6891727
v -0.40528712 -0.10430909 -0.9784506
vt 0.6875 0.46875
vn -0.54026836 -0.12784627 -0.8317244
v -0.31106153 -0.10554096 -1.025433
vt 0.703125 0.46875
vn -0.33765608 -0.017440077 -0.941108
v -0.2085465 -0.105284825 -1.0484338
vt 0.71875 0.46875
vn -0.09787124 -0.040470876 -0.99437577
v -0.10312769 -0.103627 -1.0470754
vt 0.734375 0.46875
vn 0.11673894 -0.18836492 -0.9751362
v 1.2243885e-08 -0.1011263 -1.0267516
vt 0.75 0.46875
vn 0.2464954 -0.39811426 -0.88359785
v 0.09815088 -0.09862558 -0.99653965
vt 0.765625 0.46875
vn 0.2700219 -0.5792878 -0.7690993
v 0.19207226 -0.09696777 -0.965612
vt 0.78125 0.46875
vn 0.22509435 -0.68042433 -0.6973917
v 0.28503922 -0.09671163 -0.9396472
vt 0.796875 0.46875
vn 0.16742148 -0.6946513 -0.6995925
v 0.3805544 -0.0979435 -0.9187392
vt 0.8125 0.46875
vn 0.14402272 -0.6227798 -0.7690272
v 0.4798045 -0.100248165 -0.8976511
vt 0.828125 0.46875
vn 0.19253291 -0.46555755 -0.8638213
v 0.58014923 -0.10284883 -0.8682543
vt 0.84375 0.46875
vn 0.326902 -0.25593084 -0.9097442
v 0.67547065 -0.10486887 -0.8230633
vt 0.859375 0.46875
vn 0.5160093 -0.07777545 -0.85304475
v 0.7583387 -0.10562745 -0.7583382
vt 0.875 0.46875
vn 0.7070874 -0.009699946 -0.7070596
v 0.82306343 -0.10486887 -0.6754705
vt 0.890625 0.46875
vn 0.8530646 -0.07777503 -0.5159766
v 0.86825436 -0.10284883 -0.5801491
vt 0.90625 0.46875
vn 0.9097318 -0.25593305 -0.32693487
v 0.8976512 -0.100248165 -0.4798043
vt 0.921875 0.46875
vn 0.86380583 -0.46556398 -0.19258663
v 0.91873926 -0.09794349 -0.38055423
vt 0.9375 0.46875
vn 0.7690155 -0.6227948 -0.14402007
v 0.9396474 -0.09671163 -0.2850386
vt 0.953125 0.46875
vn 0.699578 -0.6946662 -0.16742045
v 0.96561205 -0.09696777 -0.19207208
vt 0.96875 0.46875
vn 0.69738084 -0.6804207 -0.22513936
v 0.99653995 -0.0986256 -0.098150246
vt 0.984375 0.46875
vn 0.7690749 -0.57932466 -0.27001235
v 1.0267516 -0.1011263 1.7952296e-07
vt 1 0.46875
vn 0.88360924 -0.3981194 -0.24644579
v 0.9712182 -0.19318731 0
vt 0 0.4375
vn 0.7363494 -0.5208567 -0.431854
v 1.0125546 -0.20238419 0.099727936
vt 0.015625 0.4375
vn 0.8733481 -0.39097038 -0.2905258
v 1.0279667 -0.20848118 0.20447528
vt 0.03125 0.4375
vn 0.95234114 -0.30500427 0.004356148
v 1.0075066 -0.20942318 0.3056238
vt 0.046875 0.4375
vn 0.88387936 -0.29144505 0.36581022
v 0.9516563 -0.20489271 0.39418894
vt 0.0625 0.4375
vn 0.68541986 -0.3558921 0.6352483
v 0.87085676 -0.19641683 0.46548265
vt 0.078125 0.4375
vn 0.4763048 -0.4746581 0.7401577
v 0.7810579 -0.18685238 0.5218862
vt 0.09375 0.4375
vn 0.34759295 -0.61546814 0.70737404
v 0.6972719 -0.1794232 0.57223636
vt 0.109375 0.4375
vn 0.33618054 -0.73770446 0.5854697
v 0.6279078 -0.17663334 0.6279078
vt 0.125 0.4375
vn 0.43511647 -0.7882559 0.43511647
v 0.5722363 -0.1794232 0.69727194
vt 0.140625 0.4375
vn 0.58547676 -0.7377025 0.3361726
v 0.52188617 -0.1868524 0.78105795
vt 0.15625 0.4375
vn 0.7073845 -0.61544484 0.34761286
v 0.4654826 -0.19641683 0.8708568
vt 0.171875 0.4375
vn 0.7401077 -0.4746761 0.47636458
v 0.39418894 -0.20489271 0.9516563
vt 0.1875 0.4375
vn 0.63532495 -0.35587972 0.6853551
v 0.30562374 -0.20942318 1.0075066
vt 0.203125 0.4375
vn 0.3657954 -0.29145032 0.8838837
v 0.20447516 -0.20848116 1.0279666
vt 0.21875 0.4375
vn 0.004355998 -0.30500418 0.9523411
v 0.09972793 -0.20238419 1.0125546
vt 0.234375 0.4375
vn -0.29051447 -0.39097226 0.87335104
v -4.2453298e-08 -0.19318731 0.9712182
vt 0.25 0.4375
vn -0.43183762 -0.5208612 0.7363558
v -0.0906642 -0.18399042 0.92052823
vt 0.265625 0.4375
vn -0.41874245 -0.6607788 0.6229174
v -0.17447527 -0.17789344 0.8771464
vt 0.28125 0.4375
vn -0.28371066 -0.76503825 0.57812166
v -0.25823578 -0.17695142 0.8512893
vt 0.296875 0.4375
vn -0.098139964 -0.7823286 0.6150857
v -0.34914938 -0.1814819 0.842921
vt 0.3125 0.4375
vn 0.03376232 -0.70221573 0.7111633
v -0.45017567 -0.18995781 0.8422192
vt 0.328125 0.4375
vn 0.03759469 -0.56827694 0.8219781
v -0.5572738 -0.19952224 0.8340188
vt 0.34375 0.4375
vn -0.10653623 -0.430998 0.89604163
v -0.6600324 -0.20695144 0.80425185
vt 0.359375 0.4375
vn -0.3757969 -0.3268979 0.86713
v -0.745602 -0.20974126 0.7456021
vt 0.375 0.4375
vn -0.67739415 -0.28683507 0.67739415
v -0.80425185 -0.20695144 0.6600324
vt 0.390625 0.4375
vn -0.86714756 -0.32683825 0.37580827
v -0.834019 -0.19952224 0.5572736
vt 0.40625 0.4375
vn -0.8960251 -0.43104234 0.10649657
v -0.8422192 -0.18995777 0.4501754
vt 0.421875 0.4375
vn -0.8219927 -0.568256 -0.037592027
v -0.842921 -0.18148188 0.34914914
vt 0.4375 0.4375
vn -0.71116793 -0.7022099 -0.033787582
v -0.8512893 -0.17695142 0.25823578
vt 0.453125 0.4375
vn -0.6150712 -0.7823389 0.09814865
v -0.8771464 -0.17789344 0.17447527
vt 0.46875 0.4375
vn -0.57810247 -0.76505023 0.28371763
v -0.9205283 -0.18399042 0.09066408
vt 0.484375 0.4375
vn -0.62294 -0.66079545 0.41868255
v -0.9712182 -0.19318731 -8.4906596e-08
vt 0.5 0.4375
vn -0.73636353 -0.5208667 0.4318178
v -1.0125548 -0.20238422 -0.09972808
vt 0.515625 0.4375
vn -0.87335646 -0.39097372 0.29049617
v -1.0279666 -0.20848118 -0.20447546
vt 0.53125 0.4375
vn -0.95233977 -0.30500734 -0.0044118385
v -1.0075065 -0.20942318 -0.30562398
vt 0.546875 0.4375
vn -0.88389236 -0.29145098 -0.3657741
v -0.9516564 -0.20489274 -0.394189
vt 0.5625 0.4375
vn -0.6853796 -0.35594237 -0.63526356
v -0.87085664 -0.19641681 -0.46548262
vt 0.578125 0.4375
vn -0.47632155 -0.47466317 -0.7401438
v -0.78105783 -0.18685238 -0.5218863
vt 0.59375 0.4375
vn -0.34763494 -0.6154526 -0.70736706
v -0.6972719 -0.1794232 -0.57223636
vt 0.609375 0.4375
vn -0.33617902 -0.7377041 -0.5854711
v -0.6279077 -0.17663334 -0.62790793
vt 0.625 0.4375
vn -0.4351122 -0.78824925 -0.43513283
v -0.57223636 -0.1794232 -0.6972719
vt 0.640625 0.4375
vn -0.5854858 -0.7377 -0.33616236
v -0.52188605 -0.1868524 -0.7810581
vt 0.65625 0.4375
vn -0.70741177 -0.61544293 -0.3475607
v -0.46548256 -0.19641681 -0.87085664
vt 0.671875 0.4375
vn -0.7401356 -0.47466606 -0.47633117
v -0.39418864 -0.20489274 -0.9516565
vt 0.6875 0.4375
vn -0.6352701 -0.3559413 -0.6853741
v -0.30562365 -0.20942318 -1.0075066
vt 0.703125 0.4375
vn -0.3657241 -0.29145244 -0.8839125
v -0.20447533 -0.20848116 -1.0279666
vt 0.71875 0.4375
vn -0.004411807 -0.30500734 -0.95233977
v -0.099727705 -0.20238417 -1.0125546
vt 0.734375 0.4375
vn 0.29049554 -0.3910184 -0.87333673
v 1.15816565e-08 -0.19318731 -0.9712182
vt 0.75 0.4375
vn 0.4318795 -0.52084965 -0.73633945
v 0.09066439 -0.1839904 -0.9205282
vt 0.765625 0.4375
vn 0.4187867 -0.66076654 -0.62290066
v 0.17447536 -0.17789344 -0.8771464
vt 0.78125 0.4375
vn 0.28367946 -0.7650425 -0.5781315
v 0.25823608 -0.17695142 -0.85128915
vt 0.796875 0.4375
vn 0.09815023 -0.78233904 -0.61507076
v 0.34914947 -0.1814819 -0.842921
vt 0.8125 0.4375
vn -0.033714455 -0.7022272 -0.71115416
v 0.45017555 -0.18995781 -0.84221923
vt 0.828125 0.4375
vn -0.037588425 -0.5682594 -0.82199043
v 0.557274 -0.19952229 -0.834019
vt 0.84375 0.4375
vn 0.10652823 -0.4310487 -0.89601827
v 0.66003245 -0.20695144 -0.8042518
vt 0.859375 0.4375
vn 0.3757639 -0.32689467 -0.86714554
v 0.74560237 -0.20974126 -0.74560183
vt 0.875 0.4375
vn 0.67738444 -0.28681716 -0.67741156
v 0.8042519 -0.20695144 -0.6600323
vt 0.890625 0.4375
vn 0.86715007 -0.32684702 -0.375795
v 0.83401895 -0.19952226 -0.5572738
vt 0.90625 0.4375
vn 0.8960076 -0.4310587 -0.10657764
v 0.8422193 -0.1899578 -0.45017537
vt 0.921875 0.4375
vn 0.8219833 -0.5682729 0.037541207
v 0.84292096 -0.18148188 -0.3491493
vt 0.9375 0.4375
vn 0.7111493 -0.7022334 0.03368799
v 0.85128933 -0.17695141 -0.2582355
vt 0.953125 0.4375
vn 0.6150612 -0.7823443 -0.09816916
v 0.8771464 -0.17789344 -0.17447518
vt 0.96875 0.4375
vn 0.5780963 -0.7650458 -0.2837421
v 0.9205285 -0.18399045 -0.0906638
vt 0.984375 0.4375
vn 0.6229239 -0.66074014 -0.41879395
v 0.9712182 -0.19318731 1.6981319e-07
vt 1 0.4375
vn 0.7363805 -0.5208787 -0.43177453
v 0.91474307 -0.2774843 0
vt 0 0.40625
vn 0.71049905 -0.4001071 -0.5788828
v 0.96899587 -0.29536396 0.095437765
vt 0.015625 0.40625
vn 0.8455844 -0.34089273 -0.41082737
v 0.9932991 -0.3072171 0.19757947
vt 0.03125 0.40625
vn 0.9460212 -0.31846836 -0.060180925
v 0.9749272 -0.30904847 0.29574093
vt 0.046875 0.40625
vn 0.8630873 -0.3162615 0.39377525
v 0.9144202 -0.30024078 0.37876526
vt 0.0625 0.40625
vn 0.61342835 -0.33004808 0.7174775
v 0.82498485 -0.28376278 0.4409636
vt 0.078125 0.40625
vn 0.38051948 -0.37554157 0.8450878
v 0.72682375 -0.26516855 0.48564816
vt 0.09375 0.40625
vn 0.262089 -0.4648465 0.84571093
v 0.63891715 -0.25072545 0.5243458
vt 0.109375 0.40625
vn 0.30771065 -0.59151405 0.74526864
v 0.57180285 -0.24530172 0.57180285
vt 0.125 0.40625
vn 0.5256992 -0.66879046 0.5256992
v 0.52434576 -0.25072545 0.63891715
vt 0.140625 0.40625
vn 0.7452502 -0.5915225 0.30773887
v 0.48564813 -0.26516858 0.72682387
vt 0.15625 0.40625
vn 0.8457008 -0.46485513 0.26210642
v 0.4409636 -0.2837628 0.82498497
vt 0.171875 0.40625
vn 0.84505916 -0.37558427 0.380541
v 0.37876526 -0.30024078 0.9144202
vt 0.1875 0.40625
vn 0.7175014 -0.33004257 0.6134033
v 0.2957409 -0.30904847 0.9749272
vt 0.203125 0.40625
vn 0.39378253 -0.31626117 0.8630842
v 0.19757938 -0.3072171 0.9932991
vt 0.21875 0.40625
vn -0.060175274 -0.3184148 0.9460396
v 0.09543774 -0.29536393 0.96899575
vt 0.234375 0.40625
vn -0.41085714 -0.340934 0.8455533
v -3.9984688e-08 -0.2774843 0.91474307
vt 0.25 0.40625
vn -0.5788649 -0.40011337 0.7105102
v -0.08388329 -0.2596046 0.85168064
vt 0.265625 0.40625
vn -0.58557636 -0.5046419 0.6343791
v -0.15933555 -0.24775146 0.801034
vt 0.28125 0.40625
vn -0.41008475 -0.6307252 0.6587991
v -0.23533086 -0.24592008 0.77578187
vt 0.296875 0.40625
vn -0.076848134 -0.65860075 0.74855816
v -0.32134888 -0.25472778 0.7758047
vt 0.3125 0.40625
vn 0.16069996 -0.54785275 0.8209951
v -0.4214503 -0.27120578 0.7884778
vt 0.328125 0.40625
vn 0.18069977 -0.42988136 0.8846183
v -0.53076005 -0.28980005 0.7943382
vt 0.34375 0.40625
vn 0.021811433 -0.35590333 0.93426824
v -0.63626796 -0.3042431 0.7752948
vt 0.359375 0.40625
vn -0.29216176 -0.32280877 0.90024215
v -0.72183913 -0.30966684 0.7218392
vt 0.375 0.40625
vn -0.6709601 -0.31563443 0.6709601
v -0.7752948 -0.3042431 0.63626796
vt 0.390625 0.40625
vn -0.90024215 -0.32280877 0.29216176
v -0.79433835 -0.28980002 0.5307598
vt 0.40625 0.40625
vn -0.93424696 -0.35595858 -0.021821022
v -0.7884777 -0.27120575 0.42145002
vt 0.421875 0.40625
vn -0.8846295 -0.42985943 -0.18069726
v -0.77580464 -0.25472775 0.32134864
vt 0.4375 0.40625
vn -0.8209903 -0.54783916 -0.1607704
v -0.7757819 -0.2459201 0.23533088
vt 0.453125 0.40625
vn -0.74856985 -0.6585824 0.07689266
v -0.801034 -0.24775146 0.15933554
vt 0.46875 0.40625
vn -0.65880656 -0.63072515 0.4100728
v -0.8516807 -0.2596046 0.08388319
vt 0.484375 0.40625
vn -0.63441044 -0.5046611 0.5855259
v -0.91474307 -0.2774843 -7.9969375e-08
vt 0.5 0.40625
vn -0.71049404 -0.40010425 0.5788909
v -0.968996 -0.295364 -0.0954379
vt 0.515625 0.40625
vn -0.8455812 -0.34092265 0.41080937
v -0.9932992 -0.30721712 -0.19757967
vt 0.53125 0.40625
vn -0.94602317 -0.31847265 0.060127307
v -0.9749271 -0.30904847 -0.29574114
vt 0.546875 0.40625
vn -0.8630538 -0.31625816 -0.3938514
v -0.9144202 -0.30024078 -0.37876526
vt 0.5625 0.40625
vn -0.61346364 -0.3299949 -0.7174717
v -0.82498485 -0.28376278 -0.44096363
vt 0.578125 0.40625
vn -0.38054436 -0.37554926 -0.8450733
v -0.7268237 -0.26516852 -0.48564816
vt 0.59375 0.40625
vn -0.26215884 -0.4648795 -0.8456712
v -0.63891715 -0.25072545 -0.5243458
vt 0.609375 0.40625
vn -0.3077114 -0.59155357 -0.74523693
v -0.5718028 -0.24530172 -0.571803
vt 0.625 0.40625
vn -0.5256935 -0.66877794 -0.52572083
v -0.5243458 -0.25072545 -0.63891715
vt 0.640625 0.40625
vn -0.7452632 -0.59151655 -0.307719
v -0.48564804 -0.2651686 -0.72682405
vt 0.65625 0.40625
vn -0.84573156 -0.46484894 -0.26201817
v -0.44096357 -0.28376278 -0.82498485
vt 0.671875 0.40625
vn -0.8450737 -0.37554896 -0.3805434
v -0.37876493 -0.30024078 -0.9144203
vt 0.6875 0.40625
vn -0.71751094 -0.32998595 -0.6134227
v -0.2957408 -0.30904847 -0.97492725
vt 0.703125 0.40625
vn -0.39380136 -0.31626034 -0.8630758
v -0.19757953 -0.3072171 -0.9932991
vt 0.71875 0.40625
vn 0.06020944 -0.31841207 -0.9460383
v -0.095437534 -0.2953639 -0.96899575
vt 0.734375 0.40625
vn 0.41085055 -0.34093678 -0.8455554
v 1.0908197e-08 -0.2774843 -0.91474307
vt 0.75 0.40625
vn 0.57891077 -0.40009737 -0.7104818
v 0.083883464 -0.25960454 -0.8516806
vt 0.765625 0.40625
vn 0.5856533 -0.50463 -0.6343175
v 0.15933563 -0.24775146 -0.801034
vt 0.78125 0.40625
vn 0.41005188 -0.6307294 -0.65881556
v 0.23533115 -0.2459201 -0.7757818
vt 0.796875 0.40625
vn 0.07683768 -0.6585953 -0.74856406
v 0.32134894 -0.25472778 -0.7758047
vt 0.8125 0.40625
vn -0.16065575 -0.5478659 -0.8209949
v 0.42145017 -0.27120578 -0.78847784
vt 0.828125 0.40625
vn -0.18072549 -0.4298985 -0.8846047
v 0.5307602 -0.2898001 -0.79433846
vt 0.84375 0.40625
vn -0.021788709 -0.35593957 -0.93425494
v 0.636268 -0.3042431 -0.7752947
vt 0.859375 0.40625
vn 0.29209906 -0.3228008 -0.90026534
v 0.7218394 -0.30966684 -0.72183895
vt 0.875 0.40625
vn 0.6709643 -0.31561664 -0.6709643
v 0.77529484 -0.3042431 -0.63626784
vt 0.890625 0.40625
vn 0.9002567 -0.32280377 -0.29212242
v 0.7943385 -0.2898001 -0.53076017
vt 0.90625 0.40625
vn 0.93425333 -0.3559453 0.021764262
v 0.78847796 -0.27120578 -0.42145002
vt 0.921875 0.40625
vn 0.88462394 -0.42990294 0.18062086
v 0.7758046 -0.25472775 -0.32134876
vt 0.9375 0.40625
vn 0.82098985 -0.5478806 0.16063154
v 0.77578187 -0.24592006 -0.2353306
vt 0.953125 0.40625
vn 0.74855566 -0.6586019 -0.07686365
v 0.801034 -0.24775146 -0.15933546
vt 0.96875 0.40625
vn 0.6587918 -0.63071835 -0.4101069
v 0.85168093 -0.25960466 -0.083882935
vt 0.984375 0.40625
vn 0.63432086 -0.50461537 -0.5856623
v 0.91474307 -0.2774843 1.5993875e-07
vt 1 0.40625
vn 0.7105281 -0.40012336 -0.57883596
v 0.88120186 -0.36500582 0
vt 0 0.375
vn 0.76152295 -0.16554794 -0.6266392
v 0.93825555 -0.39051872 0.09241011
vt 0.015625 0.375
vn 0.8741419 -0.18955158 -0.4471534
v 0.96472824 -0.40743226 0.19189636
vt 0.03125 0.375
vn 0.9719071 -0.22193189 -0.07837553
v 0.94731086 -0.41004547 0.28736362
vt 0.046875 0.375
vn 0.8817434 -0.22899379 0.41242045
v 0.8865508 -0.3974776 0.36722136
vt 0.0625 0.375
vn 0.6197937 -0.20059115 0.75869554
v 0.7962255 -0.37396476 0.4255914
vt 0.078125 0.375
vn 0.3944176 -0.1715493 0.9027766
v 0.69741625 -0.34743223 0.46599865
vt 0.09375 0.375
vn 0.30065092 -0.16074212 0.940091
v 0.60992104 -0.32682306 0.5005493
vt 0.109375 0.375
vn 0.39693338 -0.17241551 0.90150803
v 0.54471004 -0.3190838 0.54471004
vt 0.125 0.375
vn 0.694512 -0.18789926 0.694512
v 0.50054926 -0.32682306 0.6099211
vt 0.140625 0.375
vn 0.90151066 -0.17237253 0.39694625
v 0.46599865 -0.34743223 0.69741637
vt 0.15625 0.375
vn 0.94007754 -0.16078474 0.30067006
v 0.4255914 -0.3739648 0.7962256
vt 0.171875 0.375
vn 0.90277624 -0.1715494 0.39441824
v 0.36722136 -0.3974776 0.8865508
vt 0.1875 0.375
vn 0.7586796 -0.20059375 0.6198124
v 0.2873636 -0.41004547 0.94731086
vt 0.203125 0.375
vn 0.41242754 -0.22899352 0.88174003
v 0.19189626 -0.4074322 0.9647281
vt 0.21875 0.375
vn -0.078430735 -0.22192849 0.9719035
v 0.0924101 -0.39051872 0.93825555
vt 0.234375 0.375
vn -0.44713864 -0.18955351 0.87414896
v -3.8518557e-08 -0.36500582 0.88120186
vt 0.25 0.375
vn -0.62663716 -0.16554831 0.76152456
v -0.08033572 -0.3394929 0.81566155
vt 0.265625 0.375
vn -0.6579475 -0.16221721 0.7353847
v -0.15193155 -0.3225794 0.7638115
vt 0.28125 0.375
vn -0.5022205 -0.17951709 0.84590083
v -0.2242352 -0.31996617 0.7392044
vt 0.296875 0.375
vn -0.11283206 -0.1854629 0.9761519
v -0.3072214 -0.3325341 0.741698
vt 0.3125 0.375
vn 0.16932346 -0.16624938 0.97143745
v -0.40520006 -0.35604692 0.7580757
vt 0.328125 0.375
vn 0.19552734 -0.16187398 0.9672465
v -0.5131405 -0.38257942 0.7679687
vt 0.34375 0.375
vn 0.039292872 -0.17964107 0.9829472
v -0.61750776 -0.4031886 0.75243545
vt 0.359375 0.375
vn -0.2818028 -0.21189962 0.93578076
v -0.7014975 -0.41092783 0.70149755
vt 0.375 0.375
vn -0.6878901 -0.23154758 0.6878901
v -0.75243545 -0.4031886 0.61750776
vt 0.390625 0.375
vn -0.93578076 -0.21189961 0.2818028
v -0.7679688 -0.3825794 0.51314026
vt 0.40625 0.375
vn -0.9829423 -0.17967217 -0.03927361
v -0.75807565 -0.35604683 0.4051998
vt 0.421875 0.375
vn -0.9672351 -0.16192998 -0.19553746
v -0.74169797 -0.33253402 0.3072212
vt 0.4375 0.375
vn -0.97143185 -0.16621274 -0.16939145
v -0.73920447 -0.3199662 0.22423524
vt 0.453125 0.375
vn -0.97614014 -0.18546823 0.11292517
v -0.7638115 -0.3225794 0.15193154
vt 0.46875 0.375
vn -0.8459058 -0.17951772 0.5022119
v -0.8156616 -0.33949292 0.08033562
vt 0.484375 0.375
vn -0.7354286 -0.16220044 0.6579026
v -0.88120186 -0.36500582 -7.7037114e-08
vt 0.5 0.375
vn -0.7615422 -0.16555211 0.62661475
v -0.9382558 -0.3905188 -0.09241025
vt 0.515625 0.375
vn -0.87415105 -0.18955126 0.44713572
v -0.9647282 -0.40743226 -0.19189653
vt 0.53125 0.375
vn -0.97190094 -0.22195658 0.078383505
v -0.9473108 -0.41004547 -0.2873638
vt 0.546875 0.375
vn -0.88171816 -0.22899185 -0.41247535
v -0.8865509 -0.39747763 -0.36722142
vt 0.5625 0.375
vn -0.6198058 -0.20060077 -0.75868315
v -0.7962255 -0.37396476 -0.42559144
vt 0.578125 0.375
vn -0.39442882 -0.17155354 -0.9027708
v -0.6974162 -0.34743223 -0.4659987
vt 0.59375 0.375
vn -0.30074626 -0.16075484 -0.9400583
v -0.60992104 -0.32682306 -0.5005494
vt 0.609375 0.375
vn -0.3969701 -0.17238829 -0.9014971
v -0.5447099 -0.3190838 -0.5447101
vt 0.625 0.375
vn -0.69449306 -0.18789926 -0.694531
v -0.5005493 -0.32682306 -0.60992104
vt 0.640625 0.375
vn -0.90151525 -0.17241406 -0.39691797
v -0.46599856 -0.3474323 -0.6974165
vt 0.65625 0.375
vn -0.9401049 -0.16073908 -0.3006088
v -0.42559138 -0.37396476 -0.7962255
vt 0.671875 0.375
vn -0.90276164 -0.17155647 -0.39444873
v -0.3672211 -0.39747763 -0.886551
vt 0.6875 0.375
vn -0.75868344 -0.20059037 -0.6198087
v -0.2873635 -0.41004547 -0.9473109
vt 0.703125 0.375
vn -0.41244274 -0.22899297 -0.881733
v -0.19189641 -0.4074322 -0.9647281
vt 0.71875 0.375
vn 0.07840946 -0.2219293 -0.97190505
v -0.09240989 -0.39051864 -0.9382554
vt 0.734375 0.375
vn 0.4471323 -0.18955329 -0.87415224
v 1.0508223e-08 -0.36500582 -0.88120186
vt 0.75 0.375
vn 0.6266825 -0.16554055 -0.7614889
v 0.08033588 -0.33949283 -0.81566143
vt 0.765625 0.375
vn 0.658019 -0.16221143 -0.73532194
v 0.15193163 -0.3225794 -0.7638115
vt 0.78125 0.375
vn 0.5021855 -0.17952387 -0.84592015
v 0.22423549 -0.3199662 -0.73920435
vt 0.796875 0.375
vn 0.11288181 -0.18550031 -0.976139
v 0.3072215 -0.3325341 -0.741698
vt 0.8125 0.375
vn -0.16927865 -0.16625129 -0.9714449
v 0.40519994 -0.35604692 -0.7580758
vt 0.828125 0.375
vn -0.1955248 -0.16187435 -0.967247
v 0.5131407 -0.3825795 -0.7679689
vt 0.84375 0.375
vn -0.039286736 -0.1796144 -0.9829523
v 0.6175078 -0.4031886 -0.7524354
vt 0.859375 0.375
vn 0.28170067 -0.21189035 -0.93581367
v 0.7014978 -0.41092783 -0.7014973
vt 0.875 0.375
vn 0.6878901 -0.23154758 -0.6878901
v 0.75243545 -0.4031886 -0.61750764
vt 0.890625 0.375
vn 0.9358069 -0.21188505 -0.2817275
v 0.76796895 -0.3825795 -0.51314056
vt 0.90625 0.375
vn 0.9829532 -0.17962156 0.03923074
v 0.7580759 -0.35604692 -0.4051998
vt 0.921875 0.375
vn 0.96725965 -0.16191776 0.195426
v 0.74169797 -0.33253402 -0.30722132
vt 0.9375 0.375
vn 0.97145534 -0.16622855 0.16924118
v 0.73920447 -0.31996614 -0.22423497
vt 0.953125 0.375
vn 0.97613883 -0.18549731 -0.11288771
v 0.7638115 -0.3225794 -0.15193148
vt 0.96875 0.375
vn 0.84586906 -0.17951314 -0.50227535
v 0.81566185 -0.339493 -0.08033538
vt 0.984375 0.375
vn 0.73533404 -0.16218622 -0.65801185
v 0.88120186 -0.36500582 1.5407423e-07
vt 1 0.375
vn 0.76159537 -0.16556366 -0.626547
v 0.8691208 -0.46455488 0
vt 0 0.34375
vn 0.81617266 -0.064574994 -0.5741883
v 0.9189948 -0.49358988 0.09051309
vt 0.015625 0.34375
vn 0.89764845 -0.16126294 -0.4101483
v 0.9410172 -0.51283836 0.18717995
vt 0.03125 0.34375
vn 0.9676022 -0.24468228 -0.0622622
v 0.9234635 -0.5158124 0.2801296
vt 0.046875 0.34375
vn 0.8777764 -0.2604717 0.4020734
v 0.86683726 -0.5015094 0.35905576
vt 0.0625 0.34375
vn 0.6466249 -0.19247475 0.73812574
v 0.7833186 -0.4747506 0.41869253
vt 0.078125 0.34375
vn 0.45686463 -0.096569344 0.88427883
v 0.6915366 -0.4445552 0.46207002
vt 0.09375 0.34375
vn 0.39266658 -0.0022135195 0.9196782
v 0.6089963 -0.42110088 0.49979034
vt 0.109375 0.34375
vn 0.48481712 0.081439555 0.8708157
v 0.5454241 -0.41229323 0.5454241
vt 0.125 0.34375
vn 0.70190173 0.12111138 0.70190173
v 0.4997903 -0.42110088 0.6089963
vt 0.140625 0.34375
vn 0.8708261 0.0814268 0.48480055
v 0.46207 -0.44455522 0.6915367
vt 0.15625 0.34375
vn 0.91966695 -0.00220257 0.3926931
v 0.41869253 -0.47475067 0.78331876
vt 0.171875 0.34375
vn 0.8842688 -0.096595176 0.4568785
v 0.35905576 -0.5015094 0.86683726
vt 0.1875 0.34375
vn 0.7381401 -0.19247279 0.6466092
v 0.28012958 -0.5158124 0.9234635
vt 0.203125 0.34375
vn 0.4020782 -0.26052815 0.87775743
v 0.18717988 -0.51283836 0.9410172
vt 0.21875 0.34375
vn -0.062259395 -0.24468246 0.9676023
v 0.09051308 -0.49358988 0.9189948
vt 0.234375 0.34375
vn -0.41018122 -0.16125959 0.8976339
v -3.7990475e-08 -0.46455488 0.8691208
vt 0.25 0.34375
vn -0.5741899 -0.06457491 0.8161716
v -0.079864435 -0.43551984 0.81087655
vt 0.265625 0.34375
vn -0.5888978 0.027668387 0.8077337
v -0.15193416 -0.41627142 0.76382464
vt 0.28125 0.34375
vn -0.44318217 0.10228482 0.890577
v -0.22445533 -0.4132974 0.73993003
vt 0.296875 0.34375
vn -0.15500863 0.116197936 0.98105574
v -0.30614057 -0.42760035 0.7390886
vt 0.3125 0.34375
vn 0.07166049 0.05595937 0.99585813
v -0.40070894 -0.45435917 0.7496735
vt 0.328125 0.34375
vn 0.11376033 -0.033030916 0.992959
v -0.5036454 -0.4845546 0.7537583
vt 0.34375 0.34375
vn -0.014377022 -0.1290169 0.99153817
v -0.6029385 -0.50800884 0.7346827
vt 0.359375 0.34375
vn -0.30456138 -0.22107007 0.9264828
v -0.68369824 -0.5168165 0.6836983
vt 0.375 0.34375
vn -0.68161035 -0.26611045 0.68161035
v -0.7346827 -0.50800884 0.6029385
vt 0.390625 0.34375
vn -0.9264828 -0.22107007 0.3045614
v -0.7537584 -0.48455453 0.5036452
vt 0.40625 0.34375
vn -0.9915439 -0.12896518 0.014451599
v -0.7496735 -0.45435908 0.40070873
vt 0.421875 0.34375
vn -0.99295723 -0.03305724 -0.113768056
v -0.7390886 -0.4276003 0.30614036
vt 0.4375 0.34375
vn -0.99585307 0.055958383 -0.07173143
v -0.73993003 -0.4132974 0.22445533
vt 0.453125 0.34375
vn -0.98105115 0.116170995 0.15505783
v -0.76382464 -0.41627142 0.15193415
vt 0.46875 0.34375
vn -0.8905698 0.10228438 0.44319668
v -0.81087667 -0.43551987 0.07986434
vt 0.484375 0.34375
vn -0.8077795 0.027694292 0.58883387
v -0.8691208 -0.46455488 -7.598095e-08
vt 0.5 0.34375
vn -0.8161663 -0.06457449 0.57419735
v -0.918995 -0.49359 -0.09051323
vt 0.515625 0.34375
vn -0.89763755 -0.16126043 0.41017318
v -0.94101715 -0.51283836 -0.18718012
vt 0.53125 0.34375
vn -0.967602 -0.24468204 0.06226641
v -0.92346334 -0.51581234 -0.28012973
vt 0.546875 0.34375
vn -0.87773865 -0.26046854 -0.4021578
v -0.8668373 -0.5015095 -0.3590558
vt 0.5625 0.34375
vn -0.6465938 -0.19247085 -0.73815405
v -0.7833186 -0.4747506 -0.41869256
vt 0.578125 0.34375
vn -0.45687857 -0.09657039 -0.8842715
v -0.6915365 -0.4445552 -0.46207002
vt 0.59375 0.34375
vn -0.3927574 -0.0022264975 -0.9196394
v -0.6089963 -0.42110088 -0.4997904
vt 0.609375 0.34375
vn -0.4848122 0.08140268 -0.87082183
v -0.545424 -0.41229323 -0.54542416
vt 0.625 0.34375
vn -0.7019175 0.12115023 -0.7018792
v -0.49979034 -0.42110088 -0.6089963
vt 0.640625 0.34375
vn -0.8708451 0.081437625 -0.48476464
v -0.4620699 -0.44455528 -0.69153684
vt 0.65625 0.34375
vn -0.9196858 -0.002176832 -0.39264917
v -0.4186925 -0.4747506 -0.7833186
vt 0.671875 0.34375
vn -0.88426566 -0.09657122 -0.4568897
v -0.3590555 -0.5015095 -0.86683744
vt 0.6875 0.34375
vn -0.7380991 -0.19248569 -0.6466522
v -0.2801295 -0.5158124 -0.9234636
vt 0.703125 0.34375
vn -0.40209863 -0.2605274 -0.8777483
v -0.18718001 -0.51283836 -0.9410172
vt 0.71875 0.34375
vn 0.06229542 -0.24468021 -0.96760064
v -0.09051288 -0.49358982 -0.9189947
vt 0.734375 0.34375
vn 0.41011965 -0.16124399 -0.8976649
v 1.0364157e-08 -0.46455488 -0.8691208
vt 0.75 0.34375
vn 0.57423574 -0.06457237 -0.81613946
v 0.07986459 -0.43551978 -0.8108764
vt 0.765625 0.34375
vn 0.5889687 0.02766696 -0.8076821
v 0.15193424 -0.41627142 -0.76382464
vt 0.78125 0.34375
vn 0.4431672 0.10228529 -0.8905844
v 0.22445558 -0.4132974 -0.73993
vt 0.796875 0.34375
vn 0.15502377 0.11617045 -0.9810566
v 0.30614063 -0.42760035 -0.7390886
vt 0.8125 0.34375
vn -0.07163971 0.05595995 -0.99585956
v 0.40070888 -0.4543592 -0.7496736
vt 0.828125 0.34375
vn -0.11372929 -0.03303004 -0.99296254
v 0.5036456 -0.4845547 -0.7537585
vt 0.84375 0.34375
vn 0.0143854 -0.12898709 -0.991542
v 0.6029385 -0.50800884 -0.7346826
vt 0.859375 0.34375
vn 0.30445564 -0.22106068 -0.92651975
v 0.68369853 -0.5168165 -0.68369806
vt 0.875 0.34375
vn 0.6816252 -0.26611045 -0.6815955
v 0.73468274 -0.50800884 -0.60293835
vt 0.890625 0.34375
vn 0.92649686 -0.22106653 -0.30452135
v 0.7537585 -0.48455465 -0.5036454
vt 0.90625 0.34375
vn 0.9915423 -0.12897038 -0.014509764
v 0.74967366 -0.45435917 -0.4007087
vt 0.921875 0.34375
vn 0.99297214 -0.03303085 0.11364545
v 0.73908854 -0.4276003 -0.30614048
vt 0.9375 0.34375
vn 0.9958617 0.055961832 0.07160849
v 0.73993015 -0.41329738 -0.2244551
vt 0.953125 0.34375
vn 0.98104763 0.116197705 -0.15506017
v 0.76382464 -0.41627142 -0.15193407
vt 0.96875 0.34375
vn 0.8905543 0.1022834 -0.44322816
v 0.8108769 -0.43551996 -0.0798641
vt 0.984375 0.34375
vn 0.8076704 0.027691662 -0.58898365
v 0.8691208 -0.46455488 1.519619e-07
vt 1 0.34375
vn 0.8161942 -0.06457669 -0.5741576
v 0.8545666 -0.5710033 0
vt 0 0.3125
vn 0.8475551 -0.20738304 -0.48851055
v 0.8894597 -0.59719384 0.087604135
vt 0.015625 0.3125
vn 0.8655656 -0.36796305 -0.33970484
v 0.9020759 -0.61455655 0.17943405
vt 0.03125 0.3125
vn 0.866165 -0.49825528 -0.038729437
v 0.88398653 -0.61723924 0.26815438
vt 0.046875 0.3125
vn 0.7791783 -0.5213574 0.34794772
v 0.8356072 -0.6043375 0.34611982
vt 0.0625 0.3125
vn 0.62686926 -0.41820982 0.65737015
v 0.76579916 -0.5802002 0.40932822
vt 0.078125 0.3125
vn 0.50951326 -0.2607279 0.8200105
v 0.688097 -0.55296296 0.45977172
vt 0.09375 0.3125
vn 0.484946 -0.10705035 0.86796755
v 0.6152423 -0.53180647 0.50491637
vt 0.109375 0.3125
vn 0.56329644 0.011488379 0.826175
v 0.55438167 -0.52386165 0.55438167
vt 0.125 0.3125
vn 0.7058871 0.05870956 0.7058871
v 0.5049163 -0.53180647 0.61524236
vt 0.140625 0.3125
vn 0.8261591 0.011481727 0.56332
v 0.4597717 -0.552963 0.68809706
vt 0.15625 0.3125
vn 0.8679454 -0.10709122 0.4849765
v 0.40932822 -0.58020025 0.76579934
vt 0.171875 0.3125
vn 0.81997204 -0.26073793 0.5095702
v 0.34611982 -0.6043375 0.8356072
vt 0.1875 0.3125
vn 0.6573479 -0.4182148 0.62688917
v 0.26815435 -0.61723924 0.88398653
vt 0.203125 0.3125
vn 0.34795535 -0.5213569 0.7791752
v 0.17943396 -0.61455655 0.9020759
vt 0.21875 0.3125
vn -0.038727883 -0.49825525 0.86616504
v 0.08760413 -0.59719384 0.8894597
vt 0.234375 0.3125
vn -0.33974877 -0.36795506 0.86555177
v -3.735429e-08 -0.5710033 0.8545666
vt 0.25 0.3125
vn -0.48849317 -0.20738535 0.8475646
v -0.07992026 -0.54481274 0.8114434
vt 0.265625 0.3125
vn -0.4977669 -0.06207282 0.86508673
v -0.15400128 -0.5274501 0.7742168
vt 0.28125 0.3125
vn -0.3834043 0.037087835 0.9228356
v -0.2279808 -0.52476746 0.7515519
vt 0.296875 0.3125
vn -0.19199353 0.053210653 0.9799526
v -0.30793715 -0.5376692 0.7434259
vt 0.3125 0.3125
vn -0.031468097 -0.022091111 0.9992606
v -0.39635164 -0.5618065 0.74152154
vt 0.328125 0.3125
vn 0.014302084 -0.1558094 0.9876836
v -0.48977187 -0.5890437 0.7329951
vt 0.34375 0.3125
vn -0.077313155 -0.314766 0.9460154
v -0.5793462 -0.6102002 0.7059354
vt 0.359375 0.3125
vn -0.30237532 -0.4628023 0.83329666
v -0.65415794 -0.61814505 0.654158
vt 0.375 0.3125
vn -0.59989434 -0.5293898 0.59989434
v -0.7059354 -0.6102002 0.5793462
vt 0.390625 0.3125
vn -0.83329666 -0.4628023 0.30237532
v -0.73299515 -0.5890436 0.48977163
vt 0.40625 0.3125
vn -0.94601226 -0.3147847 0.07727535
v -0.7415215 -0.5618064 0.39635137
vt 0.421875 0.3125
vn -0.98767877 -0.15583909 -0.014311249
v -0.7434259 -0.53766906 0.30793694
vt 0.4375 0.3125
vn -0.99926424 -0.022063924 0.0313724
v -0.7515519 -0.52476746 0.2279808
vt 0.453125 0.3125
vn -0.9799491 0.053210754 0.19201133
v -0.7742168 -0.5274501 0.15400128
vt 0.46875 0.3125
vn -0.92283237 0.037087772 0.3834121
v -0.81144345 -0.5448128 0.07992016
vt 0.484375 0.3125
vn -0.8651057 -0.062075526 0.4977336
v -0.8545666 -0.5710033 -7.470858e-08
vt 0.5 0.3125
vn -0.847568 -0.20738617 0.48848698
v -0.88945985 -0.59719396 -0.08760426
vt 0.515625 0.3125
vn -0.8655771 -0.36796975 0.3396681
v -0.9020759 -0.6145566 -0.17943421
vt 0.53125 0.3125
vn -0.86612904 -0.4983147 0.038767856
v -0.88398635 -0.6172392 -0.26815453
vt 0.546875 0.3125
vn -0.77918047 -0.52133834 -0.3479715
v -0.8356073 -0.6043376 -0.34611988
vt 0.5625 0.3125
vn -0.6268367 -0.41823003 -0.6573884
v -0.76579916 -0.5802002 -0.40932825
vt 0.578125 0.3125
vn -0.50953436 -0.26069927 -0.8200065
v -0.68809694 -0.55296296 -0.45977178
vt 0.59375 0.3125
vn -0.48501545 -0.10706914 -0.8679265
v -0.61524224 -0.5318064 -0.50491637
vt 0.609375 0.3125
vn -0.5633129 0.011488447 -0.8261639
v -0.55438155 -0.52386165 -0.5543817
vt 0.625 0.3125
vn -0.7058871 0.05870956 -0.7058871
v -0.50491637 -0.53180647 -0.6152423
vt 0.640625 0.3125
vn -0.8262085 0.011488181 -0.56324744
v -0.4597716 -0.552963 -0.6880972
vt 0.65625 0.3125
vn -0.86798745 -0.10703538 -0.48491353
v -0.4093282 -0.5802002 -0.76579916
vt 0.671875 0.3125
vn -0.8200055 -0.26068923 -0.5095411
v -0.34611958 -0.6043376 -0.8356074
vt 0.6875 0.3125
vn -0.6573794 -0.41820008 -0.626866
v -0.2681543 -0.61723924 -0.8839866
vt 0.703125 0.3125
vn -0.3479684 -0.52135617 -0.7791699
v -0.17943409 -0.61455655 -0.9020759
vt 0.71875 0.3125
vn 0.038759764 -0.49825183 -0.8661655
v -0.087603934 -0.5971938 -0.8894596
vt 0.734375 0.3125
vn 0.33974627 -0.36793476 -0.86556137
v 1.01905995e-08 -0.5710033 -0.8545666
vt 0.75 0.3125
vn 0.48853752 -0.20737945 -0.8475405
v 0.079920426 -0.54481274 -0.8114433
vt 0.765625 0.3125
vn 0.4978423 -0.06207039 -0.8650435
v 0.15400136 -0.5274501 -0.7742168
vt 0.78125 0.3125
vn 0.38338056 0.037088025 -0.9228455
v 0.22798106 -0.52476746 -0.75155187
vt 0.796875 0.3125
vn 0.19194247 0.053210374 -0.97996265
v 0.30793723 -0.5376692 -0.7434259
vt 0.8125 0.3125
vn 0.031473216 -0.02209115 -0.99926037
v 0.39635155 -0.5618065 -0.7415216
vt 0.828125 0.3125
vn -0.014332781 -0.155807 -0.98768353
v 0.48977196 -0.5890438 -0.73299515
vt 0.84375 0.3125
vn 0.077305034 -0.3147907 -0.94600785
v 0.57934624 -0.6102002 -0.70593536
vt 0.859375 0.3125
vn 0.30233032 -0.46279514 -0.83331686
v 0.6541582 -0.61814505 -0.65415776
vt 0.875 0.3125
vn 0.59990203 -0.52940345 -0.5998747
v 0.7059355 -0.6102002 -0.57934606
vt 0.890625 0.3125
vn 0.8333102 -0.46279752 -0.30234528
v 0.7329952 -0.5890438 -0.48977184
vt 0.90625 0.3125
vn 0.9460026 -0.31479767 -0.077340536
v 0.74152166 -0.5618065 -0.39635137
vt 0.921875 0.3125
vn 0.9876836 -0.1558186 0.01419639
v 0.74342585 -0.53766906 -0.30793706
vt 0.9375 0.3125
vn 0.9992597 -0.022065105 -0.03151398
v 0.751552 -0.5247674 -0.22798055
vt 0.953125 0.3125
vn 0.9799557 0.05320923 -0.1919785
v 0.7742168 -0.5274501 -0.1540012
vt 0.96875 0.3125
vn 0.922818 0.037089933 -0.3834466
v 0.8114436 -0.5448129 -0.07991992
vt 0.984375 0.3125
vn 0.8650286 -0.062072836 -0.49786794
v 0.8545666 -0.5710033 1.4941716e-07
vt 1 0.3125
vn 0.84759545 -0.2073929 -0.48843646
v 0.8114749 -0.6659602 0
vt 0 0.28125
vn 0.7566018 -0.56949973 -0.32128444
v 0.8271942 -0.6821455 0.08147152
vt 0.015625 0.28125
vn 0.6427136 -0.73969024 -0.19944303
v 0.8280486 -0.69287527 0.1647091
vt 0.03125 0.28125
vn 0.5407895 -0.8410675 -0.012336576
v 0.8098501 -0.69453305 0.24566534
vt 0.046875 0.28125
vn 0.47438028 -0.85580105 0.20632002
v 0.7728954 -0.6865601 0.32014376
vt 0.0625 0.28125
vn 0.45351252 -0.7826313 0.4263972
v 0.72176456 -0.67164373 0.3857912
vt 0.078125 0.28125
vn 0.47791475 -0.63132554 0.61075824
v 0.6634216 -0.6548116 0.44328415
vt 0.09375 0.28125
vn 0.5371688 -0.44328472 0.71759903
v 0.6044626 -0.6417373 0.4960697
vt 0.109375 0.28125
vn 0.6135763 -0.2905194 0.7342497
v 0.54869837 -0.6368276 0.54869837
vt 0.125 0.28125
vn 0.6876594 -0.23291476 0.6876594
v 0.49606964 -0.6417373 0.6044626
vt 0.140625 0.28125
vn 0.7342761 -0.29050153 0.6135532
v 0.4432841 -0.6548116 0.66342163
vt 0.15625 0.28125
vn 0.7175883 -0.44328055 0.53718644
v 0.38579118 -0.67164373 0.7217646
vt 0.171875 0.28125
vn 0.6107543 -0.6313122 0.47793743
v 0.32014376 -0.6865601 0.7728954
vt 0.1875 0.28125
vn 0.42641488 -0.78262764 0.45350227
v 0.24566531 -0.69453305 0.8098501
vt 0.203125 0.28125
vn 0.20632586 -0.8558001 0.4743795
v 0.16470903 -0.69287527 0.8280486
vt 0.21875 0.28125
vn -0.012336042 -0.84106755 0.5407893
v 0.08147152 -0.6821455 0.8271942
vt 0.234375 0.28125
vn -0.1994366 -0.7397402 0.6426582
v -3.5470695e-08 -0.6659602 0.8114749
vt 0.25 0.28125
vn -0.3213396 -0.5694885 0.7565869
v -0.07760545 -0.64977497 0.7879407
vt 0.265625 0.28125
vn -0.353452 -0.38478863 0.85264844
v -0.1519127 -0.6390452 0.76371676
vt 0.28125 0.28125
vn -0.30708125 -0.25888467 0.9157947
v -0.22545217 -0.6373874 0.74321616
vt 0.296875 0.28125
vn -0.2215438 -0.23950656 0.9452804
v -0.30093232 -0.64536035 0.72651476
vt 0.3125 0.28125
vn -0.13988575 -0.33312142 0.9324495
v -0.37926212 -0.6602767 0.7095493
vt 0.328125 0.28125
vn -0.09955286 -0.5058617 0.85685074
v -0.45837858 -0.67710876 0.6860118
vt 0.34375 0.28125
vn -0.12485708 -0.6887827 0.7141352
v -0.5335188 -0.6901831 0.65009457
vt 0.359375 0.28125
vn -0.21672782 -0.81661785 0.5349434
v -0.5989004 -0.69509286 0.59890044
vt 0.375 0.28125
vn -0.3599199 -0.86076444 0.3599199
v -0.65009457 -0.6901831 0.5335188
vt 0.390625 0.28125
vn -0.5349434 -0.81661785 0.21672784
v -0.6860119 -0.67710876 0.45837843
vt 0.40625 0.28125
vn -0.71411645 -0.6888002 0.12486772
v -0.70954937 -0.66027665 0.37926194
vt 0.421875 0.28125
vn -0.856878 -0.50583315 0.099463105
v -0.7265148 -0.64536035 0.30093214
vt 0.4375 0.28125
vn -0.9324782 -0.33305854 0.139844
v -0.74321616 -0.6373874 0.22545217
vt 0.453125 0.28125
vn -0.94527495 -0.2395069 0.2215665
v -0.76371676 -0.6390452 0.15191269
vt 0.46875 0.28125
vn -0.9157946 -0.25888467 0.30708146
v -0.7879407 -0.64977497 0.077605344
vt 0.484375 0.28125
vn -0.85267574 -0.38479725 0.35337666
v -0.8114749 -0.6659602 -7.094139e-08
vt 0.5 0.28125
vn -0.7565895 -0.5694904 0.32133025
v -0.8271942 -0.6821455 -0.08147163
vt 0.515625 0.28125
vn -0.642716 -0.7396967 0.19941145
v -0.8280485 -0.69287527 -0.16470924
vt 0.53125 0.28125
vn -0.54071826 -0.84111315 0.012348217
v -0.80985004 -0.69453305 -0.24566549
vt 0.546875 0.28125
vn -0.4743773 -0.85579973 -0.20633237
v -0.7728954 -0.6865601 -0.32014376
vt 0.5625 0.28125
vn -0.45349786 -0.7826261 -0.42642245
v -0.72176456 -0.67164373 -0.38579124
vt 0.578125 0.28125
vn -0.47787294 -0.6313574 -0.61075795
v -0.6634215 -0.6548116 -0.44328418
vt 0.59375 0.28125
vn -0.53721374 -0.44328332 -0.7175662
v -0.6044626 -0.6417373 -0.49606973
vt 0.609375 0.28125
vn -0.6135729 -0.29051915 -0.73425263
v -0.5486983 -0.6368276 -0.5486985
vt 0.625 0.28125
vn -0.68766236 -0.2328969 -0.68766236
v -0.4960697 -0.6417373 -0.6044626
vt 0.640625 0.28125
vn -0.7342527 -0.29051915 -0.6135728
v -0.44328395 -0.6548116 -0.6634217
vt 0.65625 0.28125
vn -0.7175958 -0.44326636 -0.53718823
v -0.38579118 -0.67164373 -0.72176456
vt 0.671875 0.28125
vn -0.6107615 -0.6313246 -0.47791174
v -0.3201435 -0.6865601 -0.7728955
vt 0.6875 0.28125
vn -0.42646098 -0.782615 -0.45348066
v -0.24566524 -0.69453305 -0.8098501
vt 0.703125 0.28125
vn -0.20633411 -0.8557997 -0.47437677
v -0.16470915 -0.69287527 -0.8280486
vt 0.71875 0.28125
vn 0.012356115 -0.84106547 -0.54079217
v -0.08147134 -0.68214536 -0.8271942
vt 0.734375 0.28125
vn 0.19936797 -0.7397052 -0.6427197
v 9.676738e-09 -0.6659602 -0.8114749
vt 0.75 0.28125
vn 0.32130536 -0.56949544 -0.7565962
v 0.0776056 -0.6497749 -0.78794056
vt 0.765625 0.28125
vn 0.35352132 -0.38478068 -0.8526233
v 0.15191278 -0.6390452 -0.76371676
vt 0.78125 0.28125
vn 0.3070511 -0.25888565 -0.9158044
v 0.22545242 -0.6373874 -0.7432161
vt 0.796875 0.28125
vn 0.22153334 -0.2395064 -0.9452828
v 0.30093238 -0.64536035 -0.72651476
vt 0.8125 0.28125
vn 0.13991302 -0.3331236 -0.9324446
v 0.37926203 -0.6602767 -0.70954937
vt 0.828125 0.28125
vn 0.099457264 -0.5058449 -0.8568717
v 0.4583787 -0.6771089 -0.68601185
vt 0.84375 0.28125
vn 0.12485708 -0.6887827 -0.7141352
v 0.53351885 -0.6901831 -0.6500945
vt 0.859375 0.28125
vn 0.21666555 -0.81660706 -0.53498507
v 0.5989006 -0.69509286 -0.5989002
vt 0.875 0.28125
vn 0.35989973 -0.86077374 -0.3599176
v 0.6500946 -0.6901831 -0.5335187
vt 0.890625 0.28125
vn 0.53499216 -0.81659746 -0.21668424
v 0.6860119 -0.6771089 -0.4583786
vt 0.90625 0.28125
vn 0.7141098 -0.68879753 -0.12492071
v 0.7095494 -0.6602767 -0.37926188
vt 0.921875 0.28125
vn 0.8568549 -0.50585836 -0.099534065
v 0.7265148 -0.64536035 -0.30093226
vt 0.9375 0.28125
vn 0.9324641 -0.33306327 -0.13992655
v 0.7432163 -0.6373874 -0.22545195
vt 0.953125 0.28125
vn 0.9452686 -0.23947415 -0.22162917
v 0.76371676 -0.6390452 -0.15191263
vt 0.96875 0.28125
vn 0.9157946 -0.25888467 -0.30708146
v 0.78794074 -0.6497751 -0.0776051
vt 0.984375 0.28125
vn 0.8526299 -0.38476783 -0.35351935
v 0.8114749 -0.6659602 1.4188278e-07
vt 1 0.28125
vn 0.75661314 -0.56950814 -0.3212428
v 0.73210675 -0.7321067 0
vt 0 0.25
vn 0.4681785 -0.8836339 0
v 0.7285814 -0.7321067 0.07175901
vt 0.015625 0.25
vn 0.2665511 -0.9634632 0.026254827
v 0.7180395 -0.7321067 0.14282694
vt 0.03125 0.25
vn 0.14764377 -0.9886044 0.029371265
v 0.7005825 -0.7321067 0.21251938
vt 0.046875 0.25
vn 0.12804936 -0.99100685 0.038843773
v 0.6763785 -0.7321067 0.28016514
vt 0.0625 0.25
vn 0.20118125 -0.97600347 0.08332689
v 0.64566046 -0.7321067 0.34511274
vt 0.078125 0.25
vn 0.3489363 -0.91839904 0.18651168
v 0.6087245 -0.7321067 0.40673673
vt 0.09375 0.25
vn 0.50732243 -0.7922801 0.3389932
v 0.56592613 -0.7321067 0.46444365
vt 0.109375 0.25
vn 0.5874959 -0.64989865 0.48216215
v 0.51767766 -0.7321067 0.51767766
vt 0.125 0.25
vn 0.57119864 -0.5894609 0.57119864
v 0.4644436 -0.7321067 0.5659262
vt 0.140625 0.25
vn 0.48216438 -0.6498806 0.58751404
v 0.40673667 -0.7321067 0.60872453
vt 0.15625 0.25
vn 0.3389718 -0.79228586 0.5073275
v 0.34511268 -0.7321067 0.6456605
vt 0.171875 0.25
vn 0.18650497 -0.91839904 0.34893987
v 0.28016514 -0.7321067 0.6763785
vt 0.1875 0.25
vn 0.08332818 -0.9760034 0.20118071
v 0.21251936 -0.7321067 0.7005825
vt 0.203125 0.25
vn 0.03884687 -0.9910068 0.12804842
v 0.14282687 -0.7321067 0.7180395
vt 0.21875 0.25
vn 0.029370125 -0.98860437 0.14764416
v 0.07175901 -0.7321067 0.7285814
vt 0.234375 0.25
vn 0.026253639 -0.9634631 0.2665513
v -3.2001402e-08 -0.7321067 0.73210675
vt 0.25 0.25
vn 0 -0.8836339 0.46817845
v -0.07175907 -0.7321067 0.7285814
vt 0.265625 0.25
vn -0.06578048 -0.74137026 0.6678645
v -0.14282694 -0.7321067 0.7180395
vt 0.28125 0.25
vn -0.15352622 -0.61707914 0.7717791
v -0.21251938 -0.7321067 0.7005825
vt 0.296875 0.25
vn -0.23299205 -0.59643143 0.76810426
v -0.28016517 -0.7321067 0.6763784
vt 0.3125 0.25
vn -0.27608 -0.6924719 0.66653013
v -0.3451128 -0.7321067 0.64566046
vt 0.328125 0.25
vn -0.25507766 -0.84094894 0.47722146
v -0.40673682 -0.7321067 0.6087244
vt 0.34375 0.25
vn -0.18212862 -0.9447399 0.27257237
v -0.4644436 -0.7321067 0.5659262
vt 0.359375 0.25
vn -0.11324982 -0.98393685 0.13799575
v -0.5176776 -0.7321067 0.51767766
vt 0.375 0.25
vn -0.09068164 -0.9917428 0.09068164
v -0.5659262 -0.7321067 0.4644436
vt 0.390625 0.25
vn -0.13799573 -0.98393685 0.113249816
v -0.60872453 -0.7321067 0.40673667
vt 0.40625 0.25
vn -0.2725703 -0.9447399 0.18213171
v -0.6456605 -0.7321067 0.34511265
vt 0.421875 0.25
vn -0.4772115 -0.8409562 0.25507233
v -0.6763785 -0.7321067 0.28016502
vt 0.4375 0.25
vn -0.6665317 -0.6924581 0.27611107
v -0.7005825 -0.7321067 0.21251938
vt 0.453125 0.25
vn -0.7680974 -0.59643143 0.23301473
v -0.7180395 -0.7321067 0.14282693
vt 0.46875 0.25
vn -0.7717758 -0.61707914 0.15354307
v -0.7285814 -0.7321067 0.07175897
vt 0.484375 0.25
vn -0.6678664 -0.7413702 0.06576109
v -0.73210675 -0.7321067 -6.4002805e-08
vt 0.5 0.25
vn -0.46817848 -0.8836339 -0
v -0.7285814 -0.7321067 -0.071759105
vt 0.515625 0.25
vn -0.266551 -0.9634631 -0.02625683
v -0.7180395 -0.7321067 -0.14282706
vt 0.53125 0.25
vn -0.1476478 -0.9886039 -0.029368376
v -0.70058244 -0.7321067 -0.21251951
vt 0.546875 0.25
vn -0.12804753 -0.9910072 -0.038839832
v -0.6763785 -0.7321067 -0.28016514
vt 0.5625 0.25
vn -0.20117995 -0.97600347 -0.08333002
v -0.64566046 -0.7321067 -0.34511277
vt 0.578125 0.25
vn -0.34893095 -0.9183991 -0.18652174
v -0.6087245 -0.7321067 -0.40673676
vt 0.59375 0.25
vn -0.50730836 -0.7922859 -0.3390004
v -0.56592613 -0.7321067 -0.46444368
vt 0.609375 0.25
vn -0.5875083 -0.6498934 -0.48215407
v -0.51767755 -0.7321067 -0.5176777
vt 0.625 0.25
vn -0.5711822 -0.5894609 -0.5712151
v -0.46444365 -0.7321067 -0.56592613
vt 0.640625 0.25
vn -0.48215127 -0.64989865 -0.58750486
v -0.40673655 -0.7321067 -0.6087246
vt 0.65625 0.25
vn -0.338964 -0.79228884 -0.50732815
v -0.3451127 -0.7321067 -0.64566046
vt 0.671875 0.25
vn -0.18650585 -0.9183991 -0.34893942
v -0.2801649 -0.7321067 -0.67637855
vt 0.6875 0.25
vn -0.08333147 -0.97600263 -0.20118345
v -0.21251929 -0.7321067 -0.7005825
vt 0.703125 0.25
vn -0.038846422 -0.9910068 -0.12804855
v -0.14282699 -0.7321067 -0.7180395
vt 0.71875 0.25
vn -0.029367715 -0.98860437 -0.14764448
v -0.07175885 -0.7321067 -0.7285815
vt 0.734375 0.25
vn -0.026256688 -0.9634631 -0.2665509
v 8.730281e-09 -0.7321067 -0.73210675
vt 0.75 0.25
vn 0 -0.8836339 -0.46817848
v 0.071759224 -0.7321067 -0.7285814
vt 0.765625 0.25
vn 0.065788485 -0.7413703 -0.6678637
v 0.142827 -0.7321067 -0.7180395
vt 0.78125 0.25
vn 0.15351225 -0.6170792 -0.771782
v 0.21251962 -0.7321067 -0.7005824
vt 0.796875 0.25
vn 0.23298936 -0.5964315 -0.76810515
v 0.28016523 -0.7321067 -0.6763784
vt 0.8125 0.25
vn 0.2760861 -0.6924719 -0.6665276
v 0.3451127 -0.7321067 -0.64566046
vt 0.828125 0.25
vn 0.25507307 -0.8409489 -0.4772239
v 0.40673685 -0.7321067 -0.6087244
vt 0.84375 0.25
vn 0.18213171 -0.9447399 -0.2725703
v 0.46444365 -0.7321067 -0.56592613
vt 0.859375 0.25
vn 0.11324898 -0.983937 -0.1379947
v 0.5176778 -0.7321067 -0.5176775
vt 0.875 0.25
vn 0.09068164 -0.9917428 -0.09068164
v 0.56592625 -0.7321067 -0.4644435
vt 0.890625 0.25
vn 0.13799325 -0.9839374 -0.11324778
v 0.6087245 -0.7321067 -0.40673676
vt 0.90625 0.25
vn 0.27257174 -0.9447376 -0.18214156
v 0.6456606 -0.7321067 -0.3451126
vt 0.921875 0.25
vn 0.47721475 -0.84094894 -0.25509024
v 0.6763785 -0.7321067 -0.2801651
vt 0.9375 0.25
vn 0.66652983 -0.6924719 -0.2760809
v 0.70058256 -0.7321067 -0.21251917
vt 0.953125 0.25
vn 0.76810515 -0.5964315 -0.23298936
v 0.7180395 -0.7321067 -0.14282687
vt 0.96875 0.25
vn 0.7717755 -0.61707914 -0.1535446
v 0.7285815 -0.7321067 -0.07175874
vt 0.984375 0.25
vn 0.6678638 -0.7413702 -0.06578815
v 0.73210675 -0.7321067 1.2800561e-07
vt 1 0.25
vn 0.46817848 -0.8836339 0
v 0.63128424 -0.76922214 0
vt 0 0.21875
vn 0.2427502 -0.8968511 0.3697709
v 0.61213714 -0.74950033 0.060290247
vt 0.015625 0.21875
vn 0.03426798 -0.95499146 0.2946472
v 0.59275645 -0.73642606 0.117906585
vt 0.03125 0.21875
vn -0.069527894 -0.9906619 0.11728107
v 0.57675886 -0.734406 0.17495789
vt 0.046875 0.21875
vn -0.03976009 -0.99598706 -0.08018084
v 0.5641988 -0.7441211 0.23369879
vt 0.0625 0.21875
vn 0.10903319 -0.96993864 -0.21755642
v 0.5517306 -0.76229674 0.29490617
vt 0.078125 0.21875
vn 0.32357368 -0.91792035 -0.2296135
v 0.53416336 -0.7828067 0.35691655
vt 0.09375 0.21875
vn 0.5143927 -0.8532693 -0.08562516
v 0.5067138 -0.79873776 0.41584933
vt 0.109375 0.21875
vn 0.57563597 -0.7978722 0.17900628
v 0.46698523 -0.80472034 0.46698523
vt 0.125 0.21875
vn 0.44626847 -0.775686 0.44626847
v 0.4158493 -0.79873776 0.50671387
vt 0.140625 0.21875
vn 0.17903262 -0.79786664 0.57563543
v 0.35691652 -0.7828067 0.5341634
vt 0.15625 0.21875
vn -0.08562568 -0.85326976 0.5143917
v 0.2949061 -0.76229674 0.55173063
vt 0.171875 0.21875
vn -0.22962104 -0.91790926 0.32359993
v 0.23369879 -0.7441211 0.5641988
vt 0.1875 0.21875
vn -0.21758376 -0.96993124 0.10904437
v 0.17495787 -0.734406 0.57675886
vt 0.203125 0.21875
vn -0.080179565 -0.9959872 -0.03975905
v 0.11790653 -0.73642606 0.59275645
vt 0.21875 0.21875
vn 0.11727608 -0.9906625 -0.06952728
v 0.060290243 -0.74950033 0.61213714
vt 0.234375 0.21875
vn 0.29463407 -0.95499545 0.034269076
v -2.759431e-08 -0.76922214 0.63128424
vt 0.25 0.21875
vn 0.36983892 -0.8968249 0.24274312
v -0.06346316 -0.7889439 0.6443517
vt 0.265625 0.21875
vn 0.2826275 -0.8325167 0.47648472
v -0.12840831 -0.8020182 0.6455522
vt 0.28125 0.21875
vn 0.038401436 -0.7858263 0.6172538
v -0.19154641 -0.8040382 0.63144386
vt 0.296875 0.21875
vn -0.25843352 -0.7783131 0.57222444
v -0.24946527 -0.79432315 0.6022623
vt 0.3125 0.21875
vn -0.4564683 -0.8137514 0.35978502
v -0.30026457 -0.7761475 0.5617553
vt 0.328125 0.21875
vn -0.47364315 -0.8750522 0.099727824
v -0.344529 -0.7556375 0.51562387
vt 0.34375 0.21875
vn -0.33739838 -0.9375028 -0.08515223
v -0.38511562 -0.7397064 0.46926478
vt 0.359375 0.21875
vn -0.13369486 -0.9819074 -0.1341025
v -0.42578542 -0.7337239 0.42578545
vt 0.375 0.21875
vn 0.047165766 -0.9977729 -0.047165766
v -0.46926478 -0.7397064 0.38511562
vt 0.390625 0.21875
vn 0.1341025 -0.9819074 0.13369487
v -0.515624 -0.7556375 0.34452888
vt 0.40625 0.21875
vn 0.08518395 -0.93748564 0.33743808
v -0.5617554 -0.77614754 0.30026445
vt 0.421875 0.21875
vn -0.09972449 -0.8749973 0.4737455
v -0.60226244 -0.79432315 0.24946514
vt 0.4375 0.21875
vn -0.35965136 -0.81374526 0.45658475
v -0.63144386 -0.8040382 0.19154641
vt 0.453125 0.21875
vn -0.57221556 -0.77831143 0.2584581
v -0.6455522 -0.8020182 0.12840831
vt 0.46875 0.21875
vn -0.61725676 -0.7858225 -0.03843339
v -0.6443517 -0.7889439 0.06346307
vt 0.484375 0.21875
vn -0.47654682 -0.8325313 -0.28247973
v -0.63128424 -0.76922214 -5.518862e-08
vt 0.5 0.21875
vn -0.24274777 -0.8968422 -0.36979407
v -0.6121371 -0.7495003 -0.060290318
vt 0.515625 0.21875
vn -0.034245797 -0.95500153 -0.294617
v -0.5927564 -0.736426 -0.117906675
vt 0.53125 0.21875
vn 0.069507115 -0.9906615 -0.11729665
v -0.5767588 -0.734406 -0.17495799
vt 0.546875 0.21875
vn 0.03974597 -0.9959836 0.080229826
v -0.5641988 -0.7441211 -0.23369879
vt 0.5625 0.21875
vn -0.10903886 -0.96993494 0.2175703
v -0.5517306 -0.76229674 -0.29490617
vt 0.578125 0.21875
vn -0.3235747 -0.91791755 0.22962317
v -0.5341633 -0.7828067 -0.35691658
vt 0.59375 0.21875
vn -0.51435786 -0.8533059 0.08546964
v -0.5067138 -0.79873776 -0.41584936
vt 0.609375 0.21875
vn -0.57561356 -0.7978802 -0.17904241
v -0.46698514 -0.80472034 -0.4669853
vt 0.625 0.21875
vn -0.44626147 -0.77569413 -0.44626147
v -0.41584933 -0.79873776 -0.5067138
vt 0.640625 0.21875
vn -0.17898831 -0.7978682 -0.57564706
v -0.3569164 -0.7828067 -0.5341634
vt 0.65625 0.21875
vn 0.08560848 -0.8532676 -0.5143983
v -0.29490614 -0.76229674 -0.5517306
vt 0.671875 0.21875
vn 0.22963549 -0.91791254 -0.32358015
v -0.23369859 -0.744121 -0.56419885
vt 0.6875 0.21875
vn 0.21756798 -0.96993554 -0.109037906
v -0.17495781 -0.734406 -0.57675886
vt 0.703125 0.21875
vn 0.08018712 -0.99598664 0.039756723
v -0.11790662 -0.73642606 -0.59275645
vt 0.71875 0.21875
vn -0.11729196 -0.9906604 0.06953034
v -0.06029012 -0.74950045 -0.61213726
vt 0.734375 0.21875
vn -0.29461315 -0.95500267 -0.034248907
v 7.527986e-09 -0.76922214 -0.63128424
vt 0.75 0.21875
vn -0.36987698 -0.8968103 -0.24273916
v 0.06346329 -0.7889439 -0.6443517
vt 0.765625 0.21875
vn -0.28255102 -0.83253986 -0.47648966
v 0.12840837 -0.8020182 -0.6455522
vt 0.78125 0.21875
vn -0.038433343 -0.78582233 -0.617257
v 0.19154663 -0.8040382 -0.6314438
vt 0.796875 0.21875
vn 0.2584398 -0.7783115 -0.5722237
v 0.24946533 -0.79432315 -0.6022623
vt 0.8125 0.21875
vn 0.45650563 -0.8137406 -0.35976225
v 0.30026448 -0.7761475 -0.56175536
vt 0.828125 0.21875
vn 0.47371742 -0.87501425 -0.09970893
v 0.344529 -0.75563747 -0.5156238
vt 0.84375 0.21875
vn 0.33739686 -0.93750316 0.085153766
v 0.38511565 -0.7397064 -0.46926475
vt 0.859375 0.21875
vn 0.13369486 -0.9819074 0.1341025
v 0.4257856 -0.7337239 -0.4257853
vt 0.875 0.21875
vn -0.047165766 -0.9977729 0.047165766
v 0.4692648 -0.7397064 -0.38511556
vt 0.890625 0.21875
vn -0.13409649 -0.9819093 -0.1336875
v 0.51562387 -0.75563747 -0.3445289
vt 0.90625 0.21875
vn -0.085146405 -0.9375048 -0.3373941
v 0.5617554 -0.7761475 -0.3002644
vt 0.921875 0.21875
vn 0.09972845 -0.87505835 -0.4736318
v 0.6022624 -0.79432315 -0.24946523
vt 0.9375 0.21875
vn 0.35973188 -0.8137713 -0.45647472
v 0.631444 -0.8040382 -0.19154622
vt 0.953125 0.21875
vn 0.5722355 -0.7783026 -0.25844038
v 0.6455522 -0.8020182 -0.12840825
vt 0.96875 0.21875
vn 0.61725676 -0.7858225 0.03843339
v 0.6443517 -0.78894377 -0.06346286
vt 0.984375 0.21875
vn 0.4764958 -0.8325062 0.28263965
v 0.63128424 -0.76922214 1.1037724e-07
vt 1 0.21875
vn 0.24275254 -0.89686 0.36974755
v 0.5324732 -0.7969026 0
vt 0 0.1875
vn 0.24055175 -0.69347197 0.67914027
v 0.5038448 -0.7577057 0.049624383
vt 0.015625 0.1875
vn 0.052326165 -0.7907993 0.60983485
v 0.4795255 -0.7317205 0.09538355
vt 0.03125 0.1875
vn -0.04398326 -0.94785863 0.31564146
v 0.4653001 -0.7277057 0.14114726
vt 0.046875 0.1875
vn 0.050087046 -0.98584294 -0.16001602
v 0.4611443 -0.7470144 0.19101223
vt 0.0625 0.1875
vn 0.27472368 -0.8414567 -0.46527144
v 0.46148852 -0.78313845 0.24667075
vt 0.078125 0.1875
vn 0.487617 -0.71567214 -0.50004315
v 0.4577353 -0.8239019 0.30584896
vt 0.09375 0.1875
vn 0.6456738 -0.68044025 -0.3465636
v 0.44190696 -0.8555649 0.36266372
vt 0.109375 0.1875
vn 0.6840521 -0.7293324 -0.01211718
v 0.4098496 -0.86745507 0.4098496
vt 0.125 0.1875
vn 0.44162434 -0.7809839 0.44162434
v 0.3626637 -0.8555649 0.441907
vt 0.140625 0.1875
vn -0.012103498 -0.7293383 0.68404627
v 0.30584893 -0.8239019 0.45773533
vt 0.15625 0.1875
vn -0.34654465 -0.6804497 0.64567393
v 0.24667072 -0.78313845 0.46148854
vt 0.171875 0.1875
vn -0.500034 -0.71566117 0.48764232
v 0.19101223 -0.7470144 0.4611443
vt 0.1875 0.1875
vn -0.46524718 -0.8414729 0.27471521
v 0.14114723 -0.72770566 0.46530008
vt 0.203125 0.1875
vn -0.16000773 -0.9858443 0.05008453
v 0.09538351 -0.7317205 0.4795255
vt 0.21875 0.1875
vn 0.3156182 -0.94786537 -0.044006575
v 0.04962438 -0.7577057 0.5038448
vt 0.234375 0.1875
vn 0.60982674 -0.7908036 0.052355077
v -2.3275144e-08 -0.7969026 0.5324732
vt 0.25 0.1875
vn 0.6791232 -0.69348687 0.24055694
v -0.054758668 -0.8360995 0.5559736
vt 0.265625 0.1875
vn 0.56091255 -0.68893564 0.45906934
v -0.11237718 -0.8620846 0.5649583
vt 0.28125 0.1875
vn 0.20168418 -0.7540644 0.6250683
v -0.16799039 -0.8660994 0.55379003
vt 0.296875 0.1875
vn -0.33876586 -0.77346957 0.5357075
v -0.21652512 -0.8467907 0.5227378
vt 0.3125 0.1875
vn -0.6726711 -0.70606977 0.22131234
v -0.25534153 -0.8106666 0.47771028
vt 0.328125 0.1875
vn -0.7290229 -0.6818276 -0.060304493
v -0.28580365 -0.76990324 0.4277352
vt 0.34375 0.1875
vn -0.6211706 -0.74828047 -0.23285933
v -0.31293118 -0.73824024 0.38130775
vt 0.359375 0.1875
vn -0.3690752 -0.89626044 -0.24596904
v -0.34318116 -0.72635007 0.3431812
vt 0.375 0.1875
vn 0.0031798407 -0.99998987 -0.0031798407
v -0.38130775 -0.73824024 0.31293118
vt 0.390625 0.1875
vn 0.24595623 -0.89625496 0.36909705
v -0.42773536 -0.76990336 0.2858036
vt 0.40625 0.1875
vn 0.23283333 -0.74831414 0.6211397
v -0.4777105 -0.8106668 0.2553415
vt 0.421875 0.1875
vn 0.06031351 -0.68179125 0.7290562
v -0.5227379 -0.8467908 0.21652503
vt 0.4375 0.1875
vn -0.22125436 -0.70603156 0.67273027
v -0.55379003 -0.8660994 0.16799039
vt 0.453125 0.1875
vn -0.5356942 -0.773465 0.33879724
v -0.5649583 -0.8620846 0.112377174
vt 0.46875 0.1875
vn -0.6250686 -0.75405043 -0.20173523
v -0.55597353 -0.8360994 0.054758586
vt 0.484375 0.1875
vn -0.45913184 -0.6889501 -0.5608438
v -0.5324732 -0.7969026 -4.6550287e-08
vt 0.5 0.1875
vn -0.24055852 -0.69349164 -0.67911774
v -0.50384474 -0.75770557 -0.04962444
vt 0.515625 0.1875
vn -0.05233665 -0.7908235 -0.6098024
v -0.47952548 -0.7317205 -0.09538363
vt 0.53125 0.1875
vn 0.04397696 -0.9478691 -0.31561083
v -0.46530008 -0.7277057 -0.14114733
vt 0.546875 0.1875
vn -0.050062332 -0.9858419 0.16002935
v -0.46114427 -0.74701434 -0.19101222
vt 0.5625 0.1875
vn -0.27468374 -0.8414987 0.465219
v -0.46148854 -0.7831385 -0.2466708
vt 0.578125 0.1875
vn -0.4876314 -0.71567917 0.50001895
v -0.45773527 -0.8239019 -0.305849
vt 0.59375 0.1875
vn -0.645631 -0.680538 0.3464515
v -0.44190696 -0.8555649 -0.36266375
vt 0.609375 0.1875
vn -0.6840273 -0.7293567 0.0120595265
v -0.40984952 -0.86745507 -0.40984967
vt 0.625 0.1875
vn -0.4416209 -0.78098786 -0.4416209
v -0.36266372 -0.8555649 -0.44190696
vt 0.640625 0.1875
vn 0.012131116 -0.72932655 -0.6840581
v -0.30584878 -0.8239018 -0.4577353
vt 0.65625 0.1875
vn 0.34660116 -0.680413 -0.6456824
v -0.24667074 -0.78313845 -0.46148852
vt 0.671875 0.1875
vn 0.5000266 -0.71567243 -0.48763344
v -0.19101205 -0.74701434 -0.46114433
vt 0.6875 0.1875
vn 0.4652284 -0.8414925 -0.27468705
v -0.14114718 -0.72770566 -0.4653001
vt 0.703125 0.1875
vn 0.15996963 -0.98585105 -0.050073724
v -0.09538358 -0.7317205 -0.4795255
vt 0.71875 0.1875
vn -0.31560183 -0.94787085 0.044002064
v -0.04962428 -0.7577058 -0.50384486
vt 0.734375 0.1875
vn -0.6097991 -0.7908261 -0.05233734
v 6.349677e-09 -0.7969026 -0.5324732
vt 0.75 0.1875
vn -0.6791668 -0.6934488 -0.2405437
v 0.054758783 -0.8360995 -0.5559736
vt 0.765625 0.1875
vn -0.5609927 -0.68887854 -0.45905715
v 0.112377234 -0.8620846 -0.5649583
vt 0.78125 0.1875
vn -0.2017352 -0.75405043 -0.6250686
v 0.16799058 -0.8660994 -0.55379
vt 0.796875 0.1875
vn 0.33870846 -0.77348685 -0.53571886
v 0.21652518 -0.8467907 -0.5227378
vt 0.8125 0.1875
vn 0.67262655 -0.7060996 -0.22135189
v 0.25534147 -0.8106666 -0.4777103
vt 0.828125 0.1875
vn 0.7290228 -0.6818244 0.060342506
v 0.28580362 -0.7699031 -0.42773512
vt 0.84375 0.1875
vn 0.62115884 -0.7482913 0.23285593
v 0.3129312 -0.73824024 -0.38130772
vt 0.859375 0.1875
vn 0.3691105 -0.89623743 0.24599949
v 0.3431813 -0.72635007 -0.34318107
vt 0.875 0.1875
vn -0.0031798088 -0.99998987 0.0031798088
v 0.38130778 -0.73824024 -0.31293112
vt 0.890625 0.1875
vn -0.2459827 -0.896235 -0.36912778
v 0.42773515 -0.7699031 -0.28580356
vt 0.90625 0.1875
vn -0.23279138 -0.7483682 -0.6210903
v 0.47771037 -0.8106666 -0.25534138
vt 0.921875 0.1875
vn -0.060280398 -0.68185323 -0.7290009
v 0.5227379 -0.8467908 -0.21652512
vt 0.9375 0.1875
vn 0.22135279 -0.7061077 -0.6726179
v 0.5537902 -0.86609954 -0.16799022
vt 0.953125 0.1875
vn 0.5356865 -0.77351874 -0.3386869
v 0.5649583 -0.8620846 -0.11237712
vt 0.96875 0.1875
vn 0.6250681 -0.7540245 0.20183396
v 0.55597353 -0.8360993 -0.054758407
vt 0.984375 0.1875
vn 0.4590989 -0.6888905 0.5609439
v 0.5324732 -0.7969026 9.3100574e-08
vt 1 0.1875
vn 0.24058406 -0.6935655 0.6790333
v 0.4488417 -0.839724 0
vt 0 0.15625
vn 0.33035797 -0.45577842 0.82651657
v 0.4177852 -0.78540325 0.041148253
vt 0.015625 0.15625
vn 0.22252777 -0.5239751 0.8221506
v 0.39286163 -0.7493919 0.078145035
vt 0.03125 0.15625
vn 0.25177684 -0.7620715 0.5965362
v 0.3804644 -0.743828 0.115412615
vt 0.046875 0.15625
vn 0.47101566 -0.86338794 -0.18084691
v 0.38053408 -0.7705868 0.15762238
vt 0.0625 0.15625
vn 0.5752433 -0.58075374 -0.5760384
v 0.3868512 -0.8206491 0.20677628
vt 0.078125 0.15625
vn 0.66626734 -0.46455246 -0.5833342
v 0.38982734 -0.87714076 0.26047432
vt 0.09375 0.15625
vn 0.76356477 -0.47364786 -0.4388925
v 0.38054967 -0.9210206 0.3123091
vt 0.109375 0.15625
vn 0.80155987 -0.5892854 -0.10121487
v 0.35433358 -0.9374987 0.35433358
vt 0.125 0.15625
vn 0.4964447 -0.71209925 0.4964447
v 0.31230906 -0.9210206 0.3805497
vt 0.140625 0.15625
vn -0.10115695 -0.58931345 0.8015466
v 0.26047426 -0.8771407 0.38982734
vt 0.15625 0.15625
vn -0.43890423 -0.47363877 0.7635636
v 0.20677623 -0.820649 0.3868512
vt 0.171875 0.15625
vn -0.58334655 -0.4645362 0.6662679
v 0.15762238 -0.7705868 0.38053408
vt 0.1875 0.15625
vn -0.5760386 -0.5807536 0.5752433
v 0.11541261 -0.743828 0.3804644
vt 0.203125 0.15625
vn -0.18082163 -0.86339504 0.47101232
v 0.078145 -0.7493919 0.39286163
vt 0.21875 0.15625
vn 0.5965652 -0.7620536 0.25176236
v 0.04114825 -0.78540325 0.4177852
vt 0.234375 0.15625
vn 0.82215863 -0.5239651 0.2225212
v -1.9619494e-08 -0.839724 0.4488417
vt 0.25 0.15625
vn 0.82654357 -0.45574635 0.33033475
v -0.04684015 -0.89404476 0.47557563
vt 0.265625 0.15625
vn 0.701982 -0.50027215 0.5069013
v -0.096984304 -0.93005604 0.48757306
vt 0.28125 0.15625
vn 0.31172004 -0.6450879 0.69763327
v -0.14517114 -0.93561995 0.4785651
vt 0.296875 0.15625
vn -0.428458 -0.69266593 0.5802047
v -0.18590619 -0.90886104 0.44881716
vt 0.3125 0.15625
vn -0.8200984 -0.5392083 0.19155481
v -0.21638879 -0.8587988 0.40483484
vt 0.328125 0.15625
vn -0.88576514 -0.45890296 -0.069485374
v -0.23825191 -0.8023072 0.35656905
vt 0.34375 0.15625
vn -0.8497076 -0.486455 -0.20336778
v -0.25717524 -0.75842726 0.31336895
vt 0.359375 0.15625
vn -0.73101884 -0.66056764 -0.1710606
v -0.28042442 -0.74194926 0.28042445
vt 0.375 0.15625
vn -0.29339015 -0.9098596 0.29339015
v -0.31336895 -0.75842726 0.25717524
vt 0.390625 0.15625
vn 0.17106059 -0.66056764 0.73101884
v -0.35656917 -0.80230725 0.23825186
vt 0.40625 0.15625
vn 0.20335299 -0.4864503 0.8497139
v -0.40483496 -0.85879904 0.21638873
vt 0.421875 0.15625
vn 0.06949134 -0.45889756 0.88576746
v -0.44881728 -0.90886116 0.18590611
vt 0.4375 0.15625
vn -0.19144262 -0.5391277 0.8201775
v -0.4785651 -0.93561995 0.14517114
vt 0.453125 0.15625
vn -0.58018553 -0.6926585 0.4284962
v -0.48757306 -0.93005604 0.0969843
vt 0.46875 0.15625
vn -0.69763964 -0.6451038 -0.31167266
v -0.4755756 -0.89404464 0.046840083
vt 0.484375 0.15625
vn -0.5069126 -0.50031084 -0.70194626
v -0.4488417 -0.839724 -3.9238987e-08
vt 0.5 0.15625
vn -0.33035275 -0.45577136 -0.8265226
v -0.4177851 -0.78540313 -0.041148297
vt 0.515625 0.15625
vn -0.22252886 -0.52396685 -0.8221554
v -0.39286157 -0.7493919 -0.078145094
vt 0.53125 0.15625
vn -0.2517591 -0.7620496 -0.5965717
v -0.38046438 -0.743828 -0.11541269
vt 0.546875 0.15625
vn -0.471032 -0.86335856 0.18094446
v -0.38053405 -0.7705867 -0.15762237
vt 0.5625 0.15625
vn -0.5752422 -0.5807447 0.57604873
v -0.38685122 -0.82064915 -0.2067763
vt 0.578125 0.15625
vn -0.666284 -0.46454766 0.58331907
v -0.3898273 -0.87714076 -0.26047435
vt 0.59375 0.15625
vn -0.7635798 -0.4736879 0.4388231
v -0.38054967 -0.9210206 -0.31230912
vt 0.609375 0.15625
vn -0.8015488 -0.589309 0.101166144
v -0.35433352 -0.9374987 -0.35433364
vt 0.625 0.15625
vn -0.49644464 -0.7120992 -0.49644464
v -0.3123091 -0.9210206 -0.38054967
vt 0.640625 0.15625
vn 0.10123437 -0.58927596 -0.8015644
v -0.26047415 -0.8771406 -0.38982734
vt 0.65625 0.15625
vn 0.4390002 -0.4735649 -0.7635543
v -0.20677628 -0.82064915 -0.38685122
vt 0.671875 0.15625
vn 0.58332413 -0.4645428 -0.66628295
v -0.15762223 -0.7705867 -0.3805341
vt 0.6875 0.15625
vn 0.5760314 -0.58076763 -0.5752364
v -0.11541257 -0.743828 -0.3804644
vt 0.703125 0.15625
vn 0.18078418 -0.863402 -0.4710139
v -0.07814506 -0.7493919 -0.39286163
vt 0.71875 0.15625
vn -0.59656185 -0.76205564 -0.25176406
v -0.04114817 -0.78540343 -0.41778532
vt 0.734375 0.15625
vn -0.82214546 -0.5239791 -0.22253695
v 5.352381e-09 -0.839724 -0.4488417
vt 0.75 0.15625
vn -0.82657474 -0.45570922 -0.3303078
v 0.046840254 -0.8940448 -0.4755757
vt 0.765625 0.15625
vn -0.70205736 -0.5002122 -0.5068563
v 0.09698435 -0.93005604 -0.48757306
vt 0.78125 0.15625
vn -0.3116903 -0.6450979 -0.6976373
v 0.1451713 -0.93561995 -0.47856504
vt 0.796875 0.15625
vn 0.42848688 -0.69266033 -0.5801902
v 0.18590623 -0.90886104 -0.44881716
vt 0.8125 0.15625
vn 0.8200699 -0.53923714 -0.191595
v 0.21638873 -0.8587988 -0.40483484
vt 0.828125 0.15625
vn 0.88576514 -0.45890296 0.069485374
v 0.23825188 -0.802307 -0.35656896
vt 0.84375 0.15625
vn 0.8497104 -0.4864559 0.20335445
v 0.25717527 -0.75842726 -0.31336892
vt 0.859375 0.15625
vn 0.73103833 -0.66053694 0.1710965
v 0.28042454 -0.74194926 -0.28042433
vt 0.875 0.15625
vn 0.29339015 -0.9098596 -0.29339015
v 0.31336898 -0.75842726 -0.25717518
vt 0.890625 0.15625
vn -0.17104548 -0.66056746 -0.7310226
v 0.356569 -0.802307 -0.23825184
vt 0.90625 0.15625
vn -0.20329392 -0.48652655 -0.8496843
v 0.4048349 -0.8587988 -0.21638866
vt 0.921875 0.15625
vn -0.06941926 -0.45897076 -0.88573515
v 0.44881725 -0.90886116 -0.18590619
vt 0.9375 0.15625
vn 0.19159502 -0.53923714 -0.8200699
v 0.47856516 -0.93561995 -0.14517099
vt 0.953125 0.15625
vn 0.5801503 -0.69269884 -0.4284788
v 0.48757306 -0.93005604 -0.09698425
vt 0.96875 0.15625
vn 0.69762665 -0.6450712 0.3117692
v 0.47557557 -0.8940445 -0.046839926
vt 0.984375 0.15625
vn 0.5068614 -0.500219 0.70204884
v 0.4488417 -0.839724 7.8477974e-08
vt 1 0.15625
vn 0.3303977 -0.45583346 0.8264703
v 0.37536097 -0.906202 0
vt 0 0.125
vn 0.35123718 -0.3455374 0.87019324
v 0.34816346 -0.84460837 0.034291107
vt 0.015625 0.125
vn 0.3104103 -0.36877602 0.8761562
v 0.32653734 -0.8037756 0.064952314
vt 0.03125 0.125
vn 0.46764353 -0.5357279 0.7030684
v 0.31609783 -0.7974667 0.09588723
vt 0.046875 0.125
vn 0.7701776 -0.6222292 -0.14020361
v 0.31678835 -0.8278082 0.13121803
vt 0.0625 0.125
vn 0.712599 -0.40357757 -0.57387096
v 0.32313776 -0.8845733 0.17272075
vt 0.078125 0.125
vn 0.7224999 -0.342204 -0.60074157
v 0.32671317 -0.9486285 0.21830277
vt 0.09375 0.125
vn 0.7819543 -0.38304827 -0.49175337
v 0.31967363 -0.99838346 0.2623494
vt 0.109375 0.125
vn 0.8203764 -0.53805363 -0.19359976
v 0.29789206 -1.0170677 0.29789206
vt 0.125 0.125
vn 0.48394495 -0.7291053 0.48394495
v 0.26234937 -0.99838346 0.31967366
vt 0.140625 0.125
vn -0.19358073 -0.53806424 0.8203739
v 0.21830273 -0.9486284 0.32671317
vt 0.15625 0.125
vn -0.49172425 -0.3830644 0.7819648
v 0.1727207 -0.8845732 0.32313776
vt 0.171875 0.125
vn -0.6007445 -0.3422015 0.72249854
v 0.13121803 -0.8278082 0.31678835
vt 0.1875 0.125
vn -0.5738946 -0.403561 0.71258926
v 0.09588722 -0.7974667 0.31609783
vt 0.203125 0.125
vn -0.14016636 -0.6222384 0.770177
v 0.064952284 -0.8037756 0.32653734
vt 0.21875 0.125
vn 0.7030508 -0.535738 0.4676585
v 0.034291107 -0.8446084 0.3481635
vt 0.234375 0.125
vn 0.8761828 -0.36874 0.31037807
v -1.6407549e-08 -0.906202 0.37536097
vt 0.25 0.125
vn 0.8701868 -0.34554544 0.35124543
v -0.039292548 -0.9677957 0.3989436
vt 0.265625 0.125
vn 0.7675191 -0.41947427 0.48472238
v -0.081506275 -1.0086284 0.40975973
vt 0.28125 0.125
vn 0.40048176 -0.6191012 0.6755206
v -0.12203587 -1.0149374 0.40229833
vt 0.296875 0.125
vn -0.47516143 -0.6954761 0.5390125
v -0.15607084 -0.9845957 0.3767883
vt 0.3125 0.125
vn -0.87323576 -0.47049809 0.12684983
v -0.1811672 -0.9278308 0.33893988
vt 0.328125 0.125
vn -0.92902404 -0.35897622 -0.08972441
v -0.19877607 -0.86377555 0.2974893
vt 0.34375 0.125
vn -0.9208833 -0.34936056 -0.17297724
v -0.2139036 -0.81402063 0.26064232
vt 0.359375 0.125
vn -0.88569 -0.45835963 -0.07388907
v -0.23294851 -0.7953365 0.23294854
vt 0.375 0.125
vn -0.5277523 -0.66554874 0.5277523
v -0.26064232 -0.81402063 0.2139036
vt 0.390625 0.125
vn 0.07388906 -0.45835966 0.88569
v -0.2974894 -0.8637757 0.19877602
vt 0.40625 0.125
vn 0.17299208 -0.34936896 0.9208773
v -0.33894 -0.92783105 0.18116716
vt 0.421875 0.125
vn 0.08974181 -0.3589522 0.9290316
v -0.3767884 -0.98459595 0.1560708
vt 0.4375 0.125
vn -0.12676144 -0.4704468 0.87327623
v -0.40229833 -1.0149374 0.12203587
vt 0.453125 0.125
vn -0.5389898 -0.6954657 0.47520268
v -0.40975973 -1.0086284 0.08150627
vt 0.46875 0.125
vn -0.67550933 -0.6190783 -0.4005361
v -0.39894354 -0.9677956 0.03929249
vt 0.484375 0.125
vn -0.48469967 -0.4194559 -0.7675435
v -0.37536097 -0.906202 -3.2815098e-08
vt 0.5 0.125
vn -0.3512515 -0.34555158 -0.8701819
v -0.3481634 -0.84460825 -0.034291144
vt 0.515625 0.125
vn -0.31041265 -0.36875758 -0.8761632
v -0.3265373 -0.80377555 -0.064952366
vt 0.53125 0.125
vn -0.46765605 -0.53573316 -0.7030561
v -0.31609783 -0.79746675 -0.095887296
vt 0.546875 0.125
vn -0.77017105 -0.62222314 0.14026745
v -0.31678832 -0.8278082 -0.13121802
vt 0.5625 0.125
vn -0.7125929 -0.40358934 0.5738701
v -0.3231378 -0.88457334 -0.17272076
vt 0.578125 0.125
vn -0.7225003 -0.34220502 0.60074025
v -0.32671314 -0.9486285 -0.21830279
vt 0.59375 0.125
vn -0.78198016 -0.38312018 0.49165636
v -0.31967363 -0.99838346 -0.26234943
vt 0.609375 0.125
vn -0.820382 -0.53802973 0.19364226
v -0.297892 -1.0170677 -0.29789212
vt 0.625 0.125
vn -0.48393285 -0.72910523 -0.48395705
v -0.2623494 -0.99838346 -0.31967363
vt 0.640625 0.125
vn 0.19370668 -0.53799367 -0.82039046
v -0.21830262 -0.9486283 -0.32671314
vt 0.65625 0.125
vn 0.49180403 -0.38300568 -0.7819433
v -0.17272075 -0.88457334 -0.3231378
vt 0.671875 0.125
vn 0.60073465 -0.3422096 -0.7225028
v -0.13121791 -0.8278082 -0.31678835
vt 0.6875 0.125
vn 0.57390076 -0.40356794 -0.71258044
v -0.09588719 -0.7974667 -0.31609786
vt 0.703125 0.125
vn 0.14021365 -0.6222268 -0.77017784
v -0.064952336 -0.8037756 -0.32653734
vt 0.71875 0.125
vn -0.7030443 -0.53573984 -0.467666
v -0.03429104 -0.8446086 -0.34816355
vt 0.734375 0.125
vn -0.876174 -0.36874753 -0.310394
v 4.476133e-09 -0.906202 -0.37536097
vt 0.75 0.125
vn -0.87020856 -0.34551844 -0.35121796
v 0.039292637 -0.96779585 -0.39894363
vt 0.765625 0.125
vn -0.7676163 -0.41938546 -0.48464534
v 0.08150631 -1.0086284 -0.40975973
vt 0.78125 0.125
vn -0.40055466 -0.6190705 -0.6755055
v 0.122036 -1.0149374 -0.40229827
vt 0.796875 0.125
vn 0.4752776 -0.69544756 -0.538947
v 0.15607087 -0.9845957 -0.3767883
vt 0.8125 0.125
vn 0.8732047 -0.47054228 -0.12690003
v 0.18116716 -0.9278308 -0.3389399
vt 0.828125 0.125
vn 0.92902625 -0.35896757 0.08973537
v 0.19877604 -0.8637754 -0.2974892
vt 0.84375 0.125
vn 0.9208802 -0.34936967 0.17297536
v 0.21390362 -0.81402063 -0.2606423
vt 0.859375 0.125
vn 0.88570464 -0.45832044 0.07395692
v 0.23294862 -0.7953365 -0.23294845
vt 0.875 0.125
vn 0.5277607 -0.66554874 -0.5277438
v 0.26064232 -0.81402063 -0.21390356
vt 0.890625 0.125
vn -0.07395503 -0.45832154 -0.8857043
v 0.29748923 -0.8637754 -0.19877599
vt 0.90625 0.125
vn -0.17289458 -0.3494189 -0.9208767
v 0.33893996 -0.9278308 -0.18116708
vt 0.921875 0.125
vn -0.08967292 -0.3590166 -0.9290134
v 0.37678838 -0.98459595 -0.15607086
vt 0.9375 0.125
vn 0.1268954 -0.47055534 -0.87319833
v 0.40229836 -1.0149374 -0.12203574
vt 0.953125 0.125
vn 0.5390032 -0.6954719 -0.47517833
v 0.40975973 -1.0086284 -0.08150623
vt 0.96875 0.125
vn 0.67548877 -0.6190363 0.4006358
v 0.39894348 -0.96779543 -0.039292354
vt 0.984375 0.125
vn 0.48464644 -0.41938478 0.7676159
v 0.37536097 -0.906202 6.5630196e-08
vt 1 0.125
vn 0.35129774 -0.34559712 0.8701451
v 0.29712665 -0.9794953 0
vt 0 0.09375
vn 0.26638776 -0.3401576 0.9018483
v 0.27790233 -0.92055386 0.027370991
vt 0.015625 0.09375
vn 0.25833067 -0.3538925 0.8989023
v 0.26225594 -0.8814793 0.052165948
vt 0.03125 0.09375
vn 0.44739702 -0.51497906 0.7311857
v 0.2541274 -0.875442 0.07708871
vt 0.046875 0.09375
vn 0.7794929 -0.60492224 -0.1626652
v 0.25348496 -0.9044771 0.10499691
vt 0.0625 0.09375
vn 0.68734276 -0.38571766 -0.6154526
v 0.25650516 -0.9587979 0.13710488
vt 0.078125 0.09375
vn 0.6728606 -0.33346665 -0.66034746
v 0.25729194 -1.0200949 0.17191699
vt 0.09375 0.09375
vn 0.70772123 -0.3867211 -0.5912507
v 0.25036684 -1.0677073 0.20547079
vt 0.109375 0.09375
vn 0.7241636 -0.58284926 -0.3686107
v 0.23285678 -1.085587 0.23285678
vt 0.125 0.09375
vn 0.3266999 -0.88686776 0.3266999
v 0.20547077 -1.0677073 0.25036687
vt 0.140625 0.09375
vn -0.36859092 -0.5828619 0.7241634
v 0.17191696 -1.0200948 0.25729194
vt 0.15625 0.09375
vn -0.5912552 -0.38670602 0.70772576
v 0.13710485 -0.9587979 0.2565052
vt 0.171875 0.09375
vn -0.6603278 -0.3334871 0.67286974
v 0.10499691 -0.9044771 0.25348496
vt 0.1875 0.09375
vn -0.61544067 -0.38572693 0.6873482
v 0.077088706 -0.875442 0.2541274
vt 0.203125 0.09375
vn -0.16264772 -0.6049051 0.77950984
v 0.052165926 -0.8814793 0.26225594
vt 0.21875 0.09375
vn 0.73116976 -0.514989 0.44741163
v 0.02737099 -0.92055386 0.27790233
vt 0.234375 0.09375
vn 0.8989015 -0.35389408 0.25833124
v -1.2987819e-08 -0.9794953 0.29712665
vt 0.25 0.09375
vn 0.90185565 -0.34014547 0.2663783
v -0.030876048 -1.0384368 0.3134895
vt 0.265625 0.09375
vn 0.83057123 -0.43072763 0.35302275
v -0.06376712 -1.0775112 0.32057896
vt 0.28125 0.09375
vn 0.52168125 -0.6999785 0.4877282
v -0.09541392 -1.0835484 0.31453755
vt 0.296875 0.09375
vn -0.47173932 -0.82548064 0.3099093
v -0.12241399 -1.0545133 0.29553348
vt 0.3125 0.09375
vn -0.86826885 -0.49407312 -0.044730708
v -0.14302422 -1.0001926 0.2675794
vt 0.328125 0.09375
vn -0.91344506 -0.35746107 -0.19452442
v -0.1582325 -0.93889564 0.23681156
vt 0.34375 0.09375
vn -0.91057026 -0.33756864 -0.23855647
v -0.17151953 -0.8912832 0.20899718
vt 0.359375 0.09375
vn -0.8915505 -0.43808123 -0.11498919
v -0.18734373 -0.87340355 0.18734375
vt 0.375 0.09375
vn -0.5363523 -0.65165365 0.5363523
v -0.20899718 -0.8912832 0.17151953
vt 0.390625 0.09375
vn 0.1149892 -0.43808123 0.8915505
v -0.23681165 -0.93889576 0.15823247
vt 0.40625 0.09375
vn 0.2385442 -0.33756623 0.91057444
v -0.26757953 -1.0001929 0.1430242
vt 0.421875 0.09375
vn 0.19452198 -0.3574601 0.91344595
v -0.29553354 -1.0545135 0.12241394
vt 0.4375 0.09375
vn 0.04480159 -0.49399114 0.868312
v -0.31453755 -1.0835484 0.09541392
vt 0.453125 0.09375
vn -0.30988777 -0.82546467 0.47178134
v -0.32057896 -1.0775112 0.06376711
vt 0.46875 0.09375
vn -0.4877545 -0.69992775 -0.5217248
v -0.31348947 -1.0384367 0.030876001
vt 0.484375 0.09375
vn -0.3529936 -0.43073013 -0.8305823
v -0.29712665 -0.9794953 -2.5975638e-08
vt 0.5 0.09375
vn -0.26639158 -0.34016255 -0.90184534
v -0.27790228 -0.9205537 -0.027371021
vt 0.515625 0.09375
vn -0.25833935 -0.35390183 -0.8988962
v -0.26225594 -0.88147926 -0.052165993
vt 0.53125 0.09375
vn -0.44742614 -0.5149959 -0.731156
v -0.25412744 -0.8754421 -0.077088766
vt 0.546875 0.09375
vn -0.7794957 -0.60489076 0.1627687
v -0.25348496 -0.90447706 -0.10499691
vt 0.5625 0.09375
vn -0.68736327 -0.3857524 0.61540794
v -0.25650516 -0.9587979 -0.13710488
vt 0.578125 0.09375
vn -0.67285305 -0.33348915 0.66034365
v -0.25729194 -1.0200949 -0.171917
vt 0.59375 0.09375
vn -0.70769423 -0.38679472 0.59123486
v -0.25036684 -1.0677073 -0.2054708
vt 0.609375 0.09375
vn -0.7241668 -0.58282834 0.3686374
v -0.23285674 -1.085587 -0.23285682
vt 0.625 0.09375
vn -0.32670122 -0.8868667 -0.32670122
v -0.20547079 -1.0677073 -0.25036684
vt 0.640625 0.09375
vn 0.36869743 -0.5827738 -0.7241801
v -0.17191689 -1.0200946 -0.25729194
vt 0.65625 0.09375
vn 0.59134054 -0.38664943 -0.7076854
v -0.13710487 -0.9587979 -0.25650516
vt 0.671875 0.09375
vn 0.6603536 -0.3334788 -0.6728484
v -0.10499681 -0.904477 -0.25348496
vt 0.6875 0.09375
vn 0.6153925 -0.3857644 -0.6873703
v -0.077088684 -0.875442 -0.25412744
vt 0.703125 0.09375
vn 0.16266404 -0.60490084 -0.77950966
v -0.052165963 -0.8814793 -0.26225594
vt 0.71875 0.09375
vn -0.7311535 -0.51499826 -0.44742745
v -0.027370933 -0.92055404 -0.2779024
vt 0.734375 0.09375
vn -0.89889205 -0.35391143 -0.25834048
v 3.5431982e-09 -0.9794953 -0.29712665
vt 0.75 0.09375
vn -0.9018758 -0.3401125 -0.26635247
v 0.030876117 -1.0384369 -0.31348953
vt 0.765625 0.09375
vn -0.8306257 -0.4306559 -0.35298213
v 0.06376715 -1.0775112 -0.32057896
vt 0.78125 0.09375
vn -0.52173555 -0.6999438 -0.48771995
v 0.095414035 -1.0835484 -0.3145375
vt 0.796875 0.09375
vn 0.47191122 -0.82541627 -0.30981892
v 0.12241402 -1.0545133 -0.29553348
vt 0.8125 0.09375
vn 0.8682674 -0.494076 0.044728275
v 0.14302419 -1.0001926 -0.26757944
vt 0.828125 0.09375
vn 0.9134472 -0.35746202 0.19451249
v 0.15823248 -0.9388955 -0.23681152
vt 0.84375 0.09375
vn 0.9105739 -0.33756498 0.23854783
v 0.17151955 -0.8912832 -0.20899716
vt 0.859375 0.09375
vn 0.89156383 -0.43803367 0.11506713
v 0.1873438 -0.87340355 -0.18734369
vt 0.875 0.09375
vn 0.53636295 -0.65165365 -0.5363416
v 0.20899719 -0.8912832 -0.1715195
vt 0.890625 0.09375
vn -0.11506469 -0.43803433 -0.8915639
v 0.23681153 -0.9388955 -0.15823245
vt 0.90625 0.09375
vn -0.23849119 -0.33761454 -0.9105704
v 0.26757947 -1.0001926 -0.14302413
vt 0.921875 0.09375
vn -0.19447507 -0.35751438 -0.9134347
v 0.2955335 -1.0545135 -0.122413985
vt 0.9375 0.09375
vn -0.04469608 -0.49411863 -0.8682448
v 0.31453758 -1.0835484 -0.09541383
vt 0.953125 0.09375
vn 0.3099301 -0.8254477 -0.47178328
v 0.32057896 -1.0775112 -0.06376708
vt 0.96875 0.09375
vn 0.48775598 -0.69992703 0.52172434
v 0.31348947 -1.0384365 -0.0308759
vt 0.984375 0.09375
vn 0.35296097 -0.43061787 0.83065444
v 0.29712665 -0.9794953 5.1951275e-08
vt 1 0.09375
vn 0.26643068 -0.34021252 0.9018149
v 0.20465739 -1.0288823 0
vt 0 0.0625
vn 0.10332588 -0.35952502 0.9273972
v 0.19451931 -0.9826464 0.01915848
vt 0.015625 0.0625
vn 0.10453216 -0.3860102 0.91655284
v 0.18572496 -0.95199484 0.036942992
vt 0.03125 0.0625
vn 0.26011392 -0.6028108 0.7542942
v 0.18030813 -0.947259 0.05469588
vt 0.046875 0.0625
vn 0.6178821 -0.7394371 -0.26730978
v 0.1782644 -0.97003514 0.07383953
vt 0.0625 0.0625
vn 0.55751896 -0.4275704 -0.7115871
v 0.17764354 -1.0126464 0.09495245
vt 0.078125 0.0625
vn 0.54895794 -0.35544446 -0.7565081
v 0.1754337 -1.0607301 0.11722106
vt 0.09375 0.0625
vn 0.5602572 -0.40445378 -0.72286165
v 0.1688421 -1.0980792 0.13856515
vt 0.109375 0.0625
vn 0.51099455 -0.61662173 -0.59888417
v 0.15642005 -1.1121047 0.15642005
vt 0.125 0.0625
vn -0.015532206 -0.9997587 -0.015532206
v 0.13856514 -1.0980792 0.16884212
vt 0.140625 0.0625
vn -0.5988343 -0.61670196 0.51095617
v 0.11722104 -1.0607301 0.17543371
vt 0.15625 0.0625
vn -0.72284305 -0.40449384 0.56025237
v 0.09495243 -1.0126463 0.17764352
vt 0.171875 0.0625
vn -0.75650835 -0.35546988 0.548941
v 0.07383953 -0.97003514 0.1782644
vt 0.1875 0.0625
vn -0.7116129 -0.42753878 0.55751026
v 0.05469587 -0.947259 0.18030813
vt 0.203125 0.0625
vn -0.2673007 -0.73944026 0.6178822
v 0.036942974 -0.95199484 0.18572496
vt 0.21875 0.0625
vn 0.7543243 -0.60278374 0.26008955
v 0.019158479 -0.9826464 0.19451931
vt 0.234375 0.0625
vn 0.9165673 -0.3859741 0.104539186
v -8.945858e-09 -1.0288823 0.20465739
vt 0.25 0.0625
vn 0.9273912 -0.35953945 0.10333007
v -0.020961404 -1.0751183 0.21282452
vt 0.265625 0.0625
vn 0.88287365 -0.44994032 0.13449115
v -0.04291036 -1.1057696 0.21572495
vt 0.28125 0.0625
vn 0.6433189 -0.75499684 0.12696688
v -0.06412194 -1.1105056 0.21138169
vt 0.296875 0.0625
vn -0.38065073 -0.91531175 -0.13156512
v -0.08279847 -1.0877293 0.19989316
vt 0.3125 0.0625
vn -0.8017963 -0.51773274 -0.29845512
v -0.09799722 -1.0451181 0.18333985
vt 0.328125 0.0625
vn -0.85310435 -0.37542498 -0.3623108
v -0.110182084 -0.99703443 0.16489907
vt 0.34375 0.0625
vn -0.85064584 -0.3635743 -0.37975705
v -0.12110141 -0.9596854 0.1475625
vt 0.359375 0.0625
vn -0.8233737 -0.49639857 -0.27503484
v -0.1330092 -0.9456599 0.13300921
vt 0.375 0.0625
vn -0.4070734 -0.817669 0.4070734
v -0.1475625 -0.9596854 0.12110141
vt 0.390625 0.0625
vn 0.27502254 -0.4963941 0.82338053
v -0.16489913 -0.99703455 0.11018206
vt 0.40625 0.0625
vn 0.379736 -0.36356935 0.8506573
v -0.18333991 -1.0451183 0.097997196
vt 0.421875 0.0625
vn 0.36232942 -0.3754292 0.8530946
v -0.1998932 -1.0877295 0.08279844
vt 0.4375 0.0625
vn 0.29846826 -0.51768696 0.80182093
v -0.21138169 -1.1105056 0.06412194
vt 0.453125 0.0625
vn 0.13147266 -0.91538674 0.38050222
v -0.21572495 -1.1057696 0.042910356
vt 0.46875 0.0625
vn -0.12695327 -0.7550571 -0.6432509
v -0.2128245 -1.0751182 0.020961372
vt 0.484375 0.0625
vn -0.13447009 -0.4500047 -0.88284403
v -0.20465739 -1.0288823 -1.7891717e-08
vt 0.5 0.0625
vn -0.1033301 -0.35954 -0.9273909
v -0.19451928 -0.9826463 -0.019158503
vt 0.515625 0.0625
vn -0.104567446 -0.38602525 -0.9165425
v -0.18572494 -0.9519948 -0.03694302
vt 0.53125 0.0625
vn -0.26011097 -0.6027826 -0.7543179
v -0.18030813 -0.947259 -0.05469591
vt 0.546875 0.0625
vn -0.61788243 -0.7394312 0.26732534
v -0.17826438 -0.9700351 -0.07383952
vt 0.5625 0.0625
vn -0.55752796 -0.4275564 0.71158844
v -0.17764354 -1.0126464 -0.09495246
vt 0.578125 0.0625
vn -0.54894674 -0.35551083 0.75648504
v -0.17543368 -1.0607301 -0.117221065
vt 0.59375 0.0625
vn -0.5602441 -0.40457156 0.7228059
v -0.1688421 -1.0980792 -0.13856517
vt 0.609375 0.0625
vn -0.51096416 -0.6166915 0.5988382
v -0.15642002 -1.1121047 -0.15642008
vt 0.625 0.0625
vn 0.015531836 -0.9997587 0.015532576
v -0.13856515 -1.0980792 -0.1688421
vt 0.640625 0.0625
vn 0.59889555 -0.6166034 -0.5110033
v -0.11722099 -1.06073 -0.1754337
vt 0.65625 0.0625
vn 0.7228836 -0.40443653 -0.5602414
v -0.09495245 -1.0126464 -0.17764354
vt 0.671875 0.0625
vn 0.7565064 -0.355472 -0.5489423
v -0.07383946 -0.9700351 -0.1782644
vt 0.6875 0.0625
vn 0.7115951 -0.4275642 -0.55751354
v -0.054695856 -0.947259 -0.18030815
vt 0.703125 0.0625
vn 0.2672028 -0.7394616 -0.61789894
v -0.036943004 -0.95199484 -0.18572496
vt 0.71875 0.0625
vn -0.7543169 -0.6027904 -0.26009557
v -0.01915844 -0.9826465 -0.19451934
vt 0.734375 0.0625
vn -0.91656226 -0.3859846 -0.104544125
v 2.4405138e-09 -1.0288823 -0.20465739
vt 0.75 0.0625
vn -0.92740655 -0.35950258 -0.103319444
v 0.020961449 -1.0751183 -0.21282452
vt 0.765625 0.0625
vn -0.8828965 -0.44990334 -0.13446456
v 0.04291038 -1.1057696 -0.21572495
vt 0.78125 0.0625
vn -0.64325327 -0.75505495 -0.12695375
v 0.064122014 -1.1105056 -0.21138166
vt 0.796875 0.0625
vn 0.3805058 -0.9153852 0.1314737
v 0.08279849 -1.0877293 -0.19989316
vt 0.8125 0.0625
vn 0.8017504 -0.5178179 0.29843053
v 0.097997196 -1.0451181 -0.18333986
vt 0.828125 0.0625
vn 0.8531045 -0.37542486 0.3623104
v 0.110182084 -0.9970343 -0.16489907
vt 0.84375 0.0625
vn 0.8506581 -0.36356404 0.37973928
v 0.121101424 -0.9596854 -0.14756249
vt 0.859375 0.0625
vn 0.82338804 -0.4963393 0.27509892
v 0.13300925 -0.9456599 -0.13300917
vt 0.875 0.0625
vn 0.4070717 -0.8176706 -0.4070717
v 0.14756252 -0.9596854 -0.12110139
vt 0.890625 0.0625
vn -0.27508235 -0.49633327 -0.8233972
v 0.16489907 -0.9970343 -0.11018206
vt 0.90625 0.0625
vn -0.3797303 -0.3636179 -0.8506391
v 0.1833399 -1.0451181 -0.09799716
vt 0.921875 0.0625
vn -0.36231 -0.3754712 -0.8530843
v 0.19989319 -1.0877295 -0.082798466
vt 0.9375 0.0625
vn -0.2984323 -0.5178119 -0.80175376
v 0.21138172 -1.1105056 -0.06412187
vt 0.953125 0.0625
vn -0.1315188 -0.91538364 -0.38049382
v 0.21572495 -1.1057696 -0.042910337
vt 0.96875 0.0625
vn 0.12697546 -0.7549543 0.64336705
v 0.2128245 -1.0751181 -0.020961305
vt 0.984375 0.0625
vn 0.13448536 -0.44984812 0.88292146
v 0.20465739 -1.0288823 3.5783433e-08
vt 1 0.0625
vn 0.10335117 -0.35961357 0.92736
v 0.1018055 -1.0336491 0
vt 0 0.03125
vn -0.06058498 -0.3526192 0.9338036
v 0.09882662 -1.008259 0.009733573
vt 0.015625 0.03125
vn -0.06634271 -0.39717138 0.9153434
v 0.095770724 -0.99142694 0.019049982
vt 0.03125 0.03125
vn 0.004859387 -0.6656116 0.7462825
v 0.09319723 -0.98882633 0.028271072
vt 0.046875 0.03125
vn 0.34483537 -0.8509213 -0.39625952
v 0.091115505 -1.0013337 0.03774128
vt 0.0625 0.03125
vn 0.39387184 -0.44828746 -0.8024358
v 0.089009985 -1.0247333 0.047576834
vt 0.078125 0.03125
vn 0.41156563 -0.35400116 -0.83981955
v 0.086080395 -1.051138 0.057517085
vt 0.09375 0.03125
vn 0.40565315 -0.38579366 -0.8286185
v 0.08158975 -1.071648 0.066958986
vt 0.109375 0.03125
vn 0.28360745 -0.5659767 -0.7741041
v 0.075170144 -1.07935 0.075170144
vt 0.125 0.03125
vn -0.33502862 -0.8806314 -0.33502862
v 0.06695898 -1.071648 0.08158976
vt 0.140625 0.03125
vn -0.7741024 -0.56598103 0.2836033
v 0.057517078 -1.051138 0.0860804
vt 0.15625 0.03125
vn -0.82860225 -0.38587195 0.40561217
v 0.047576826 -1.0247333 0.08900999
vt 0.171875 0.03125
vn -0.83981985 -0.3540281 0.41154182
v 0.03774128 -1.0013337 0.091115505
vt 0.1875 0.03125
vn -0.80247647 -0.44820946 0.39387798
v 0.028271068 -0.98882633 0.09319723
vt 0.203125 0.03125
vn -0.39623484 -0.8509343 0.34483138
v 0.019049974 -0.991427 0.09577073
vt 0.21875 0.03125
vn 0.7463586 -0.66552657 0.0048246575
v 0.009733572 -1.008259 0.09882662
vt 0.234375 0.03125
vn 0.91533667 -0.397187 -0.06634112
v -4.45006e-09 -1.0336491 0.1018055
vt 0.25 0.03125
vn 0.9338238 -0.35256702 -0.060575977
v -0.010223805 -1.0590392 0.10380394
vt 0.265625 0.03125
vn 0.90277505 -0.42370722 -0.073955074
v -0.020672552 -1.0758712 0.10392794
vt 0.28125 0.03125
vn 0.6975639 -0.6826378 -0.21773899
v -0.030834086 -1.0784719 0.10164636
vt 0.296875 0.03125
vn -0.24627408 -0.81362164 -0.5266582
v -0.04017728 -1.0659645 0.096996516
vt 0.3125 0.03125
vn -0.70562804 -0.48145375 -0.51989555
v -0.048404735 -1.0425649 0.090558864
vt 0.328125 0.03125
vn -0.77546585 -0.3630196 -0.5165943
v -0.055603143 -1.0161601 0.083215944
vt 0.34375 0.03125
vn -0.7701354 -0.36788303 -0.5211081
v -0.06221047 -0.99565023 0.07580368
vt 0.359375 0.03125
vn -0.71206075 -0.53190506 -0.45830837
v -0.06880456 -0.9879482 0.06880456
vt 0.375 0.03125
vn -0.17898571 -0.9674338 0.17898571
v -0.07580368 -0.99565023 0.06221047
vt 0.390625 0.03125
vn 0.45830837 -0.531905 0.71206075
v -0.08321597 -1.0161601 0.055603124
vt 0.40625 0.03125
vn 0.52114266 -0.367805 0.77014923
v -0.09055888 -1.0425649 0.048404716
vt 0.421875 0.03125
vn 0.51659435 -0.36302432 0.7754635
v -0.096996546 -1.0659646 0.040177263
vt 0.4375 0.03125
vn 0.51987225 -0.481426 0.70566404
v -0.10164636 -1.0784719 0.030834086
vt 0.453125 0.03125
vn 0.5266604 -0.8136135 0.24629644
v -0.10392794 -1.0758712 0.02067255
vt 0.46875 0.03125
vn 0.21783678 -0.6827658 -0.6974081
v -0.10380394 -1.0590392 0.010223791
vt 0.484375 0.03125
vn 0.07397647 -0.42375505 -0.90275085
v -0.1018055 -1.0336491 -8.90012e-09
vt 0.5 0.03125
vn 0.06058123 -0.35259688 -0.93381226
v -0.09882662 -1.008259 -0.009733585
vt 0.515625 0.03125
vn 0.066359155 -0.3972367 -0.9153139
v -0.09577072 -0.99142694 -0.019049997
vt 0.53125 0.03125
vn -0.004869615 -0.66558415 -0.74630684
v -0.09319723 -0.98882633 -0.028271088
vt 0.546875 0.03125
vn -0.34480286 -0.85102737 0.39605987
v -0.091115505 -1.0013337 -0.03774128
vt 0.5625 0.03125
vn -0.39387327 -0.4482693 0.8024453
v -0.089009985 -1.0247333 -0.047576837
vt 0.578125 0.03125
vn -0.41156837 -0.3539909 0.8398226
v -0.08608039 -1.051138 -0.057517093
vt 0.59375 0.03125
vn -0.40557536 -0.38593972 0.82858866
v -0.08158975 -1.071648 -0.06695899
vt 0.609375 0.03125
vn -0.28362703 -0.5659558 0.7741122
v -0.07517014 -1.07935 -0.07517016
vt 0.625 0.03125
vn 0.33502918 -0.8806309 0.33502918
v -0.066958986 -1.071648 -0.08158975
vt 0.640625 0.03125
vn 0.77411056 -0.5659602 -0.28362292
v -0.05751705 -1.0511379 -0.086080395
vt 0.65625 0.03125
vn 0.82862246 -0.38577813 -0.40565994
v -0.04757683 -1.0247333 -0.089009985
vt 0.671875 0.03125
vn 0.8398234 -0.3539858 -0.41157106
v -0.037741248 -1.0013337 -0.09111552
vt 0.6875 0.03125
vn 0.8025048 -0.44815502 -0.39388224
v -0.02827106 -0.98882633 -0.093197234
vt 0.703125 0.03125
vn 0.39607522 -0.8510186 -0.34480697
v -0.019049989 -0.991427 -0.09577073
vt 0.71875 0.03125
vn -0.7463041 -0.6655875 -0.0048495214
v -0.009733552 -1.0082592 -0.09882663
vt 0.734375 0.03125
vn -0.9153166 -0.39723453 0.06633586
v 1.2140179e-09 -1.0336491 -0.1018055
vt 0.75 0.03125
vn -0.9338381 -0.3525304 0.060569715
v 0.010223826 -1.0590392 -0.10380394
vt 0.765625 0.03125
vn -0.9027951 -0.42366767 0.0739379
v 0.020672562 -1.0758712 -0.10392794
vt 0.78125 0.03125
vn -0.6974041 -0.6827692 0.21783935
v 0.03083412 -1.0784719 -0.10164634
vt 0.796875 0.03125
vn 0.24630013 -0.8136121 0.52666074
v 0.04017729 -1.0659645 -0.096996516
vt 0.8125 0.03125
vn 0.7055765 -0.48151985 0.5199042
v 0.048404723 -1.0425649 -0.09055887
vt 0.828125 0.03125
vn 0.7754658 -0.36301807 0.5165953
v 0.055603143 -1.01616 -0.083215944
vt 0.84375 0.03125
vn 0.7701232 -0.36788478 0.52112496
v 0.062210474 -0.99565023 -0.075803675
vt 0.859375 0.03125
vn 0.7121169 -0.53175646 0.45839357
v 0.06880459 -0.9879482 -0.06880454
vt 0.875 0.03125
vn 0.17898087 -0.96743387 -0.17899056
v 0.07580369 -0.99565023 -0.06221046
vt 0.890625 0.03125
vn -0.45838693 -0.5317657 -0.7121142
v 0.083215944 -1.01616 -0.05560313
vt 0.90625 0.03125
vn -0.5211235 -0.3678896 -0.77012175
v 0.09055888 -1.0425649 -0.048404705
vt 0.921875 0.03125
vn -0.5165956 -0.36303067 -0.77545965
v 0.09699654 -1.0659646 -0.04017728
vt 0.9375 0.03125
vn -0.51988506 -0.48152047 -0.70559025
v 0.101646364 -1.0784719 -0.030834055
vt 0.953125 0.03125
vn -0.52663225 -0.8136254 -0.24631748
v 0.10392794 -1.0758712 -0.020672541
vt 0.96875 0.03125
vn -0.21771282 -0.6826036 0.6976056
v 0.10380393 -1.0590391 -0.010223757
vt 0.984375 0.03125
vn -0.0739385 -0.4236667 0.9027955
v 0.1018055 -1.0336491 1.780024e-08
vt 1 0.03125
vn -0.060592864 -0.35266414 0.9337861
v -8.742278e-08 -1 -0
vt 0 0
vn 0 -1 0
v -8.700181e-08 -1 -8.5689305e-09
vt 0.015625 0
vn 0 -1 0
v -8.5742975e-08 -1 -1.7055338e-08
vt 0.03125 0
vn 0 -1 0
v -8.3658385e-08 -1 -2.5377494e-08
vt 0.046875 0
vn 0 -1 0
v -8.076812e-08 -1 -3.345525e-08
vt 0.0625 0
vn 0 -1 0
v -7.7100005e-08 -1 -4.121081e-08
vt 0.078125 0
vn 0 -1 0
v -7.268938e-08 -1 -4.8569493e-08
vt 0.09375 0
vn 0 -1 0
v -6.757871e-08 -0.99999994 -5.5460422e-08
vt 0.109375 0
vn 0 -1 0
v -6.181723e-08 -0.99999994 -6.181723e-08
vt 0.125 0
vn 0 -1 0
v -5.546042e-08 -0.99999994 -6.757872e-08
vt 0.140625 0
vn 0 -1 0
v -4.856949e-08 -1 -7.268939e-08
vt 0.15625 0
vn 0 -1 0
v -4.1210807e-08 -1 -7.7100005e-08
vt 0.171875 0
vn 0 -1 0
v -3.345525e-08 -1 -8.076812e-08
vt 0.1875 0
vn 0 -1 0
v -2.5377492e-08 -1 -8.3658385e-08
vt 0.203125 0
vn 0 -1 0
v -1.705533e-08 -1 -8.5742975e-08
vt 0.21875 0
vn 0 -1 0
v -8.56893e-09 -1 -8.700181e-08
vt 0.234375 0
vn 0 -1 0
v 3.821371e-15 -1 -8.742278e-08
vt 0.25 0
vn 0 -1 0
v 8.568938e-09 -1 -8.700181e-08
vt 0.265625 0
vn 0 -1 0
v 1.7055337e-08 -0.99999994 -8.574297e-08
vt 0.28125 0
vn 0 -1 0
v 2.5377492e-08 -0.99999994 -8.365838e-08
vt 0.296875 0
vn 0 -1 0
v 3.3455255e-08 -1 -8.076811e-08
vt 0.3125 0
vn 0 -1 0
v 4.121082e-08 -1 -7.71e-08
vt 0.328125 0
vn 0 -1 0
v 4.8569504e-08 -1 -7.268937e-08
vt 0.34375 0
vn 0 -1 0
v 5.5460422e-08 -1 -6.7578725e-08
vt 0.359375 0
vn 0 -1 0
v 6.181723e-08 -1 -6.181724e-08
vt 0.375 0
vn 0 -1 0
v 6.7578725e-08 -1 -5.5460422e-08
vt 0.390625 0
vn 0 -1 0
v 7.268939e-08 -1 -4.856949e-08
vt 0.40625 0
vn 0 -1 0
v 7.7100005e-08 -1 -4.12108e-08
vt 0.421875 0
vn 0 -1 0
v 8.0768125e-08 -1 -3.3455233e-08
vt 0.4375 0
vn 0 -1 0
v 8.365838e-08 -0.99999994 -2.5377492e-08
vt 0.453125 0
vn 0 -1 0
v 8.574297e-08 -0.99999994 -1.7055335e-08
vt 0.46875 0
vn 0 -1 0
v 8.700181e-08 -1 -8.568926e-09
vt 0.484375 0
vn 0 -1 0
v 8.742278e-08 -1 7.642742e-15
vt 0.5 0
vn 0 -1 0
v 8.700181e-08 -1 8.568942e-09
vt 0.515625 0
vn 0 -1 0
v 8.574297e-08 -1 1.7055353e-08
vt 0.53125 0
vn 0 -1 0
v 8.365838e-08 -1 2.537751e-08
vt 0.546875 0
vn 0 -1 0
v 8.076812e-08 -1 3.345525e-08
vt 0.5625 0
vn 0 -1 0
v 7.7100005e-08 -1 4.1210814e-08
vt 0.578125 0
vn 0 -1 0
v 7.2689375e-08 -1 4.8569497e-08
vt 0.59375 0
vn 0 -1 0
v 6.757871e-08 -0.99999994 5.546043e-08
vt 0.609375 0
vn 0 -1 0
v 6.1817225e-08 -0.99999994 6.181724e-08
vt 0.625 0
vn 0 -1 0
v 5.5460422e-08 -0.99999994 6.757871e-08
vt 0.640625 0
vn 0 -1 0
v 4.8569472e-08 -1 7.268939e-08
vt 0.65625 0
vn 0 -1 0
v 4.121081e-08 -1 7.7100005e-08
vt 0.671875 0
vn 0 -1 0
v 3.3455223e-08 -1 8.0768125e-08
vt 0.6875 0
vn 0 -1 0
v 2.5377483e-08 -1 8.3658385e-08
vt 0.703125 0
vn 0 -1 0
v 1.7055344e-08 -1 8.5742975e-08
vt 0.71875 0
vn 0 -1 0
v 8.568912e-09 -1 8.7001816e-08
vt 0.734375 0
vn 0 -1 0
v -1.0425057e-15 -1 8.742278e-08
vt 0.75 0
vn 0 -1 0
v -8.568956e-09 -1 8.700181e-08
vt 0.765625 0
vn 0 -1 0
v -1.7055344e-08 -0.99999994 8.574297e-08
vt 0.78125 0
vn 0 -1 0
v -2.537752e-08 -0.99999994 8.3658364e-08
vt 0.796875 0
vn 0 -1 0
v -3.345526e-08 -1 8.076811e-08
vt 0.8125 0
vn 0 -1 0
v -4.121081e-08 -1 7.7100005e-08
vt 0.828125 0
vn 0 -1 0
v -4.8569508e-08 -1 7.268937e-08
vt 0.84375 0
vn 0 -1 0
v -5.5460426e-08 -1 6.757872e-08
vt 0.859375 0
vn 0 -1 0
v -6.181726e-08 -1 6.181722e-08
vt 0.875 0
vn 0 -1 0
v -6.757873e-08 -1 5.546041e-08
vt 0.890625 0
vn 0 -1 0
v -7.2689375e-08 -1 4.8569497e-08
vt 0.90625 0
vn 0 -1 0
v -7.710001e-08 -1 4.1210793e-08
vt 0.921875 0
vn 0 -1 0
v -8.076812e-08 -1 3.3455247e-08
vt 0.9375 0
vn 0 -1 0
v -8.3658385e-08 -0.99999994 2.5377465e-08
vt 0.953125 0
vn 0 -1 0
v -8.574297e-08 -0.99999994 1.7055328e-08
vt 0.96875 0
vn 0 -1 0
v -8.7001816e-08 -1 8.5688985e-09
vt 0.984375 0
vn 0 -1 0
v -8.742278e-08 -1 -1.5285484e-14
vt 1 0
vn 0 -1 0
f 1/1/1 2/2/2 67/67/67 66/66/66
f 2/2/2 3/3/3 68/68/68 67/67/67
f 3/3/3 4/4/4 69/69/69 68/68/68
f 4/4/4 5/5/5 70/70/70 69/69/69
f 5/5/5 6/6/6 71/71/71 70/70/70
f 6/6/6 7/7/7 72/72/72 71/71/71
f 7/7/7 8/8/8 73/73/73 72/72/72
f 8/8/8 9/9/9 74/74/74 73/73/73
f 9/9/9 10/10/10 75/75/75 74/74/74
f 10/10/10 11/11/11 76/76/76 75/75/75
f 11/11/11 12/12/12 77/77/77 76/76/76
f 12/12/12 13/13/13 78/78/78 77/77/77
f 13/13/13 14/14/14 79/79/79 78/78/78
f 14/14/14 15/15/15 80/80/80 79/79/79
f 15/15/15 16/16/16 81/81/81 80/80/80
f 16/16/16 17/17/17 82/82/82 81/81/81
f 17/17/17 18/18/18 83/83/83 82/82/82
f 18/18/18 19/19/19 84/84/84 83/83/83
f 19/19/19 20/20/20 85/85/85 84/84/84
f 20/20/20 21/21/21 86/86/86 85/85/85
f 21/21/21 22/22/22 87/87/87 86/86/86
f 22/22/22 23/23/23 88/88/88 87/87/87
f 23/23/23 24/24/24 89/89/89 88/88/88
f 24/24/24 25/25/25 90/90/90 89/89/89
f 25/25/25 26/26/26 91/91/91 90/90/90
f 26/26/26 27/27/27 92/92/92 91/91/91
f 27/27/27 28/28/28 93/93/93 92/92/92
f 28/28/28 29/29/29 94/94/94 93/93/93
f 29/29/29 30/30/30 95/95/95 94/94/94
f 30/30/30 31/31/31 96/96/96 95/95/95
f 31/31/31 32/32/32 97/97/97 96/96/96
f 32/32/32 33/33/33 98/98/98 97/97/97
f 33/33/33 34/34/34 99/99/99 98/98/98
f 34/34/34 35/35/35 100/100/100 99/99/99
f 35/35/35 36/36/36 101/101/101 100/100/100
f 36/36/36 37/37/37 102/102/102 101/101/101
f 37/37/37 38/38/38 103/103/103 102/102/102
f 38/38/38 39/39/39 104/104/104 103/103/103
f 39/39/39 40/40/40 105/105/105 104/104/104
f 40/40/40 41/41/41 106/106/106 105/105/105
f 41/41/41 42/42/42 107/107/107 106/106/106
f 42/42/42 43/43/43 108/108/108 107/107/107
f 43/43/43 44/44/44 109/109/109 108/108/108
f 44/44/44 45/45/45 110/110/110 109/109/109
f 45/45/45 46/46/46 111/111/111 110/110/110
f 46/46/46 47/47/47 112/112/112 111/111/111
f 47/47/47 48/48/48 113/113/113 112/112/112
f 48/48/48 49/49/49 114/114/114 113/113/113
f 49/49/49 50/50/50 115/115/115 114/114/114
f 50/50/50 51/51/51 116/116/116 115/115/115
f 51/51/51 52/52/52 117/117/117 116/116/116
f 52/52/52 53/53/53 118/118/118 117/117/117
f 53/53/53 54/54/54 119/119/119 118/118/118
f 54/54/54 55/55/55 120/120/120 119/119/119
f 55/55/55 56/56/56 121/121/121 120/120/120
f 56/56/56 57/57/57 122/122/122 121/121/121
f 57/57/57 58/58/58 123/123/123 122/122/122
f 58/58/58 59/59/59 124/124/124 123/123/123
f 59/59/59 60/60/60 125/125/125 124/124/124
f 60/60/60 61/61/61 126/126/126 125/125/125
f 61/61/61 62/62/62 127/127/127 126/126/126
f 62/62/62 63/63/63 128/128/128 127/127/127
f 63/63/63 64/64/64 129/129/129 128/128/128
f 64/64/64 65/65/65 130/130/130 129/129/129
f 66/66/66 67/67/67 132/132/132 131/131/131
f 67/67/67 68/68/68 133/133/133 132/132/132
f 68/68/68 69/69/69 134/134/134 133/133/133
f 69/69/69 70/70/70 135/135/135 134/134/134
f 70/70/70 71/71/71 136/136/136 135/135/135
f 71/71/71 72/72/72 137/137/137 136/136/136
f 72/72/72 73/73/73 138/138/138 137/137/137
f 73/73/73 74/74/74 139/139/139 138/138/138
f 74/74/74 75/75/75 140/140/140 139/139/139
f 75/75/75 76/76/76 141/141/141 140/140/140
f 76/76/76 77/77/77 142/142/142 141/141/141
f 77/77/77 78/78/78 143/143/143 142/142/142
f 78/78/78 79/79/79 144/144/144 143/143/143
f 79/79/79 80/80/80 145/145/145 144/144/144
f 80/80/80 81/81/81 146/146/146 145/145/145
f 81/81/81 82/82/82 147/147/147 146/146/146
f 82/82/82 83/83/83 148/148/148 147/147/147
f 83/83/83 84/84/84 149/149/149 148/148/148
f 84/84/84 85/85/85 150/150/150 149/149/149
f 85/85/85 86/86/86 151/151/151 150/150/150
f 86/86/86 87/87/87 152/152/152 151/151/151
f 87/87/87 88/88/88 153/153/153 152/152/152
f 88/88/88 89/89/89 154/154/154 153/153/153
f 89/89/89 90/90/90 155/155/155 154/154/154
f 90/90/90 91/91/91 156/156/156 155/155/155
f 91/91/91 92/92/92 157/157/157 156/156/156
f 92/92/92 93/93/93 158/158/158 157/157/157
f 93/93/93 94/94/94 159/159/159 158/158/158
f 94/94/94 95/95/95 160/160/160 159/159/159
f 95/95/95 96/96/96 161/161/161 160/160/160
f 96/96/96 97/97/97 162/162/162 161/161/161
f 97/97/97 98/98/98 163/163/163 162/162/162
f 98/98/98 99/99/99 164/164/164 163/163/163
f 99/99/99 100/100/100 165/165/165 164/164/164
f 100/100/100 101/101/101 166/166/166 165/165/165
f 101/101/101 102/102/102 167/167/167 166/166/166
f 102/102/102 103/103/103 168/168/168 167/167/167
f 103/103/103 104/104/104 169/169/169 168/168/168
f 104/104/104 105/105/105 170/170/170 169/169/169
f 105/105/105 106/106/106 171/171/171 170/170/170
f 106/106/106 107/107/107 172/172/172 171/171/171
f 107/107/107 108/108/108 173/173/173 172/172/172
f 108/108/108 109/109/109 174/174/174 173/173/173
f 109/109/109 110/110/110 175/175/175 174/174/174
f 110/110/110 111/111/111 176/176/176 175/175/175
f 111/111/111 112/112/112 177/177/177 176/176/176
f 112/112/112 113/113/113 178/178/178 177/177/177
f 113/113/113 114/114/114 179/179/179 178/178/178
f 114/114/114 115/115/115 180/180/180 179/179/179
f 115/115/115 116/116/116 181/181/181 180/180/180
f 116/116/116 117/117/117 182/182/182 181/181/181
f 117/117/117 118/118/118 183/183/183 182/182/182
f 118/118/118 119/119/119 184/184/184 183/183/183
f 119/119/119 120/120/120 185/185/185 184/184/184
f 120/120/120 121/121/121 186/186/186 185/185/185
f 121/121/121 122/122/122 187/187/187 186/186/186
f 122/122/122 123/123/123 188/188/188 187/187/187
f 123/123/123 124/124/124 189/189/189 188/188/188
f 124/124/124 125/125/125 190/190/190 189/189/189
f 125/125/125 126/126/126 191/191/191 190/190/190
f 126/126/126 127/127/127 192/192/192 191/191/191
f 127/127/127 128/128/128 193/193/193 192/192/192
f 128/128/128 129/129/129 194/194/194 193/193/193
f 129/129/129 130/130/130 195/195/195 194/194/194
f 131/131/131 132/132/132 197/197/197 196/196/196
f 132/132/132 133/133/133 198/198/198 197/197/197
f 133/133/133 134/134/134 199/199/199 198/198/198
f 134/134/134 135/135/135 200/200/200 199/199/199
f 135/135/135 136/136/136 201/201/201 200/200/200
f 136/136/136 137/137/137 202/202/202 201/201/201
f 137/137/137 138/138/138 203/203/203 202/202/202
f 138/138/138 139/139/139 204/204/204 203/203/203
f 139/139/139 140/140/140 205/205/205 204/204/204
f 140/140/140 141/141/141 206/206/206 205/205/205
f 141/141/141 142/142/142 207/207/207 206/206/206
f 142/142/142 143/143/143 208/208/208 207/207/207
f 143/143/143 144/144/144 209/209/209 208/208/208
f 144/144/144 145/145/145 210/210/210 209/209/209
f 145/145/145 146/146/146 211/211/211 210/210/210
f 146/146/146 147/147/147 212/212/212 211/211/211
f 147/147/147 148/148/148 213/213/213 212/212/212
f 148/148/148 149/149/149 214/214/214 213/213/213
f 149/149/149 150/150/150 215/215/215 214/214/214
f 150/150/150 151/151/151 216/216/216 215/215/215
f 151/151/151 152/152/152 217/217/217 216/216/216
f 152/152/152 153/153/153 218/218/218 217/217/217
f 153/153/153 154/154/154 219/219/219 218/218/218
f 154/154/154 155/155/155 220/220/220 219/219/219
f 155/155/155 156/156/156 221/221/221 220/220/220
f 156/156/156 157/157/157 222/222/222 221/221/221
f 157/157/157 158/158/158 223/223/223 222/222/222
f 158/158/158 159/159/159 224/224/224 223/223/223
f 159/159/159 160/160/160 225/225/225 224/224/224
f 160/160/160 161/161/161 226/226/226 225/225/225
f 161/161/161 162/162/162 227/227/227 226/226/226
f 162/162/162 163/163/163 228/228/228 227/227/227
f 163/163/163 164/164/164 229/229/229 228/228/228
f 164/164/164 165/165/165 230/230/230 229/229/229
f 165/165/165 166/166/166 231/231/231 230/230/230
f 166/166/166 167/167/167 232/232/232 231/231/231
f 167/167/167 168/168/168 233/233/233 232/232/232
f 168/168/168 169/169/169 234/234/234 233/233/233
f 169/169/169 170/170/170 235/235/235 234/234/234
f 170/170/170 171/171/171 236/236/236 235/235/235
f 171/171/171 172/172/172 237/237/237 236/236/236
f 172/172/172 173/173/173 238/238/238 237/237/237
f 173/173/173 174/174/174 239/239/239 238/238/238
f 174/174/174 175/175/175 240/240/240 239/239/239
f 175/175/175 176/176/176 241/241/241 240/240/240
f 176/176/176 177/177/177 242/242/242 241/241/241
f 177/177/177 178/178/178 243/243/243 242/242/242
f 178/178/178 179/179/179 244/244/244 243/243/243
f 179/179/179 180/180/180 245/245/245 244/244/244
f 180/180/180 181/181/181 246/246/246 245/245/245
f 181/181/181 182/182/182 247/247/247 246/246/246
f 182/182/182 183/183/183 248/248/248 247/247/247
f 183/183/183 184/184/184 249/249/249 248/248/248
f 184/184/184 185/185/185 250/250/250 249/249/249
f 185/185/185 186/186/186 251/251/251 250/250/250
f 186/186/186 187/187/187 252/252/252 251/251/251
f 187/187/187 188/188/188 253/253/253 252/252/252
f 188/188/188 189/189/189 254/254/254 253/253/253
f 189/189/189 190/190/190 255/255/255 254/254/254
f 190/190/190 191/191/191 256/256/256 255/255/255
f 191/191/191 192/192/192 257/257/257 256/256/256
f 192/192/192 193/193/193 258/258/258 257/257/257
f 193/193/193 194/194/194 259/259/259 258/258/258
f 194/194/194 195/195/195 260/260/260 259/259/259
f 196/196/196 197/197/197 262/262/262 261/261/261
f 197/197/197 198/198/198 263/263/263 262/262/262
f 198/198/198 199/199/199 264/264/264 263/263/263
f 199/199/199 200/200/200 265/265/265 264/264/264
f 200/200/200 201/201/201 266/266/266 265/265/265
f 201/201/201 202/202/202 267/267/267 266/266/266
f 202/202/202 203/203/203 268/268/268 267/267/267
f 203/203/203 204/204/204 269/269/269 268/268/268
f 204/204/204 205/205/205 270/270/270 269/269/269
f 205/205/205 206/206/206 271/271/271 270/270/270
f 206/206/206 207/207/207 272/272/272 271/271/271
f 207/207/207 208/208/208 273/273/273 272/272/272
f 208/208/208 209/209/209 274/274/274 273/273/273
f 209/209/209 210/210/210 275/275/275 274/274/274
f 210/210/210 211/211/211 276/276/276 275/275/275
f 211/211/211 212/212/212 277/277/277 276/276/276
f 212/212/212 213/213/213 278/278/278 277/277/277
f 213/213/213 214/214/214 279/279/279 278/278/278
f 214/214/214 215/215/215 280/280/280 279/279/279
f 215/215/215 216/216/216 281/281/281 280/280/280
f 216/216/216 217/217/217 282/282/282 281/281/281
f 217/217/217 218/218/218 283/283/283 282/282/282
f 218/218/218 219/219/219 284/284/284 283/283/283
f 219/219/219 220/220/220 285/285/285 284/284/284
f 220/220/220 221/221/221 286/286/286 285/285/285
f 221/221/221 222/222/222 287/287/287 286/286/286
f 222/222/222 223/223/223 288/288/288 287/287/287
f 223/223/223 224/224/224 289/289/289 288/288/288
f 224/224/224 225/225/225 290/290/290 289/289/289
f 225/225/225 226/226/226 291/291/291 290/290/290
f 226/226/226 227/227/227 292/292/292 291/291/291
f 227/227/227 228/228/228 293/293/293 292/292/292
f 228/228/228 229/229/229 294/294/294 293/293/293
f 229/229/229 230/230/230 295/295/295 294/294/294
f 230/230/230 231/231/231 296/296/296 295/295/295
f 231/231/231 232/232/232 297/297/297 296/296/296
f 232/232/232 233/233/233 298/298/298 297/297/297
f 233/233/233 234/234/234 299/299/299 298/298/298
f 234/234/234 235/235/235 300/300/300 299/299/299
f 235/235/235 236/236/236 301/301/301 300/300/300
f 236/236/236 237/237/237 302/302/302 301/301/301
f 237/237/237 238/238/238 303/303/303 302/302/302
f 238/238/238 239/239/239 304/304/304 303/303/303
f 239/239/239 240/240/240 305/305/305 304/304/304
f 240/240/240 241/241/241 306/306/306 305/305/305
f 241/241/241 242/242/242 307/307/307 306/306/306
f 242/242/242 243/243/243 308/308/308 307/307/307
f 243/243/243 244/244/244 309/309/309 308/308/308
f 244/244/244 245/245/245 310/310/310 309/309/309
f 245/245/245 246/246/246 311/311/311 310/310/310
f 246/246/246 247/247/247 312/312/312 311/311/311
f 247/247/247 248/248/248 313/313/313 312/312/312
f 248/248/248 249/249/249 314/314/314 313/313/313
f 249/249/249 250/250/250 315/315/315 314/314/314
f 250/250/250 251/251/251 316/316/316 315/315/315
f 251/251/251 252/252/252 317/317/317 316/316/316
f 252/252/252 253/253/253 318/318/318 317/317/317
f 253/253/253 254/254/254 319/319/319 318/318/318
f 254/254/254 255/255/255 320/320/320 319/319/319
f 255/255/255 256/256/256 321/321/321 320/320/320
f 256/256/256 257/257/257 322/322/322 321/321/321
f 257/257/257 258/258/258 323/323/323 322/322/322
f 258/258/258 259/259/259 324/324/324 323/323/323
f 259/259/259 260/260/260 325/325/325 324/324/324
f 261/261/261 262/262/262 327/327/327 326/326/326
f 262/262/262 263/263/263 328/328/328 327/327/327
f 263/263/263 264/264/264 329/329/329 328/328/328
f 264/264/264 265/265/265 330/330/330 329/329/329
f 265/265/265 266/266/266 331/331/331 330/330/330
f 266/266/266 267/267/267 332/332/332 331/331/331
f 267/267/267 268/268/268 333/333/333 332/332/332
f 268/268/268 269/269/269 334/334/334 333/333/333
f 269/269/269 270/270/270 335/335/335 334/334/334
f 270/270/270 271/271/271 336/336/336 335/335/335
f 271/271/271 272/272/272 337/337/337 336/336/336
f 272/272/272 273/273/273 338/338/338 337/337/337
f 273/273/273 274/274/274 339/339/339 338/338/338
f 274/274/274 275/275/275 340/340/340 339/339/339
f 275/275/275 276/276/276 341/341/341 340/340/340
f 276/276/276 277/277/277 342/342/342 341/341/341
f 277/277/277 278/278/278 343/343/343 342/342/342
f 278/278/278 279/279/279 344/344/344 343/343/343
f 279/279/279 280/280/280 345/345/345 344/344/344
f 280/280/280 281/281/281 346/346/346 345/345/345
f 281/281/281 282/282/282 347/347/347 346/346/346
f 282/282/282 283/283/283 348/348/348 347/347/347
f 283/283/283 284/284/284 349/349/349 348/348/348
f 284/284/284 285/285/285 350/350/350 349/349/349
f 285/285/285 286/286/286 351/351/351 350/350/350
f 286/286/286 287/287/287 352/352/352 351/351/351
f 287/287/287 288/288/288 353/353/353 352/352/352
f 288/288/288 289/289/289 354/354/354 353/353/353
f 289/289/289 290/290/290 355/355/355 354/354/354
f 290/290/290 291/291/291 356/356/356 355/355/355
f 291/291/291 292/292/292 357/357/357 356/356/356
f 292/292/292 293/293/293 358/358/358 357/357/357
f 293/293/293 294/294/294 359/359/359 358/358/358
f 294/294/294 295/295/295 360/360/360 359/359/359
f 295/295/295 296/296/296 361/361/361 360/360/360
f 296/296/296 297/297/297 362/362/362 361/361/361
f 297/297/297 298/298/298 363/363/363 362/362/362
f 298/298/298 299/299/299 364/364/364 363/363/363
f 299/299/299 300/300/300 365/365/365 364/364/364
f 300/300/300 301/301/301 366/366/366 365/365/365
f 301/301/301 302/302/302 367/367/367 366/366/366
f 302/302/302 303/303/303 368/368/368 367/367/367
f 303/303/303 304/304/304 369/369/369 368/368/368
f 304/304/304 305/305/305 370/370/370 369/369/369
f 305/305/305 306/306/306 371/371/371 370/370/370
f 306/306/306 307/307/307 372/372/372 371/371/371
f 307/307/307 308/308/308 373/373/373 372/372/372
f 308/308/308 309/309/309 374/374/374 373/373/373
f 309/309/309 310/310/310 375/375/375 374/374/374
f 310/310/310 311/311/311 376/376/376 375/375/375
f 311/311/311 312/312/312 377/377/377 376/376/376
f 312/312/312 313/313/313 378/378/378 377/377/377
f 313/313/313 314/314/314 379/379/379 378/378/378
f 314/314/314 315/315/315 380/380/380 379/379/379
f 315/315/315 316/316/316 381/381/381 380/380/380
f 316/316/316 317/317/317 382/382/382 381/381/381
f 317/317/317 318/318/318 383/383/383 382/382/382
f 318/318/318 319/319/319 384/384/384 383/383/383
f 319/319/319 320/320/320 385/385/385 384/384/384
f 320/320/320 321/321/321 386/386/386 385/385/385
f 321/321/321 322/322/322 387/387/387 386/386/386
f 322/322/322 323/323/323 388/388/388 387/387/387
f 323/323/323 324/324/324 389/389/389 388/388/388
f 324/324/324 325/325/325 390/390/390 389/389/389
f 326/326/326 327/327/327 392/392/392 391/391/391
f 327/327/327 328/328/328 393/393/393 392/392/392
f 328/328/328 329/329/329 394/394/394 393/393/393
f 329/329/329 330/330/330 395/395/395 394/394/394
f 330/330/330 331/331/331 396/396/396 395/395/395
f 331/331/331 332/332/332 397/397/397 396/396/396
f 332/332/332 333/333/333 398/398/398 397/397/397
f 333/333/333 334/334/334 399/399/399 398/398/398
f 334/334/334 335/335/335 400/400/400 399/399/399
f 335/335/335 336/336/336 401/401/401 400/400/400
f 336/336/336 337/337/337 402/402/402 401/401/401
f 337/337/337 338/338/338 403/403/403 402/402/402
f 338/338/338 339/339/339 404/404/404 403/403/403
f 339/339/339 340/340/340 405/405/405 404/404/404
f 340/340/340 341/341/341 406/406/406 405/405/405
f 341/341/341 342/342/342 407/407/407 406/406/406
f 342/342/342 343/343/343 408/408/408 407/407/407
f 343/343/343 344/344/344 409/409/409 408/408/408
f 344/344/344 345/345/345 410/410/410 409/409/409
f 345/345/345 346/346/346 411/411/411 410/410/410
f 346/346/346 347/347/347 412/412/412 411/411/411
f 347/347/347 348/348/348 413/413/413 412/412/412
f 348/348/348 349/349/349 414/414/414 413/413/413
f 349/349/349 350/350/350 415/415/415 414/414/414
f 350/350/350 351/351/351 416/416/416 415/415/415
f 351/351/351 352/352/352 417/417/417 416/416/416
f 352/352/352 353/353/353 418/418/418 417/417/417
f 353/353/353 354/354/354 419/419/419 418/418/418
f 354/354/354 355/355/355 420/420/420 419/419/419
f 355/355/355 356/356/356 421/421/421 420/420/420
f 356/356/356 357/357/357 422/422/422 421/421/421
f 357/357/357 358/358/358 423/423/423 422/422/422
f 358/358/358 359/359/359 424/424/424 423/423/423
f 359/359/359 360/360/360 425/425/425 424/424/424
f 360/360/360 361/361/361 426/426/426 425/425/425
f 361/361/361 362/362/362 427/427/427 426/426/426
f 362/362/362 363/363/363 428/428/428 427/427/427
f 363/363/363 364/364/364 429/429/429 428/428/428
f 364/364/364 365/365/365 430/430/430 429/429/429
f 365/365/365 366/366/366 431/431/431 430/430/430
f 366/366/366 367/367/367 432/432/432 431/431/431
f 367/367/367 368/368/368 433/433/433 432/432/432
f 368/368/368 369/369/369 434/434/434 433/433/433
f 369/369/369 370/370/370 435/435/435 434/434/434
f 370/370/370 371/371/371 436/436/436 435/435/435
f 371/371/371 372/372/372 437/437/437 436/436/436
f 372/372/372 373/373/373 438/438/438 437/437/437
f 373/373/373 374/374/374 439/439/439 438/438/438
f 374/374/374 375/375/375 440/440/440 439/439/439
f 375/375/375 376/376/376 441/441/441 440/440/440
f 376/376/376 377/377/377 442/442/442 441/441/441
f 377/377/377 378/378/378 443/443/443 442/442/442
f 378/378/378 379/379/379 444/444/444 443/443/443
f 379/379/379 380/380/380 445/445/445 444/444/444
f 380/380/380 381/381/381 446/446/446 445/445/445
f 381/381/381 382/382/382 447/447/447 446/446/446
f 382/382/382 383/383/383 448/448/448 447/447/447
f 383/383/383 384/384/384 449/449/449 448/448/448
f 384/384/384 385/385/385 450/450/450 449/449/449
f 385/385/385 386/386/386 451/451/451 450/450/450
f 386/386/386 387/387/387 452/452/452 451/451/451
f 387/387/387 388/388/388 453/453/453 452/452/452
f 388/388/388 389/389/389 454/454/454 453/453/453
f 389/389/389 390/390/390 455/455/455 454/454/454
f 391/391/391 392/392/392 457/457/457 456/456/456
f 392/392/392 393/393/393 458/458/458 457/457/457
f 393/393/393 394/394/394 459/459/459 458/458/458
f 394/394/394 395/395/395 460/460/460 459/459/459
f 395/395/395 396/396/396 461/461/461 460/460/460
f 396/396/396 397/397/397 462/462/462 461/461/461
f 397/397/397 398/398/398 463/463/463 462/462/462
f 398/398/398 399/399/399 464/464/464 463/463/463
f 399/399/399 400/400/400 465/465/465 464/464/464
f 400/400/400 401/401/401 466/466/466 465/465/465
f 401/401/401 402/402/402 467/467/467 466/466/466
f 402/402/402 403/403/403 468/468/468 467/467/467
f 403/403/403 404/404/404 469/469/469 468/468/468
f 404/404/404 405/405/405 470/470/470 469/469/469
f 405/405/405 406/406/406 471/471/471 470/470/470
f 406/406/406 407/407/407 472/472/472 471/471/471
f 407/407/407 408/408/408 473/473/473 472/472/472
f 408/408/408 409/409/409 474/474/474 473/473/473
f 409/409/409 410/410/410 475/475/475 474/474/474
f 410/410/410 411/411/411 476/476/476 475/475/475
f 411/411/411 412/412/412 477/477/477 476/476/476
f 412/412/412 413/413/413 478/478/478 477/477/477
f 413/413/413 414/414/414 479/479/479 478/478/478
f 414/414/414 415/415/415 480/480/480 479/479/479
f 415/415/415 416/416/416 481/481/481 480/480/480
f 416/416/416 417/417/417 482/482/482 481/481/481
f 417/417/417 418/418/418 483/483/483 482/482/482
f 418/418/418 419/419/419 484/484/484 483/483/483
f 419/419/419 420/420/420 485/485/485 484/484/484
f 420/420/420 421/421/421 486/486/486 485/485/485
f 421/421/421 422/422/422 487/487/487 486/486/486
f 422/422/422 423/423/423 488/488/488 487/487/487
f 423/423/423 424/424/424 489/489/489 488/488/488
f 424/424/424 425/425/425 490/490/490 489/489/489
f 425/425/425 426/426/426 491/491/491 490/490/490
f 426/426/426 427/427/427 492/492/492 491/491/491
f 427/427/427 428/428/428 493/493/493 492/492/492
f 428/428/428 429/429/429 494/494/494 493/493/493
f 429/429/429 430/430/430 495/495/495 494/494/494
f 430/430/430 431/431/431 496/496/496 495/495/495
f 431/431/431 432/432/432 497/497/497 496/496/496
f 432/432/432 433/433/433 498/498/498 497/497/497
f 433/433/433 434/434/434 499/499/499 498/498/498
f 434/434/434 435/435/435 500/500/500 499/499/499
f 435/435/435 436/436/436 501/501/501 500/500/500
f 436/436/436 437/437/437 502/502/502 501/501/501
f 437/437/437 438/438/438 503/503/503 502/502/502
f 438/438/438 439/439/439 504/504/504 503/503/503
f 439/439/439 440/440/440 505/505/505 504/504/504
f 440/440/440 441/441/441 506/506/506 505/505/505
f 441/441/441 442/442/442 507/507/507 506/506/506
f 442/442/442 443/443/443 508/508/508 507/507/507
f 443/443/443 444/444/444 509/509/509 508/508/508
f 444/444/444 445/445/445 510/510/510 509/509/509
f 445/445/445 446/446/446 511/511/511 510/510/510
f 446/446/446 447/447/447 512/512/512 511/511/511
f 447/447/447 448/448/448 513/513/513 512/512/512
f 448/448/448 449/449/449 514/514/514 513/513/513
f 449/449/449 450/450/450 515/515/515 514/514/514
f 450/450/450 451/451/451 516/516/516 515/515/515
f 451/451/451 452/452/452 517/517/517 516/516/516
f 452/452/452 453/453/453 518/518/518 517/517/517
f 453/453/453 454/454/454 519/519/519 518/518/518
f 454/454/454 455/455/455 520/520/520 519/519/519
f 456/456/456 457/457/457 522/522/522 521/521/521
f 457/457/457 458/458/458 523/523/523 522/522/522
f 458/458/458 459/459/459 524/524/524 523/523/523
f 459/459/459 460/460/460 525/525/525 524/524/524
f 460/460/460 461/461/461 526/526/526 525/525/525
f 461/461/461 462/462/462 527/527/527 526/526/526
f 462/462/462 463/463/463 528/528/528 527/527/527
f 463/463/463 464/464/464 529/529/529 528/528/528
f 464/464/464 465/465/465 530/530/530 529/529/529
f 465/465/465 466/466/466 531/531/531 530/530/530
f 466/466/466 467/467/467 532/532/532 531/531/531
f 467/467/467 468/468/468 533/533/533 532/532/532
f 468/468/468 469/469/469 534/534/534 533/533/533
f 469/469/469 470/470/470 535/535/535 534/534/534
f 470/470/470 471/471/471 536/536/536 535/535/535
f 471/471/471 472/472/472 537/537/537 536/536/536
f 472/472/472 473/473/473 538/538/538 537/537/537
f 473/473/473 474/474/474 539/539/539 538/538/538
f 474/474/474 475/475/475 540/540/540 539/539/539
f 475/475/475 476/476/476 541/541/541 540/540/540
f 476/476/476 477/477/477 542/542/542 541/541/541
f 477/477/477 478/478/478 543/543/543 542/542/542
f 478/478/478 479/479/479 544/544/544 543/543/543
f 479/479/479 480/480/480 545/545/545 544/544/544
f 480/480/480 481/481/481 546/546/546 545/545/545
f 481/481/481 482/482/482 547/547/547 546/546/546
f 482/482/482 483/483/483 548/548/548 547/547/547
f 483/483/483 484/484/484 549/549/549 548/548/548
f 484/484/484 485/485/485 550/550/550 549/549/549
f 485/485/485 486/486/486 551/551/551 550/550/550
f 486/486/486 487/487/487 552/552/552 551/551/551
f 487/487/487 488/488/488 553/553/553 552/552/552
f 488/488/488 489/489/489 554/554/554 553/553/553
f 489/489/489 490/490/490 555/555/555 554/554/554
f 490/490/490 491/491/491 556/556/556 555/555/555
f 491/491/491 492/492/492 557/557/557 556/556/556
f 492/492/492 493/493/493 558/558/558 557/557/557
f 493/493/493 494/494/494 559/559/559 558/558/558
f 494/494/494 495/495/495 560/560/560 559/559/559
f 495/495/495 496/496/496 561/561/561 560/560/560
f 496/496/496 497/497/497 562/562/562 561/561/561
f 497/497/497 498/498/498 563/563/563 562/562/562
f 498/498/498 499/499/499 564/564/564 563/563/563
f 499/499/499 500/500/500 565/565/565 564/564/564
f 500/500/500 501/501/501 566/566/566 565/565/565
f 501/501/501 502/502/502 567/567/567 566/566/566
f 502/502/502 503/503/503 568/568/568 567/567/567
f 503/503/503 504/504/504 569/569/569 568/568/568
f 504/504/504 505/505/505 570/570/570 569/569/569
f 505/505/505 506/506/506 571/571/571 570/570/570
f 506/506/506 507/507/507 572/572/572 571/571/571
f 507/507/507 508/508/508 573/573/573 572/572/572
f 508/508/508 509/509/509 574/574/574 573/573/573
f 509/509/509 510/510/510 575/575/575 574/574/574
f 510/510/510 511/511/511 576/576/576 575/575/575
f 511/511/511 512/512/512 577/577/577 576/576/576
f 512/512/512 513/513/513 578/578/578 577/577/577
f 513/513/513 514/514/514 579/579/579 578/578/578
f 514/514/514 515/515/515 580/580/580 579/579/579
f 515/515/515 516/516/516 581/581/581 580/580/580
f 516/516/516 517/517/517 582/582/582 581/581/581
f 517/517/517 518/518/518 583/583/583 582/582/582
f 518/518/518 519/519/519 584/584/584 583/583/583
f 519/519/519 520/520/520 585/585/585 584/584/584
f 521/521/521 522/522/522 587/587/587 586/586/586
f 522/522/522 523/523/523 588/588/588 587/587/587
f 523/523/523 524/524/524 589/589/589 588/588/588
f 524/524/524 525/525/525 590/590/590 589/589/589
f 525/525/525 526/526/526 591/591/591 590/590/590
f 526/526/526 527/527/527 592/592/592 591/591/591
f 527/527/527 528/528/528 593/593/593 592/592/592
f 528/528/528 529/529/529 594/594/594 593/593/593
f 529/529/529 530/530/530 595/595/595 594/594/594
f 530/530/530 531/531/531 596/596/596 595/595/595
f 531/531/531 532/532/532 597/597/597 596/596/596
f 532/532/532 533/533/533 598/598/598 597/597/597
f 533/533/533 534/534/534 599/599/599 598/598/598
f 534/534/534 535/535/535 600/600/600 599/599/599
f 535/535/535 536/536/536 601/601/601 600/600/600
f 536/536/536 537/537/537 602/602/602 601/601/601
f 537/537/537 538/538/538 603/603/603 602/602/602
f 538/538/538 539/539/539 604/604/604 603/603/603
f 539/539/539 540/540/540 605/605/605 604/604/604
f 540/540/540 541/541/541 606/606/606 605/605/605
f 541/541/541 542/542/542 607/607/607 606/606/606
f 542/542/542 543/543/543 608/608/608 607/607/607
f 543/543/543 544/544/544 609/609/609 608/608/608
f 544/544/544 545/545/545 610/610/610 609/609/609
f 545/545/545 546/546/546 611/611/611 610/610/610
f 546/546/546 547/547/547 612/612/612 611/611/611
f 547/547/547 548/548/548 613/613/613 612/612/612
f 548/548/548 549/549/549 614/614/614 613/613/613
f 549/549/549 550/550/550 615/615/615 614/614/614
f 550/550/550 551/551/551 616/616/616 615/615/615
f 551/551/551 552/552/552 617/617/617 616/616/616
f 552/552/552 553/553/553 618/618/618 617/617/617
f 553/553/553 554/554/554 619/619/619 618/618/618
f 554/554/554 555/555/555 620/620/620 619/619/619
f 555/555/555 556/556/556 621/621/621 620/620/620
f 556/556/556 557/557/557 622/622/622 621/621/621
f 557/557/557 558/558/558 623/623/623 622/622/622
f 558/558/558 559/559/559 624/624/624 623/623/623
f 559/559/559 560/560/560 625/625/625 624/624/624
f 560/560/560 561/561/561 626/626/626 625/625/625
f 561/561/561 562/562/562 627/627/627 626/626/626
f 562/562/562 563/563/563 628/628/628 627/627/627
f 563/563/563 564/564/564 629/629/629 628/628/628
f 564/564/564 565/565/565 630/630/630 629/629/629
f 565/565/565 566/566/566 631/631/631 630/630/630
f 566/566/566 567/567/567 632/632/632 631/631/631
f 567/567/567 568/568/568 633/633/633 632/632/632
f 568/568/568 569/569/569 634/634/634 633/633/633
f 569/569/569 570/570/570 635/635/635 634/634/634
f 570/570/570 571/571/571 636/636/636 635/635/635
f 571/571/571 572/572/572 637/637/637 636/636/636
f 572/572/572 573/573/573 638/638/638 637/637/637
f 573/573/573 574/574/574 639/639/639 638/638/638
f 574/574/574 575/575/575 640/640/640 639/639/639
f 575/575/575 576/576/576 641/641/641 640/640/640
f 576/576/576 577/577/577 642/642/642 641/641/641
f 577/577/577 578/578/578 643/643/643 642/642/642
f 578/578/578 579/579/579 644/644/644 643/643/643
f 579/579/579 580/580/580 645/645/645 644/644/644
f 580/580/580 581/581/581 646/646/646 645/645/645
f 581/581/581 582/582/582 647/647/647 646/646/646
f 582/582/582 583/583/583 648/648/648 647/647/647
f 583/583/583 584/584/584 649/649/649 648/648/648
f 584/584/584 585/585/585 650/650/650 649/649/649
f 586/586/586 587/587/587 652/652/652 651/651/651
f 587/587/587 588/588/588 653/653/653 652/652/652
f 588/588/588 589/589/589 654/654/654 653/653/653
f 589/589/589 590/590/590 655/655/655 654/654/654
f 590/590/590 591/591/591 656/656/656 655/655/655
f 591/591/591 592/592/592 657/657/657 656/656/656
f 592/592/592 593/593/593 658/658/658 657/657/657
f 593/593/593 594/594/594 659/659/659 658/658/658
f 594/594/594 595/595/595 660/660/660 659/659/659
f 595/595/595 596/596/596 661/661/661 660/660/660
f 596/596/596 597/597/597 662/662/662 661/661/661
f 597/597/597 598/598/598 663/663/663 662/662/662
f 598/598/598 599/599/599 664/664/664 663/663/663
f 599/599/599 600/600/600 665/665/665 664/664/664
f 600/600/600 601/601/601 666/666/666 665/665/665
f 601/601/601 602/602/602 667/667/667 666/666/666
f 602/602/602 603/603/603 668/668/668 667/667/667
f 603/603/603 604/604/604 669/669/669 668/668/668
f 604/604/604 605/605/605 670/670/670 669/669/669
f 605/605/605 606/606/606 671/671/671 670/670/670
f 606/606/606 607/607/607 672/672/672 671/671/671
f 607/607/607 608/608/608 673/673/673 672/672/672
f 608/608/608 609/609/609 674/674/674 673/673/673
f 609/609/609 610/610/610 675/675/675 674/674/674
f 610/610/610 611/611/611 676/676/676 675/675/675
f 611/611/611 612/612/612 677/677/677 676/676/676
f 612/612/612 613/613/613 678/678/678 677/677/677
f 613/613/613 614/614/614 679/679/679 678/678/678
f 614/614/614 615/615/615 680/680/680 679/679/679
f 615/615/615 616/616/616 681/681/681 680/680/680
f 616/616/616 617/617/617 682/682/682 681/681/681
f 617/617/617 618/618/618 683/683/683 682/682/682
f 618/618/618 619/619/619 684/684/684 683/683/683
f 619/619/619 620/620/620 685/685/685 684/684/684
f 620/620/620 621/621/621 686/686/686 685/685/685
f 621/621/621 622/622/622 687/687/687 686/686/686
f 622/622/622 623/623/623 688/688/688 687/687/687
f 623/623/623 624/624/624 689/689/689 688/688/688
f 624/624/624 625/625/625 690/690/690 689/689/689
f 625/625/625 626/626/626 691/691/691 690/690/690
f 626/626/626 627/627/627 692/692/692 691/691/691
f 627/627/627 628/628/628 693/693/693 692/692/692
f 628/628/628 629/629/629 694/694/694 693/693/693
f 629/629/629 630/630/630 695/695/695 694/694/694
f 630/630/630 631/631/631 696/696/696 695/695/695
f 631/631/631 632/632/632 697/697/697 696/696/696
f 632/632/632 633/633/633 698/698/698 697/697/697
f 633/633/633 634/634/634 699/699/699 698/698/698
f 634/634/634 635/635/635 700/700/700 699/699/699
f 635/635/635 636/636/636 701/701/701 700/700/700
f 636/636/636 637/637/637 702/702/702 701/701/701
f 637/637/637 638/638/638 703/703/703 702/702/702
f 638/638/638 639/639/639 704/704/704 703/703/703
f 639/639/639 640/640/640 705/705/705 704/704/704
f 640/640/640 641/641/641 706/706/706 705/705/705
f 641/641/641 642/642/642 707/707/707 706/706/706
f 642/642/642 643/643/643 708/708/708 707/707/707
f 643/643/643 644/644/644 709/709/709 708/708/708
f 644/644/644 645/645/645 710/710/710 709/709/709
f 645/645/645 646/646/646 711/711/711 710/710/710
f 646/646/646 647/647/647 712/712/712 711/711/711
f 647/647/647 648/648/648 713/713/713 712/712/712
f 648/648/648 649/649/649 714/714/714 713/713/713
f 649/649/649 650/650/650 715/715/715 714/714/714
f 651/651/651 652/652/652 717/717/717 716/716/716
f 652/652/652 653/653/653 718/718/718 717/717/717
f 653/653/653 654/654/654 719/719/719 718/718/718
f 654/654/654 655/655/655 720/720/720 719/719/719
f 655/655/655 656/656/656 721/721/721 720/720/720
f 656/656/656 657/657/657 722/722/722 721/721/721
f 657/657/657 658/658/658 723/723/723 722/722/722
f 658/658/658 659/659/659 724/724/724 723/723/723
f 659/659/659 660/660/660 725/725/725 724/724/724
f 660/660/660 661/661/661 726/726/726 725/725/725
f 661/661/661 662/662/662 727/727/727 726/726/726
f 662/662/662 663/663/663 728/728/728 727/727/727
f 663/663/663 664/664/664 729/729/729 728/728/728
f 664/664/664 665/665/665 730/730/730 729/729/729
f 665/665/665 666/666/666 731/731/731 730/730/730
f 666/666/666 667/667/667 732/732/732 731/731/731
f 667/667/667 668/668/668 733/733/733 732/732/732
f 668/668/668 669/669/669 734/734/734 733/733/733
f 669/669/669 670/670/670 735/735/735 734/734/734
f 670/670/670 671/671/671 736/736/736 735/735/735
f 671/671/671 672/672/672 737/737/737 736/736/736
f 672/672/672 673/673/673 738/738/738 737/737/737
f 673/673/673 674/674/674 739/739/739 738/738/738
f 674/674/674 675/675/675 740/740/740 739/739/739
f 675/675/675 676/676/676 741/741/741 740/740/740
f 676/676/676 677/677/677 742/742/742 741/741/741
f 677/677/677 678/678/678 743/743/743 742/742/742
f 678/678/678 679/679/679 744/744/744 743/743/743
f 679/679/679 680/680/680 745/745/745 744/744/744
f 680/680/680 681/681/681 746/746/746 745/745/745
f 681/681/681 682/682/682 747/747/747 746/746/746
f 682/682/682 683/683/683 748/748/748 747/747/747
f 683/683/683 684/684/684 749/749/749 748/748/748
f 684/684/684 685/685/685 750/750/750 749/749/749
f 685/685/685 686/686/686 751/751/751 750/750/750
f 686/686/686 687/687/687 752/752/752 751/751/751
f 687/687/687 688/688/688 753/753/753 752/752/752
f 688/688/688 689/689/689 754/754/754 753/753/753
f 689/689/689 690/690/690 755/755/755 754/754/754
f 690/690/690 691/691/691 756/756/756 755/755/755
f 691/691/691 692/692/692 757/757/757 756/756/756
f 692/692/692 693/693/693 758/758/758 757/757/757
f 693/693/693 694/694/694 759/759/759 758/758/758
f 694/694/694 695/695/695 760/760/760 759/759/759
f 695/695/695 696/696/696 761/761/761 760/760/760
f 696/696/696 697/697/697 762/762/762 761/761/761
f 697/697/697 698/698/698 763/763/763 762/762/762
f 698/698/698 699/699/699 764/764/764 763/763/763
f 699/699/699 700/700/700 765/765/765 764/764/764
f 700/700/700 701/701/701 766/766/766 765/765/765
f 701/701/701 702/702/702 767/767/767 766/766/766
f 702/702/702 703/703/703 768/768/768 767/767/767
f 703/703/703 704/704/704 769/769/769 768/768/768
f 704/704/704 705/705/705 770/770/770 769/769/769
f 705/705/705 706/706/706 771/771/771 770/770/770
f 706/706/706 707/707/707 772/772/772 771/771/771
f 707/707/707 708/708/708 773/773/773 772/772/772
f 708/708/708 709/709/709 774/774/774 773/773/773
f 709/709/709 710/710/710 775/775/775 774/774/774
f 710/710/710 711/711/711 776/776/776 775/775/775
f 711/711/711 712/712/712 777/777/777 776/776/776
f 712/712/712 713/713/713 778/778/778 777/777/777
f 713/713/713 714/714/714 779/779/779 778/778/778
f 714/714/714 715/715/715 780/780/780 779/779/779
f 716/716/716 717/717/717 782/782/782 781/781/781
f 717/717/717 718/718/718 783/783/783 782/782/782
f 718/718/718 719/719/719 784/784/784 783/783/783
f 719/719/719 720/720/720 785/785/785 784/784/784
f 720/720/720 721/721/721 786/786/786 785/785/785
f 721/721/721 722/722/722 787/787/787 786/786/786
f 722/722/722 723/723/723 788/788/788 787/787/787
f 723/723/723 724/724/724 789/789/789 788/788/788
f 724/724/724 725/725/725 790/790/790 789/789/789
f 725/725/725 726/726/726 791/791/791 790/790/790
f 726/726/726 727/727/727 792/792/792 791/791/791
f 727/727/727 728/728/728 793/793/793 792/792/792
f 728/728/728 729/729/729 794/794/794 793/793/793
f 729/729/729 730/730/730 795/795/795 794/794/794
f 730/730/730 731/731/731 796/796/796 795/795/795
f 731/731/731 732/732/732 797/797/797 796/796/796
f 732/732/732 733/733/733 798/798/798 797/797/797
f 733/733/733 734/734/734 799/799/799 798/798/798
f 734/734/734 735/735/735 800/800/800 799/799/799
f 735/735/735 736/736/736 801/801/801 800/800/800
f 736/736/736 737/737/737 802/802/802 801/801/801
f 737/737/737 738/738/738 803/803/803 802/802/802
f 738/738/738 739/739/739 804/804/804 803/803/803
f 739/739/739 740/740/740 805/805/805 804/804/804
f 740/740/740 741/741/741 806/806/806 805/805/805
f 741/741/741 742/742/742 807/807/807 806/806/806
f 742/742/742 743/743/743 808/808/808 807/807/807
f 743/743/743 744/744/744 809/809/809 808/808/808
f 744/744/744 745/745/745 810/810/810 809/809/809
f 745/745/745 746/746/746 811/811/811 810/810/810
f 746/746/746 747/747/747 812/812/812 811/811/811
f 747/747/747 748/748/748 813/813/813 812/812/812
f 748/748/748 749/749/749 814/814/814 813/813/813
f 749/749/749 750/750/750 815/815/815 814/814/814
f 750/750/750 751/751/751 816/816/816 815/815/815
f 751/751/751 752/752/752 817/817/817 816/816/816
f 752/752/752 753/753/753 818/818/818 817/817/817
f 753/753/753 754/754/754 819/819/819 818/818/818
f 754/754/754 755/755/755 820/820/820 819/819/819
f 755/755/755 756/756/756 821/821/821 820/820/820
f 756/756/756 757/757/757 822/822/822 821/821/821
f 757/757/757 758/758/758 823/823/823 822/822/822
f 758/758/758 759/759/759 824/824/824 823/823/823
f 759/759/759 760/760/760 825/825/825 824/824/824
f 760/760/760 761/761/761 826/826/826 825/825/825
f 761/761/761 762/762/762 827/827/827 826/826/826
f 762/762/762 763/763/763 828/828/828 827/827/827
f 763/763/763 764/764/764 829/829/829 828/828/828
f 764/764/764 765/765/765 830/830/830 829/829/829
f 765/765/765 766/766/766 831/831/831 830/830/830
f 766/766/766 767/767/767 832/832/832 831/831/831
f 767/767/767 768/768/768 833/833/833 832/832/832
f 768/768/768 769/769/769 834/834/834 833/833/833
f 769/769/769 770/770/770 835/835/835 834/834/834
f 770/770/770 771/771/771 836/836/836 835/835/835
f 771/771/771 772/772/772 837/837/837 836/836/836
f 772/772/772 773/773/773 838/838/838 837/837/837
f 773/773/773 774/774/774 839/839/839 838/838/838
f 774/774/774 775/775/775 840/840/840 839/839/839
f 775/775/775 776/776/776 841/841/841 840/840/840
f 776/776/776 777/777/777 842/842/842 841/841/841
f 777/777/777 778/778/778 843/843/843 842/842/842
f 778/778/778 779/779/779 844/844/844 843/843/843
f 779/779/779 780/780/780 845/845/845 844/844/844
f 781/781/781 782/782/782 847/847/847 846/846/846
f 782/782/782 783/783/783 848/848/848 847/847/847
f 783/783/783 784/784/784 849/849/849 848/848/848
f 784/784/784 785/785/785 850/850/850 849/849/849
f 785/785/785 786/786/786 851/851/851 850/850/850
f 786/786/786 787/787/787 852/852/852 851/851/851
f 787/787/787 788/788/788 853/853/853 852/852/852
f 788/788/788 789/789/789 854/854/854 853/853/853
f 789/789/789 790/790/790 855/855/855 854/854/854
f 790/790/790 791/791/791 856/856/856 855/855/855
f 791/791/791 792/792/792 857/857/857 856/856/856
f 792/792/792 793/793/793 858/858/858 857/857/857
f 793/793/793 794/794/794 859/859/859 858/858/858
f 794/794/794 795/795/795 860/860/860 859/859/859
f 795/795/795 796/796/796 861/861/861 860/860/860
f 796/796/796 797/797/797 862/862/862 861/861/861
f 797/797/797 798/798/798 863/863/863 862/862/862
f 798/798/798 799/799/799 864/864/864 863/863/863
f 799/799/799 800/800/800 865/865/865 864/864/864
f 800/800/800 801/801/801 866/866/866 865/865/865
f 801/801/801 802/802/802 867/867/867 866/866/866
f 802/802/802 803/803/803 868/868/868 867/867/867
f 803/803/803 804/804/804 869/869/869 868/868/868
f 804/804/804 805/805/805 870/870/870 869/869/869
f 805/805/805 806/806/806 871/871/871 870/870/870
f 806/806/806 807/807/807 872/872/872 871/871/871
f 807/807/807 808/808/808 873/873/873 872/872/872
f 808/808/808 809/809/809 874/874/874 873/873/873
f 809/809/809 810/810/810 875/875/875 874/874/874
f 810/810/810 811/811/811 876/876/876 875/875/875
f 811/811/811 812/812/812 877/877/877 876/876/876
f 812/812/812 813/813/813 878/878/878 877/877/877
f 813/813/813 814/814/814 879/879/879 878/878/878
f 814/814/814 815/815/815 880/880/880 879/879/879
f 815/815/815 816/816/816 881/881/881 880/880/880
f 816/816/816 817/817/817 882/882/882 881/881/881
f 817/817/817 818/818/818 883/883/883 882/882/882
f 818/818/818 819/819/819 884/884/884 883/883/883
f 819/819/819 820/820/820 885/885/885 884/884/884
f 820/820/820 821/821/821 886/886/886 885/885/885
f 821/821/821 822/822/822 887/887/887 886/886/886
f 822/822/822 823/823/823 888/888/888 887/887/887
f 823/823/823 824/824/824 889/889/889 888/888/888
f 824/824/824 825/825/825 890/890/890 889/889/889
f 825/825/825 826/826/826 891/891/891 890/890/890
f 826/826/826 827/827/827 892/892/892 891/891/891
f 827/827/827 828/828/828 893/893/893 892/892/892
f 828/828/828 829/829/829 894/894/894 893/893/893
f 829/829/829 830/830/830 895/895/895 894/894/894
f 830/830/830 831/831/831 896/896/896 895/895/895
f 831/831/831 832/832/832 897/897/897 896/896/896
f 832/832/832 833/833/833 898/898/898 897/897/897
f 833/833/833 834/834/834 899/899/899 898/898/898
f 834/834/834 835/835/835 900/900/900 899/899/899
f 835/835/835 836/836/836 901/901/901 900/900/900
f 836/836/836 837/837/837 902/902/902 901/901/901
f 837/837/837 838/838/838 903/903/903 902/902/902
f 838/838/838 839/839/839 904/904/904 903/903/903
f 839/839/839 840/840/840 905/905/905 904/904/904
f 840/840/840 841/841/841 906/906/906 905/905/905
f 841/841/841 842/842/842 907/907/907 906/906/906
f 842/842/842 843/843/843 908/908/908 907/907/907
f 843/843/843 844/844/844 909/909/909 908/908/908
f 844/844/844 845/845/845 910/910/910 909/909/909
f 846/846/846 847/847/847 912/912/912 911/911/911
f 847/847/847 848/848/848 913/913/913 912/912/912
f 848/848/848 849/849/849 914/914/914 913/913/913
f 849/849/849 850/850/850 915/915/915 914/914/914
f 850/850/850 851/851/851 916/916/916 915/915/915
f 851/851/851 852/852/852 917/917/917 916/916/916
f 852/852/852 853/853/853 918/918/918 917/917/917
f 853/853/853 854/854/854 919/919/919 918/918/918
f 854/854/854 855/855/855 920/920/920 919/919/919
f 855/855/855 856/856/856 921/921/921 920/920/920
f 856/856/856 857/857/857 922/922/922 921/921/921
f 857/857/857 858/858/858 923/923/923 922/922/922
f 858/858/858 859/859/859 924/924/924 923/923/923
f 859/859/859 860/860/860 925/925/925 924/924/924
f 860/860/860 861/861/861 926/926/926 925/925/925
f 861/861/861 862/862/862 927/927/927 926/926/926
f 862/862/862 863/863/863 928/928/928 927/927/927
f 863/863/863 864/864/864 929/929/929 928/928/928
f 864/864/864 865/865/865 930/930/930 929/929/929
f 865/865/865 866/866/866 931/931/931 930/930/930
f 866/866/866 867/867/867 932/932/932 931/931/931
f 867/867/867 868/868/868 933/933/933 932/932/932
f 868/868/868 869/869/869 934/934/934 933/933/933
f 869/869/869 870/870/870 935/935/935 934/934/934
f 870/870/870 871/871/871 936/936/936 935/935/935
f 871/871/871 872/872/872 937/937/937 936/936/936
f 872/872/872 873/873/873 938/938/938 937/937/937
f 873/873/873 874/874/874 939/939/939 938/938/938
f 874/874/874 875/875/875 940/940/940 939/939/939
f 875/875/875 876/876/876 941/941/941 940/940/940
f 876/876/876 877/877/877 942/942/942 941/941/941
f 877/877/877 878/878/878 943/943/943 942/942/942
f 878/878/878 879/879/879 944/944/944 943/943/943
f 879/879/879 880/880/880 945/945/945 944/944/944
f 880/880/880 881/881/881 946/946/946 945/945/945
f 881/881/881 882/882/882 947/947/947 946/946/946
f 882/882/882 883/883/883 948/948/948 947/947/947
f 883/883/883 884/884/884 949/949/949 948/948/948
f 884/884/884 885/885/885 950/950/950 949/949/949
f 885/885/885 886/886/886 951/951/951 950/950/950
f 886/886/886 887/887/887 952/952/952 951/951/951
f 887/887/887 888/888/888 953/953/953 952/952/952
f 888/888/888 889/889/889 954/954/954 953/953/953
f 889/889/889 890/890/890 955/955/955 954/954/954
f 890/890/890 891/891/891 956/956/956 955/955/955
f 891/891/891 892/892/892 957/957/957 956/956/956
f 892/892/892 893/893/893 958/958/958 957/957/957
f 893/893/893 894/894/894 959/959/959 958/958/958
f 894/894/894 895/895/895 960/960/960 959/959/959
f 895/895/895 896/896/896 961/961/961 960/960/960
f 896/896/896 897/897/897 962/962/962 961/961/961
f 897/897/897 898/898/898 963/963/963 962/962/962
f 898/898/898 899/899/899 964/964/964 963/963/963
f 899/899/899 900/900/900 965/965/965 964/964/964
f 900/900/900 901/901/901 966/966/966 965/965/965
f 901/901/901 902/902/902 967/967/967 966/966/966
f 902/902/902 903/903/903 968/968/968 967/967/967
f 903/903/903 904/904/904 969/969/969 968/968/968
f 904/904/904 905/905/905 970/970/970 969/969/969
f 905/905/905 906/906/906 971/971/971 970/970/970
f 906/906/906 907/907/907 972/972/972 971/971/971
f 907/907/907 908/908/908 973/973/973 972/972/972
f 908/908/908 909/909/909 974/974/974 973/973/973
f 909/909/909 910/910/910 975/975/975 974/974/974
f 911/911/911 912/912/912 977/977/977 976/976/976
f 912/912/912 913/913/913 978/978/978 977/977/977
f 913/913/913 914/914/914 979/979/979 978/978/978
f 914/914/914 915/915/915 980/980/980 979/979/979
f 915/915/915 916/916/916 981/981/981 980/980/980
f 916/916/916 917/917/917 982/982/982 981/981/981
f 917/917/917 918/918/918 983/983/983 982/982/982
f 918/918/918 919/919/919 984/984/984 983/983/983
f 919/919/919 920/920/920 985/985/985 984/984/984
f 920/920/920 921/921/921 986/986/986 985/985/985
f 921/921/921 922/922/922 987/987/987 986/986/986
f 922/922/922 923/923/923 988/988/988 987/987/987
f 923/923/923 924/924/924 989/989/989 988/988/988
f 924/924/924 925/925/925 990/990/990 989/989/989
f 925/925/925 926/926/926 991/991/991 990/990/990
f 926/926/926 927/927/927 992/992/992 991/991/991
f 927/927/927 928/928/928 993/993/993 992/992/992
f 928/928/928 929/929/929 994/994/994 993/993/993
f 929/929/929 930/930/930 995/995/995 994/994/994
f 930/930/930 931/931/931 996/996/996 995/995/995
f 931/931/931 932/932/932 997/997/997 996/996/996
f 932/932/932 933/933/933 998/998/998 997/997/997
f 933/933/933 934/934/934 999/999/999 998/998/998
f 934/934/934 935/935/935 1000/1000/1000 999/999/999
f 935/935/935 936/936/936 1001/1001/1001 1000/1000/1000
f 936/936/936 937/937/937 1002/1002/1002 1001/1001/1001
f 937/937/937 938/938/938 1003/1003/1003 1002/1002/1002
f 938/938/938 939/939/939 1004/1004/1004 1003/1003/1003
f 939/939/939 940/940/940 1005/1005/1005 1004/1004/1004
f 940/940/940 941/941/941 1006/1006/1006 1005/1005/1005
f 941/941/941 942/942/942 1007/1007/1007 1006/1006/1006
f 942/942/942 943/943/943 1008/1008/1008 1007/1007/1007
f 943/943/943 944/944/944 1009/1009/1009 1008/1008/1008
f 944/944/944 945/945/945 1010/1010/1010 1009/1009/1009
f 945/945/945 946/946/946 1011/1011/1011 1010/1010/1010
f 946/946/946 947/947/947 1012/1012/1012 1011/1011/1011
f 947/947/947 948/948/948 1013/1013/1013 1012/1012/1012
f 948/948/948 949/949/949 1014/1014/1014 1013/1013/1013
f 949/949/949 950/950/950 1015/1015/1015 1014/1014/1014
f 950/950/950 951/951/951 1016/1016/1016 1015/1015/1015
f 951/951/951 952/952/952 1017/1017/1017 1016/1016/1016
f 952/952/952 953/953/953 1018/1018/1018 1017/1017/1017
f 953/953/953 954/954/954 1019/1019/1019 1018/1018/1018
f 954/954/954 955/955/955 1020/1020/1020 1019/1019/1019
f 955/955/955 956/956/956 1021/1021/1021 1020/1020/1020
f 956/956/956 957/957/957 1022/1022/1022 1021/1021/1021
f 957/957/957 958/958/958 1023/1023/1023 1022/1022/1022
f 958/958/958 959/959/959 1024/1024/1024 1023/1023/1023
f 959/959/959 960/960/960 1025/1025/1025 1024/1024/1024
f 960/960/960 961/961/961 1026/1026/1026 1025/1025/1025
f 961/961/961 962/962/962 1027/1027/1027 1026/1026/1026
f 962/962/962 963/963/963 1028/1028/1028 1027/1027/1027
f 963/963/963 964/964/964 1029/1029/1029 1028/1028/1028
f 964/964/964 965/965/965 1030/1030/1030 1029/1029/1029
f 965/965/965 966/966/966 1031/1031/1031 1030/1030/1030
f 966/966/966 967/967/967 1032/1032/1032 1031/1031/1031
f 967/967/967 968/968/968 1033/1033/1033 1032/1032/1032
f 968/968/968 969/969/969 1034/1034/1034 1033/1033/1033
f 969/969/969 970/970/970 1035/1035/1035 1034/1034/1034
f 970/970/970 971/971/971 1036/1036/1036 1035/1035/1035
f 971/971/971 972/972/972 1037/1037/1037 1036/1036/1036
f 972/972/972 973/973/973 1038/1038/1038 1037/1037/1037
f 973/973/973 974/974/974 1039/1039/1039 1038/1038/1038
f 974/974/974 975/975/975 1040/1040/1040 1039/1039/1039
f 976/976/976 977/977/977 1042/1042/1042 1041/1041/1041
f 977/977/977 978/978/978 1043/1043/1043 1042/1042/1042
f 978/978/978 979/979/979 1044/1044/1044 1043/1043/1043
f 979/979/979 980/980/980 1045/1045/1045 1044/1044/1044
f 980/980/980 981/981/981 1046/1046/1046 1045/1045/1045
f 981/981/981 982/982/982 1047/1047/1047 1046/1046/1046
f 982/982/982 983/983/983 1048/1048/1048 1047/1047/1047
f 983/983/983 984/984/984 1049/1049/1049 1048/1048/1048
f 984/984/984 985/985/985 1050/1050/1050 1049/1049/1049
f 985/985/985 986/986/986 1051/1051/1051 1050/1050/1050
f 986/986/986 987/987/987 1052/1052/1052 1051/1051/1051
f 987/987/987 988/988/988 1053/1053/1053 1052/1052/1052
f 988/988/988 989/989/989 1054/1054/1054 1053/1053/1053
f 989/989/989 990/990/990 1055/1055/1055 1054/1054/1054
f 990/990/990 991/991/991 1056/1056/1056 1055/1055/1055
f 991/991/991 992/992/992 1057/1057/1057 1056/1056/1056
f 992/992/992 993/993/993 1058/1058/1058 1057/1057/1057
f 993/993/993 994/994/994 1059/1059/1059 1058/1058/1058
f 994/994/994 995/995/995 1060/1060/1060 1059/1059/1059
f 995/995/995 996/996/996 1061/1061/1061 1060/1060/1060
f 996/996/996 997/997/997 1062/1062/1062 1061/1061/1061
f 997/997/997 998/998/998 1063/1063/1063 1062/1062/1062
f 998/998/998 999/999/999 1064/1064/1064 1063/1063/1063
f 999/999/999 1000/1000/1000 1065/1065/1065 1064/1064/1064
f 1000/1000/1000 1001/1001/1001 1066/1066/1066 1065/1065/1065
f 1001/1001/1001 1002/1002/1002 1067/1067/1067 1066/1066/1066
f 1002/1002/1002 1003/1003/1003 1068/1068/1068 1067/1067/1067
f 1003/1003/1003 1004/1004/1004 1069/1069/1069 1068/1068/1068
f 1004/1004/1004 1005/1005/1005 1070/1070/1070 1069/1069/1069
f 1005/1005/1005 1006/1006/1006 1071/1071/1071 1070/1070/1070
f 1006/1006/1006 1007/1007/1007 1072/1072/1072 1071/1071/1071
f 1007/1007/1007 1008/1008/1008 1073/1073/1073 1072/1072/1072
f 1008/1008/1008 1009/1009/1009 1074/1074/1074 1073/1073/1073
f 1009/1009/1009 1010/1010/1010 1075/1075/1075 1074/1074/1074
f 1010/1010/1010 1011/1011/1011 1076/1076/1076 1075/1075/1075
f 1011/1011/1011 1012/1012/1012 1077/1077/1077 1076/1076/1076
f 1012/1012/1012 1013/1013/1013 1078/1078/1078 1077/1077/1077
f 1013/1013/1013 1014/1014/1014 1079/1079/1079 1078/1078/1078
f 1014/1014/1014 1015/1015/1015 1080/1080/1080 1079/1079/1079
f 1015/1015/1015 1016/1016/1016 1081/1081/1081 1080/1080/1080
f 1016/1016/1016 1017/1017/1017 1082/1082/1082 1081/1081/1081
f 1017/1017/1017 1018/1018/1018 1083/1083/1083 1082/1082/1082
f 1018/1018/1018 1019/1019/1019 1084/1084/1084 1083/1083/1083
f 1019/1019/1019 1020/1020/1020 1085/1085/1085 1084/1084/1084
f 1020/1020/1020 1021/1021/1021 1086/1086/1086 1085/1085/1085
f 1021/1021/1021 1022/1022/1022 1087/1087/1087 1086/1086/1086
f 1022/1022/1022 1023/1023/1023 1088/1088/1088 1087/1087/1087
f 1023/1023/1023 1024/1024/1024 1089/1089/1089 1088/1088/1088
f 1024/1024/1024 1025/1025/1025 1090/1090/1090 1089/1089/1089
f 1025/1025/1025 1026/1026/1026 1091/1091/1091 1090/1090/1090
f 1026/1026/1026 1027/1027/1027 1092/1092/1092 1091/1091/1091
f 1027/1027/1027 1028/1028/1028 1093/1093/1093 1092/1092/1092
f 1028/1028/1028 1029/1029/1029 1094/1094/1094 1093/1093/1093
f 1029/1029/1029 1030/1030/1030 1095/1095/1095 1094/1094/1094
f 1030/1030/1030 1031/1031/1031 1096/1096/1096 1095/1095/1095
f 1031/1031/1031 1032/1032/1032 1097/1097/1097 1096/1096/1096
f 1032/1032/1032 1033/1033/1033 1098/1098/1098 1097/1097/1097
f 1033/1033/1033 1034/1034/1034 1099/1099/1099 1098/1098/1098
f 1034/1034/1034 1035/1035/1035 1100/1100/1100 1099/1099/1099
f 1035/1035/1035 1036/1036/1036 1101/1101/1101 1100/1100/1100
f 1036/1036/1036 1037/1037/1037 1102/1102/1102 1101/1101/1101
f 1037/1037/1037 1038/1038/1038 1103/1103/1103 1102/1102/1102
f 1038/1038/1038 1039/1039/1039 1104/1104/1104 1103/1103/1103
f 1039/1039/1039 1040/1040/1040 1105/1105/1105 1104/1104/1104
f 1041/1041/1041 1042/1042/1042 1107/1107/1107 1106/1106/1106
f 1042/1042/1042 1043/1043/1043 1108/1108/1108 1107/1107/1107
f 1043/1043/1043 1044/1044/1044 1109/1109/1109 1108/1108/1108
f 1044/1044/1044 1045/1045/1045 1110/1110/1110 1109/1109/1109
f 1045/1045/1045 1046/1046/1046 1111/1111/1111 1110/1110/1110
f 1046/1046/1046 1047/1047/1047 1112/1112/1112 1111/1111/1111
f 1047/1047/1047 1048/1048/1048 1113/1113/1113 1112/1112/1112
f 1048/1048/1048 1049/1049/1049 1114/1114/1114 1113/1113/1113
f 1049/1049/1049 1050/1050/1050 1115/1115/1115 1114/1114/1114
f 1050/1050/1050 1051/1051/1051 1116/1116/1116 1115/1115/1115
f 1051/1051/1051 1052/1052/1052 1117/1117/1117 1116/1116/1116
f 1052/1052/1052 1053/1053/1053 1118/1118/1118 1117/1117/1117
f 1053/1053/1053 1054/1054/1054 1119/1119/1119 1118/1118/1118
f 1054/1054/1054 1055/1055/1055 1120/1120/1120 1119/1119/1119
f 1055/1055/1055 1056/1056/1056 1121/1121/1121 1120/1120/1120
f 1056/1056/1056 1057/1057/1057 1122/1122/1122 1121/1121/1121
f 1057/1057/1057 1058/1058/1058 1123/1123/1123 1122/1122/1122
f 1058/1058/1058 1059/1059/1059 1124/1124/1124 1123/1123/1123
f 1059/1059/1059 1060/1060/1060 1125/1125/1125 1124/1124/1124
f 1060/1060/1060 1061/1061/1061 1126/1126/1126 1125/1125/1125
f 1061/1061/1061 1062/1062/1062 1127/1127/1127 1126/1126/1126
f 1062/1062/1062 1063/1063/1063 1128/1128/1128 1127/1127/1127
f 1063/1063/1063 1064/1064/1064 1129/1129/1129 1128/1128/1128
f 1064/1064/1064 1065/1065/1065 1130/1130/1130 1129/1129/1129
f 1065/1065/1065 1066/1066/1066 1131/1131/1131 1130/1130/1130
f 1066/1066/1066 1067/1067/1067 1132/1132/1132 1131/1131/1131
f 1067/1067/1067 1068/1068/1068 1133/1133/1133 1132/1132/1132
f 1068/1068/1068 1069/1069/1069 1134/1134/1134 1133/1133/1133
f 1069/1069/1069 1070/1070/1070 1135/1135/1135 1134/1134/1134
f 1070/1070/1070 1071/1071/1071 1136/1136/1136 1135/1135/1135
f 1071/1071/1071 1072/1072/1072 1137/1137/1137 1136/1136/1136
f 1072/1072/1072 1073/1073/1073 1138/1138/1138 1137/1137/1137
f 1073/1073/1073 1074/1074/1074 1139/1139/1139 1138/1138/1138
f 1074/1074/1074 1075/1075/1075 1140/1140/1140 1139/1139/1139
f 1075/1075/1075 1076/1076/1076 1141/1141/1141 1140/1140/1140
f 1076/1076/1076 1077/1077/1077 1142/1142/1142 1141/1141/1141
f 1077/1077/1077 1078/1078/1078 1143/1143/1143 1142/1142/1142
f 1078/1078/1078 1079/1079/1079 1144/1144/1144 1143/1143/1143
f 1079/1079/1079 1080/1080/1080 1145/1145/1145 1144/1144/1144
f 1080/1080/1080 1081/1081/1081 1146/1146/1146 1145/1145/1145
f 1081/1081/1081 1082/1082/1082 1147/1147/1147 1146/1146/1146
f 1082/1082/1082 1083/1083/1083 1148/1148/1148 1147/1147/1147
f 1083/1083/1083 1084/1084/1084 1149/1149/1149 1148/1148/1148
f 1084/1084/1084 1085/1085/1085 1150/1150/1150 1149/1149/1149
f 1085/1085/1085 1086/1086/1086 1151/1151/1151 1150/1150/1150
f 1086/1086/1086 1087/1087/1087 1152/1152/1152 1151/1151/1151
f 1087/1087/1087 1088/1088/1088 1153/1153/1153 1152/1152/1152
f 1088/1088/1088 1089/1089/1089 1154/1154/1154 1153/1153/1153
f 1089/1089/1089 1090/1090/1090 1155/1155/1155 1154/1154/1154
f 1090/1090/1090 1091/1091/1091 1156/1156/1156 1155/1155/1155
f 1091/1091/1091 1092/1092/1092 1157/1157/1157 1156/1156/1156
f 1092/1092/1092 1093/1093/1093 1158/1158/1158 1157/1157/1157
f 1093/1093/1093 1094/1094/1094 1159/1159/1159 1158/1158/1158
f 1094/1094/1094 1095/1095/1095 1160/1160/1160 1159/1159/1159
f 1095/1095/1095 1096/1096/1096 1161/1161/1161 1160/1160/1160
f 1096/1096/1096 1097/1097/1097 1162/1162/1162 1161/1161/1161
f 1097/1097/1097 1098/1098/1098 1163/1163/1163 1162/1162/1162
f 1098/1098/1098 1099/1099/1099 1164/1164/1164 1163/1163/1163
f 1099/1099/1099 1100/1100/1100 1165/1165/1165 1164/1164/1164
f 1100/1100/1100 1101/1101/1101 1166/1166/1166 1165/1165/1165
f 1101/1101/1101 1102/1102/1102 1167/1167/1167 1166/1166/1166
f 1102/1102/1102 1103/1103/1103 1168/1168/1168 1167/1167/1167
f 1103/1103/1103 1104/1104/1104 1169/1169/1169 1168/1168/1168
f 1104/1104/1104 1105/1105/1105 1170/1170/1170 1169/1169/1169
f 1106/1106/1106 1107/1107/1107 1172/1172/1172 1171/1171/1171
f 1107/1107/1107 1108/1108/1108 1173/1173/1173 1172/1172/1172
f 1108/1108/1108 1109/1109/1109 1174/1174/1174 1173/1173/1173
f 1109/1109/1109 1110/1110/1110 1175/1175/1175 1174/1174/1174
f 1110/1110/1110 1111/1111/1111 1176/1176/1176 1175/1175/1175
f 1111/1111/1111 1112/1112/1112 1177/1177/1177 1176/1176/1176
f 1112/1112/1112 1113/1113/1113 1178/1178/1178 1177/1177/1177
f 1113/1113/1113 1114/1114/1114 1179/1179/1179 1178/1178/1178
f 1114/1114/1114 1115/1115/1115 1180/1180/1180 1179/1179/1179
f 1115/1115/1115 1116/1116/1116 1181/1181/1181 1180/1180/1180
f 1116/1116/1116 1117/1117/1117 1182/1182/1182 1181/1181/1181
f 1117/1117/1117 1118/1118/1118 1183/1183/1183 1182/1182/1182
f 1118/1118/1118 1119/1119/1119 1184/1184/1184 1183/1183/1183
f 1119/1119/1119 1120/1120/1120 1185/1185/1185 1184/1184/1184
f 1120/1120/1120 1121/1121/1121 1186/1186/1186 1185/1185/1185
f 1121/1121/1121 1122/1122/1122 1187/1187/1187 1186/1186/1186
f 1122/1122/1122 1123/1123/1123 1188/1188/1188 1187/1187/1187
f 1123/1123/1123 1124/1124/1124 1189/1189/1189 1188/1188/1188
f 1124/1124/1124 1125/1125/1125 1190/1190/1190 1189/1189/1189
f 1125/1125/1125 1126/1126/1126 1191/1191/1191 1190/1190/1190
f 1126/1126/1126 1127/1127/1127 1192/1192/1192 1191/1191/1191
f 1127/1127/1127 1128/1128/1128 1193/1193/1193 1192/1192/1192
f 1128/1128/1128 1129/1129/1129 1194/1194/1194 1193/1193/1193
f 1129/1129/1129 1130/1130/1130 1195/1195/1195 1194/1194/1194
f 1130/1130/1130 1131/1131/1131 1196/1196/1196 1195/1195/1195
f 1131/1131/1131 1132/1132/1132 1197/1197/1197 1196/1196/1196
f 1132/1132/1132 1133/1133/1133 1198/1198/1198 1197/1197/1197
f 1133/1133/1133 1134/1134/1134 1199/1199/1199 1198/1198/1198
f 1134/1134/1134 1135/1135/1135 1200/1200/1200 1199/1199/1199
f 1135/1135/1135 1136/1136/1136 1201/1201/1201 1200/1200/1200
f 1136/1136/1136 1137/1137/1137 1202/1202/1202 1201/1201/1201
f 1137/1137/1137 1138/1138/1138 1203/1203/1203 1202/1202/1202
f 1138/1138/1138 1139/1139/1139 1204/1204/1204 1203/1203/1203
f 1139/1139/1139 1140/1140/1140 1205/1205/1205 1204/1204/1204
f 1140/1140/1140 1141/1141/1141 1206/1206/1206 1205/1205/1205
f 1141/1141/1141 1142/1142/1142 1207/1207/1207 1206/1206/1206
f 1142/1142/1142 1143/1143/1143 1208/1208/1208 1207/1207/1207
f 1143/1143/1143 1144/1144/1144 1209/1209/1209 1208/1208/1208
f 1144/1144/1144 1145/1145/1145 1210/1210/1210 1209/1209/1209
f 1145/1145/1145 1146/1146/1146 1211/1211/1211 1210/1210/1210
f 1146/1146/1146 1147/1147/1147 1212/1212/1212 1211/1211/1211
f 1147/1147/1147 1148/1148/1148 1213/1213/1213 1212/1212/1212
f 1148/1148/1148 1149/1149/1149 1214/1214/1214 1213/1213/1213
f 1149/1149/1149 1150/1150/1150 1215/1215/1215 1214/1214/1214
f 1150/1150/1150 1151/1151/1151 1216/1216/1216 1215/1215/1215
f 1151/1151/1151 1152/1152/1152 1217/1217/1217 1216/1216/1216
f 1152/1152/1152 1153/1153/1153 1218/1218/1218 1217/1217/1217
f 1153/1153/1153 1154/1154/1154 1219/1219/1219 1218/1218/1218
f 1154/1154/1154 1155/1155/1155 1220/1220/1220 1219/1219/1219
f 1155/1155/1155 1156/1156/1156 1221/1221/1221 1220/1220/1220
f 1156/1156/1156 1157/1157/1157 1222/1222/1222 1221/1221/1221
f 1157/1157/1157 1158/1158/1158 1223/1223/1223 1222/1222/1222
f 1158/1158/1158 1159/1159/1159 1224/1224/1224 1223/1223/1223
f 1159/1159/1159 1160/1160/1160 1225/1225/1225 1224/1224/1224
f 1160/1160/1160 1161/1161/1161 1226/1226/1226 1225/1225/1225
f 1161/1161/1161 1162/1162/1162 1227/1227/1227 1226/1226/1226
f 1162/1162/1162 1163/1163/1163 1228/1228/1228 1227/1227/1227
f 1163/1163/1163 1164/1164/1164 1229/1229/1229 1228/1228/1228
f 1164/1164/1164 1165/1165/1165 1230/1230/1230 1229/1229/1229
f 1165/1165/1165 1166/1166/1166 1231/1231/1231 1230/1230/1230
f 1166/1166/1166 1167/1167/1167 1232/1232/1232 1231/1231/1231
f 1167/1167/1167 1168/1168/1168 1233/1233/1233 1232/1232/1232
f 1168/1168/1168 1169/1169/1169 1234/1234/1234 1233/1233/1233
f 1169/1169/1169 1170/1170/1170 1235/1235/1235 1234/1234/1234
f 1171/1171/1171 1172/1172/1172 1237/1237/1237 1236/1236/1236
f 1172/1172/1172 1173/1173/1173 1238/1238/1238 1237/1237/1237
f 1173/1173/1173 1174/1174/1174 1239/1239/1239 1238/1238/1238
f 1174/1174/1174 1175/1175/1175 1240/1240/1240 1239/1239/1239
f 1175/1175/1175 1176/1176/1176 1241/1241/1241 1240/1240/1240
f 1176/1176/1176 1177/1177/1177 1242/1242/1242 1241/1241/1241
f 1177/1177/1177 1178/1178/1178 1243/1243/1243 1242/1242/1242
f 1178/1178/1178 1179/1179/1179 1244/1244/1244 1243/1243/1243
f 1179/1179/1179 1180/1180/1180 1245/1245/1245 1244/1244/1244
f 1180/1180/1180 1181/1181/1181 1246/1246/1246 1245/1245/1245
f 1181/1181/1181 1182/1182/1182 1247/1247/1247 1246/1246/1246
f 1182/1182/1182 1183/1183/1183 1248/1248/1248 1247/1247/1247
f 1183/1183/1183 1184/1184/1184 1249/1249/1249 1248/1248/1248
f 1184/1184/1184 1185/1185/1185 1250/1250/1250 1249/1249/1249
f 1185/1185/1185 1186/1186/1186 1251/1251/1251 1250/1250/1250
f 1186/1186/1186 1187/1187/1187 1252/1252/1252 1251/1251/1251
f 1187/1187/1187 1188/1188/1188 1253/1253/1253 1252/1252/1252
f 1188/1188/1188 1189/1189/1189 1254/1254/1254 1253/1253/1253
f 1189/1189/1189 1190/1190/1190 1255/1255/1255 1254/1254/1254
f 1190/1190/1190 1191/1191/1191 1256/1256/1256 1255/1255/1255
f 1191/1191/1191 1192/1192/1192 1257/1257/1257 1256/1256/1256
f 1192/1192/1192 1193/1193/1193 1258/1258/1258 1257/1257/1257
f 1193/1193/1193 1194/1194/1194 1259/1259/1259 1258/1258/1258
f 1194/1194/1194 1195/1195/1195 1260/1260/1260 1259/1259/1259
f 1195/1195/1195 1196/1196/1196 1261/1261/1261 1260/1260/1260
f 1196/1196/1196 1197/1197/1197 1262/1262/1262 1261/1261/1261
f 1197/1197/1197 1198/1198/1198 1263/1263/1263 1262/1262/1262
f 1198/1198/1198 1199/1199/1199 1264/1264/1264 1263/1263/1263
f 1199/1199/1199 1200/1200/1200 1265/1265/1265 1264/1264/1264
f 1200/1200/1200 1201/1201/1201 1266/1266/1266 1265/1265/1265
f 1201/1201/1201 1202/1202/1202 1267/1267/1267 1266/1266/1266
f 1202/1202/1202 1203/1203/1203 1268/1268/1268 1267/1267/1267
f 1203/1203/1203 1204/1204/1204 1269/1269/1269 1268/1268/1268
f 1204/1204/1204 1205/1205/1205 1270/1270/1270 1269/1269/1269
f 1205/1205/1205 1206/1206/1206 1271/1271/1271 1270/1270/1270
f 1206/1206/1206 1207/1207/1207 1272/1272/1272 1271/1271/1271
f 1207/1207/1207 1208/1208/1208 1273/1273/1273 1272/1272/1272
f 1208/1208/1208 1209/1209/1209 1274/1274/1274 1273/1273/1273
f 1209/1209/1209 1210/1210/1210 1275/1275/1275 1274/1274/1274
f 1210/1210/1210 1211/1211/1211 1276/1276/1276 1275/1275/1275
f 1211/1211/1211 1212/1212/1212 1277/1277/1277 1276/1276/1276
f 1212/1212/1212 1213/1213/1213 1278/1278/1278 1277/1277/1277
f 1213/1213/1213 1214/1214/1214 1279/1279/1279 1278/1278/1278
f 1214/1214/1214 1215/1215/1215 1280/1280/1280 1279/1279/1279
f 1215/1215/1215 1216/1216/1216 1281/1281/1281 1280/1280/1280
f 1216/1216/1216 1217/1217/1217 1282/1282/1282 1281/1281/1281
f 1217/1217/1217 1218/1218/1218 1283/1283/1283 1282/1282/1282
f 1218/1218/1218 1219/1219/1219 1284/1284/1284 1283/1283/1283
f 1219/1219/1219 1220/1220/1220 1285/1285/1285 1284/1284/1284
f 1220/1220/1220 1221/1221/1221 1286/1286/1286 1285/1285/1285
f 1221/1221/1221 1222/1222/1222 1287/1287/1287 1286/1286/1286
f 1222/1222/1222 1223/1223/1223 1288/1288/1288 1287/1287/1287
f 1223/1223/1223 1224/1224/1224 1289/1289/1289 1288/1288/1288
f 1224/1224/1224 1225/1225/1225 1290/1290/1290 1289/1289/1289
f 1225/1225/1225 1226/1226/1226 1291/1291/1291 1290/1290/1290
f 1226/1226/1226 1227/1227/1227 1292/1292/1292 1291/1291/1291
f 1227/1227/1227 1228/1228/1228 1293/1293/1293 1292/1292/1292
f 1228/1228/1228 1229/1229/1229 1294/1294/1294 1293/1293/1293
f 1229/1229/1229 1230/1230/1230 1295/1295/1295 1294/1294/1294
f 1230/1230/1230 1231/1231/1231 1296/1296/1296 1295/1295/1295
f 1231/1231/1231 1232/1232/1232 1297/1297/1297 1296/1296/1296
f 1232/1232/1232 1233/1233/1233 1298/1298/1298 1297/1297/1297
f 1233/1233/1233 1234/1234/1234 1299/1299/1299 1298/1298/1298
f 1234/1234/1234 1235/1235/1235 1300/1300/1300 1299/1299/1299
f 1236/1236/1236 1237/1237/1237 1302/1302/1302 1301/1301/1301
f 1237/1237/1237 1238/1238/1238 1303/1303/1303 1302/1302/1302
f 1238/1238/1238 1239/1239/1239 1304/1304/1304 1303/1303/1303
f 1239/1239/1239 1240/1240/1240 1305/1305/1305 1304/1304/1304
f 1240/1240/1240 1241/1241/1241 1306/1306/1306 1305/1305/1305
f 1241/1241/1241 1242/1242/1242 1307/1307/1307 1306/1306/1306
f 1242/1242/1242 1243/1243/1243 1308/1308/1308 1307/1307/1307
f 1243/1243/1243 1244/1244/1244 1309/1309/1309 1308/1308/1308
f 1244/1244/1244 1245/1245/1245 1310/1310/1310 1309/1309/1309
f 1245/1245/1245 1246/1246/1246 1311/1311/1311 1310/1310/1310
f 1246/1246/1246 1247/1247/1247 1312/1312/1312 1311/1311/1311
f 1247/1247/1247 1248/1248/1248 1313/1313/1313 1312/1312/1312
f 1248/1248/1248 1249/1249/1249 1314/1314/1314 1313/1313/1313
f 1249/1249/1249 1250/1250/1250 1315/1315/1315 1314/1314/1314
f 1250/1250/1250 1251/1251/1251 1316/1316/1316 1315/1315/1315
f 1251/1251/1251 1252/1252/1252 1317/1317/1317 1316/1316/1316
f 1252/1252/1252 1253/1253/1253 1318/1318/1318 1317/1317/1317
f 1253/1253/1253 1254/1254/1254 1319/1319/1319 1318/1318/1318
f 1254/1254/1254 1255/1255/1255 1320/1320/1320 1319/1319/1319
f 1255/1255/1255 1256/1256/1256 1321/1321/1321 1320/1320/1320
f 1256/1256/1256 1257/1257/1257 1322/1322/1322 1321/1321/1321
f 1257/1257/1257 1258/1258/1258 1323/1323/1323 1322/1322/1322
f 1258/1258/1258 1259/1259/1259 1324/1324/1324 1323/1323/1323
f 1259/1259/1259 1260/1260/1260 1325/1325/1325 1324/1324/1324
f 1260/1260/1260 1261/1261/1261 1326/1326/1326 1325/1325/1325
f 1261/1261/1261 1262/1262/1262 1327/1327/1327 1326/1326/1326
f 1262/1262/1262 1263/1263/1263 1328/1328/1328 1327/1327/1327
f 1263/1263/1263 1264/1264/1264 1329/1329/1329 1328/1328/1328
f 1264/1264/1264 1265/1265/1265 1330/1330/1330 1329/1329/1329
f 1265/1265/1265 1266/1266/1266 1331/1331/1331 1330/1330/1330
f 1266/1266/1266 1267/1267/1267 1332/1332/1332 1331/1331/1331
f 1267/1267/1267 1268/1268/1268 1333/1333/1333 1332/1332/1332
f 1268/1268/1268 1269/1269/1269 1334/1334/1334 1333/1333/1333
f 1269/1269/1269 1270/1270/1270 1335/1335/1335 1334/1334/1334
f 1270/1270/1270 1271/1271/1271 1336/1336/1336 1335/1335/1335
f 1271/1271/1271 1272/1272/1272 1337/1337/1337 1336/1336/1336
f 1272/1272/1272 1273/1273/1273 1338/1338/1338 1337/1337/1337
f 1273/1273/1273 1274/1274/1274 1339/1339/1339 1338/1338/1338
f 1274/1274/1274 1275/1275/1275 1340/1340/1340 1339/1339/1339
f 1275/1275/1275 1276/1276/1276 1341/1341/1341 1340/1340/1340
f 1276/1276/1276 1277/1277/1277 1342/1342/1342 1341/1341/1341
f 1277/1277/1277 1278/1278/1278 1343/1343/1343 1342/1342/1342
f 1278/1278/1278 1279/1279/1279 1344/1344/1344 1343/1343/1343
f 1279/1279/1279 1280/1280/1280 1345/1345/1345 1344/1344/1344
f 1280/1280/1280 1281/1281/1281 1346/1346/1346 1345/1345/1345
f 1281/1281/1281 1282/1282/1282 1347/1347/1347 1346/1346/1346
f 1282/1282/1282 1283/1283/1283 1348/1348/1348 1347/1347/1347
f 1283/1283/1283 1284/1284/1284 1349/1349/1349 1348/1348/1348
f 1284/1284/1284 1285/1285/1285 1350/1350/1350 1349/1349/1349
f 1285/1285/1285 1286/1286/1286 1351/1351/1351 1350/1350/1350
f 1286/1286/1286 1287/1287/1287 1352/1352/1352 1351/1351/1351
f 1287/1287/1287 1288/1288/1288 1353/1353/1353 1352/1352/1352
f 1288/1288/1288 1289/1289/1289 1354/1354/1354 1353/1353/1353
f 1289/1289/1289 1290/1290/1290 1355/1355/1355 1354/1354/1354
f 1290/1290/1290 1291/1291/1291 1356/1356/1356 1355/1355/1355
f 1291/1291/1291 1292/1292/1292 1357/1357/1357 1356/1356/1356
f 1292/1292/1292 1293/1293/1293 1358/1358/1358 1357/1357/1357
f 1293/1293/1293 1294/1294/1294 1359/1359/1359 1358/1358/1358
f 1294/1294/1294 1295/1295/1295 1360/1360/1360 1359/1359/1359
f 1295/1295/1295 1296/1296/1296 1361/1361/1361 1360/1360/1360
f 1296/1296/1296 1297/1297/1297 1362/1362/1362 1361/1361/1361
f 1297/1297/1297 1298/1298/1298 1363/1363/1363 1362/1362/1362
f 1298/1298/1298 1299/1299/1299 1364/1364/1364 1363/1363/1363
f 1299/1299/1299 1300/1300/1300 1365/1365/1365 1364/1364/1364
f 1301/1301/1301 1302/1302/1302 1367/1367/1367 1366/1366/1366
f 1302/1302/1302 1303/1303/1303 1368/1368/1368 1367/1367/1367
f 1303/1303/1303 1304/1304/1304 1369/1369/1369 1368/1368/1368
f 1304/1304/1304 1305/1305/1305 1370/1370/1370 1369/1369/1369
f 1305/1305/1305 1306/1306/1306 1371/1371/1371 1370/1370/1370
f 1306/1306/1306 1307/1307/1307 1372/1372/1372 1371/1371/1371
f 1307/1307/1307 1308/1308/1308 1373/1373/1373 1372/1372/1372
f 1308/1308/1308 1309/1309/1309 1374/1374/1374 1373/1373/1373
f 1309/1309/1309 1310/1310/1310 1375/1375/1375 1374/1374/1374
f 1310/1310/1310 1311/1311/1311 1376/1376/1376 1375/1375/1375
f 1311/1311/1311 1312/1312/1312 1377/1377/1377 1376/1376/1376
f 1312/1312/1312 1313/1313/1313 1378/1378/1378 1377/1377/1377
f 1313/1313/1313 1314/1314/1314 1379/1379/1379 1378/1378/1378
f 1314/1314/1314 1315/1315/1315 1380/1380/1380 1379/1379/1379
f 1315/1315/1315 1316/1316/1316 1381/1381/1381 1380/1380/1380
f 1316/1316/1316 1317/1317/1317 1382/1382/1382 1381/1381/1381
f 1317/1317/1317 1318/1318/1318 1383/1383/1383 1382/1382/1382
f 1318/1318/1318 1319/1319/1319 1384/1384/1384 1383/1383/1383
f 1319/1319/1319 1320/1320/1320 1385/1385/1385 1384/1384/1384
f 1320/1320/1320 1321/1321/1321 1386/1386/1386 1385/1385/1385
f 1321/1321/1321 1322/1322/1322 1387/1387/1387 1386/1386/1386
f 1322/1322/1322 1323/1323/1323 1388/1388/1388 1387/1387/1387
f 1323/1323/1323 1324/1324/1324 1389/1389/1389 1388/1388/1388
f 1324/1324/1324 1325/1325/1325 1390/1390/1390 1389/1389/1389
f 1325/1325/1325 1326/1326/1326 1391/1391/1391 1390/1390/1390
f 1326/1326/1326 1327/1327/1327 1392/1392/1392 1391/1391/1391
f 1327/1327/1327 1328/1328/1328 1393/1393/1393 1392/1392/1392
f 1328/1328/1328 1329/1329/1329 1394/1394/1394 1393/1393/1393
f 1329/1329/1329 1330/1330/1330 1395/1395/1395 1394/1394/1394
f 1330/1330/1330 1331/1331/1331 1396/1396/1396 1395/1395/1395
f 1331/1331/1331 1332/1332/1332 1397/1397/1397 1396/1396/1396
f 1332/1332/1332 1333/1333/1333 1398/1398/1398 1397/1397/1397
f 1333/1333/1333 1334/1334/1334 1399/1399/1399 1398/1398/1398
f 1334/1334/1334 1335/1335/1335 1400/1400/1400 1399/1399/1399
f 1335/1335/1335 1336/1336/1336 1401/1401/1401 1400/1400/1400
f 1336/1336/1336 1337/1337/1337 1402/1402/1402 1401/1401/1401
f 1337/1337/1337 1338/1338/1338 1403/1403/1403 1402/1402/1402
f 1338/1338/1338 1339/1339/1339 1404/1404/1404 1403/1403/1403
f 1339/1339/1339 1340/1340/1340 1405/1405/1405 1404/1404/1404
f 1340/1340/1340 1341/1341/1341 1406/1406/1406 1405/1405/1405
f 1341/1341/1341 1342/1342/1342 1407/1407/1407 1406/1406/1406
f 1342/1342/1342 1343/1343/1343 1408/1408/1408 1407/1407/1407
f 1343/1343/1343 1344/1344/1344 1409/1409/1409 1408/1408/1408
f 1344/1344/1344 1345/1345/1345 1410/1410/1410 1409/1409/1409
f 1345/1345/1345 1346/1346/1346 1411/1411/1411 1410/1410/1410
f 1346/1346/1346 1347/1347/1347 1412/1412/1412 1411/1411/1411
f 1347/1347/1347 1348/1348/1348 1413/1413/1413 1412/1412/1412
f 1348/1348/1348 1349/1349/1349 1414/1414/1414 1413/1413/1413
f 1349/1349/1349 1350/1350/1350 1415/1415/1415 1414/1414/1414
f 1350/1350/1350 1351/1351/1351 1416/1416/1416 1415/1415/1415
f 1351/1351/1351 1352/1352/1352 1417/1417/1417 1416/1416/1416
f 1352/1352/1352 1353/1353/1353 1418/1418/1418 1417/1417/1417
f 1353/1353/1353 1354/1354/1354 1419/1419/1419 1418/1418/1418
f 1354/1354/1354 1355/1355/1355 1420/1420/1420 1419/1419/1419
f 1355/1355/1355 1356/1356/1356 1421/1421/1421 1420/1420/1420
f 1356/1356/1356 1357/1357/1357 1422/1422/1422 1421/1421/1421
f 1357/1357/1357 1358/1358/1358 1423/1423/1423 1422/1422/1422
f 1358/1358/1358 1359/1359/1359 1424/1424/1424 1423/1423/1423
f 1359/1359/1359 1360/1360/1360 1425/1425/1425 1424/1424/1424
f 1360/1360/1360 1361/1361/1361 1426/1426/1426 1425/1425/1425
f 1361/1361/1361 1362/1362/1362 1427/1427/1427 1426/1426/1426
f 1362/1362/1362 1363/1363/1363 1428/1428/1428 1427/1427/1427
f 1363/1363/1363 1364/1364/1364 1429/1429/1429 1428/1428/1428
f 1364/1364/1364 1365/1365/1365 1430/1430/1430 1429/1429/1429
f 1366/1366/1366 1367/1367/1367 1432/1432/1432 1431/1431/1431
f 1367/1367/1367 1368/1368/1368 1433/1433/1433 1432/1432/1432
f 1368/1368/1368 1369/1369/1369 1434/1434/1434 1433/1433/1433
f 1369/1369/1369 1370/1370/1370 1435/1435/1435 1434/1434/1434
f 1370/1370/1370 1371/1371/1371 1436/1436/1436 1435/1435/1435
f 1371/1371/1371 1372/1372/1372 1437/1437/1437 1436/1436/1436
f 1372/1372/1372 1373/1373/1373 1438/1438/1438 1437/1437/1437
f 1373/1373/1373 1374/1374/1374 1439/1439/1439 1438/1438/1438
f 1374/1374/1374 1375/1375/1375 1440/1440/1440 1439/1439/1439
f 1375/1375/1375 1376/1376/1376 1441/1441/1441 1440/1440/1440
f 1376/1376/1376 1377/1377/1377 1442/1442/1442 1441/1441/1441
f 1377/1377/1377 1378/1378/1378 1443/1443/1443 1442/1442/1442
f 1378/1378/1378 1379/1379/1379 1444/1444/1444 1443/1443/1443
f 1379/1379/1379 1380/1380/1380 1445/1445/1445 1444/1444/1444
f 1380/1380/1380 1381/1381/1381 1446/1446/1446 1445/1445/1445
f 1381/1381/1381 1382/1382/1382 1447/1447/1447 1446/1446/1446
f 1382/1382/1382 1383/1383/1383 1448/1448/1448 1447/1447/1447
f 1383/1383/1383 1384/1384/1384 1449/1449/1449 1448/1448/1448
f 1384/1384/1384 1385/1385/1385 1450/1450/1450 1449/1449/1449
f 1385/1385/1385 1386/1386/1386 1451/1451/1451 1450/1450/1450
f 1386/1386/1386 1387/1387/1387 1452/1452/1452 1451/1451/1451
f 1387/1387/1387 1388/1388/1388 1453/1453/1453 1452/1452/1452
f 1388/1388/1388 1389/1389/1389 1454/1454/1454 1453/1453/1453
f 1389/1389/1389 1390/1390/1390 1455/1455/1455 1454/1454/1454
f 1390/1390/1390 1391/1391/1391 1456/1456/1456 1455/1455/1455
f 1391/1391/1391 1392/1392/1392 1457/1457/1457 1456/1456/1456
f 1392/1392/1392 1393/1393/1393 1458/1458/1458 1457/1457/1457
f 1393/1393/1393 1394/1394/1394 1459/1459/1459 1458/1458/1458
f 1394/1394/1394 1395/1395/1395 1460/1460/1460 1459/1459/1459
f 1395/1395/1395 1396/1396/1396 1461/1461/1461 1460/1460/1460
f 1396/1396/1396 1397/1397/1397 1462/1462/1462 1461/1461/1461
f 1397/1397/1397 1398/1398/1398 1463/1463/1463 1462/1462/1462
f 1398/1398/1398 1399/1399/1399 1464/1464/1464 1463/1463/1463
f 1399/1399/1399 1400/1400/1400 1465/1465/1465 1464/1464/1464
f 1400/1400/1400 1401/1401/1401 1466/1466/1466 1465/1465/1465
f 1401/1401/1401 1402/1402/1402 1467/1467/1467 1466/1466/1466
f 1402/1402/1402 1403/1403/1403 1468/1468/1468 1467/1467/1467
f 1403/1403/1403 1404/1404/1404 1469/1469/1469 1468/1468/1468
f 1404/1404/1404 1405/1405/1405 1470/1470/1470 1469/1469/1469
f 1405/1405/1405 1406/1406/1406 1471/1471/1471 1470/1470/1470
f 1406/1406/1406 1407/1407/1407 1472/1472/1472 1471/1471/1471
f 1407/1407/1407 1408/1408/1408 1473/1473/1473 1472/1472/1472
f 1408/1408/1408 1409/1409/1409 1474/1474/1474 1473/1473/1473
f 1409/1409/1409 1410/1410/1410 1475/1475/1475 1474/1474/1474
f 1410/1410/1410 1411/1411/1411 1476/1476/1476 1475/1475/1475
f 1411/1411/1411 1412/1412/1412 1477/1477/1477 1476/1476/1476
f 1412/1412/1412 1413/1413/1413 1478/1478/1478 1477/1477/1477
f 1413/1413/1413 1414/1414/1414 1479/1479/1479 1478/1478/1478
f 1414/1414/1414 1415/1415/1415 1480/1480/1480 1479/1479/1479
f 1415/1415/1415 1416/1416/1416 1481/1481/1481 1480/1480/1480
f 1416/1416/1416 1417/1417/1417 1482/1482/1482 1481/1481/1481
f 1417/1417/1417 1418/1418/1418 1483/1483/1483 1482/1482/1482
f 1418/1418/1418 1419/1419/1419 1484/1484/1484 1483/1483/1483
f 1419/1419/1419 1420/1420/1420 1485/1485/1485 1484/1484/1484
f 1420/1420/1420 1421/1421/1421 1486/1486/1486 1485/1485/1485
f 1421/1421/1421 1422/1422/1422 1487/1487/1487 1486/1486/1486
f 1422/1422/1422 1423/1423/1423 1488/1488/1488 1487/1487/1487
f 1423/1423/1423 1424/1424/1424 1489/1489/1489 1488/1488/1488
f 1424/1424/1424 1425/1425/1425 1490/1490/1490 1489/1489/1489
f 1425/1425/1425 1426/1426/1426 1491/1491/1491 1490/1490/1490
f 1426/1426/1426 1427/1427/1427 1492/1492/1492 1491/1491/1491
f 1427/1427/1427 1428/1428/1428 1493/1493/1493 1492/1492/1492
f 1428/1428/1428 1429/1429/1429 1494/1494/1494 1493/1493/1493
f 1429/1429/1429 1430/1430/1430 1495/1495/1495 1494/1494/1494
f 1431/1431/1431 1432/1432/1432 1497/1497/1497 1496/1496/1496
f 1432/1432/1432 1433/1433/1433 1498/1498/1498 1497/1497/1497
f 1433/1433/1433 1434/1434/1434 1499/1499/1499 1498/1498/1498
f 1434/1434/1434 1435/1435/1435 1500/1500/1500 1499/1499/1499
f 1435/1435/1435 1436/1436/1436 1501/1501/1501 1500/1500/1500
f 1436/1436/1436 1437/1437/1437 1502/1502/1502 1501/1501/1501
f 1437/1437/1437 1438/1438/1438 1503/1503/1503 1502/1502/1502
f 1438/1438/1438 1439/1439/1439 1504/1504/1504 1503/1503/1503
f 1439/1439/1439 1440/1440/1440 1505/1505/1505 1504/1504/1504
f 1440/1440/1440 1441/1441/1441 1506/1506/1506 1505/1505/1505
f 1441/1441/1441 1442/1442/1442 1507/1507/1507 1506/1506/1506
f 1442/1442/1442 1443/1443/1443 1508/1508/1508 1507/1507/1507
f 1443/1443/1443 1444/1444/1444 1509/1509/1509 1508/1508/1508
f 1444/1444/1444 1445/1445/1445 1510/1510/1510 1509/1509/1509
f 1445/1445/1445 1446/1446/1446 1511/1511/1511 1510/1510/1510
f 1446/1446/1446 1447/1447/1447 1512/1512/1512 1511/1511/1511
f 1447/1447/1447 1448/1448/1448 1513/1513/1513 1512/1512/1512
f 1448/1448/1448 1449/1449/1449 1514/1514/1514 1513/1513/1513
f 1449/1449/1449 1450/1450/1450 1515/1515/1515 1514/1514/1514
f 1450/1450/1450 1451/1451/1451 1516/1516/1516 1515/1515/1515
f 1451/1451/1451 1452/1452/1452 1517/1517/1517 1516/1516/1516
f 1452/1452/1452 1453/1453/1453 1518/1518/1518 1517/1517/1517
f 1453/1453/1453 1454/1454/1454 1519/1519/1519 1518/1518/1518
f 1454/1454/1454 1455/1455/1455 1520/1520/1520 1519/1519/1519
f 1455/1455/1455 1456/1456/1456 1521/1521/1521 1520/1520/1520
f 1456/1456/1456 1457/1457/1457 1522/1522/1522 1521/1521/1521
f 1457/1457/1457 1458/1458/1458 1523/1523/1523 1522/1522/1522
f 1458/1458/1458 1459/1459/1459 1524/1524/1524 1523/1523/1523
f 1459/1459/1459 1460/1460/1460 1525/1525/1525 1524/1524/1524
f 1460/1460/1460 1461/1461/1461 1526/1526/1526 1525/1525/1525
f 1461/1461/1461 1462/1462/1462 1527/1527/1527 1526/1526/1526
f 1462/1462/1462 1463/1463/1463 1528/1528/1528 1527/1527/1527
f 1463/1463/1463 1464/1464/1464 1529/1529/1529 1528/1528/1528
f 1464/1464/1464 1465/1465/1465 1530/1530/1530 1529/1529/1529
f 1465/1465/1465 1466/1466/1466 1531/1531/1531 1530/1530/1530
f 1466/1466/1466 1467/1467/1467 1532/1532/1532 1531/1531/1531
f 1467/1467/1467 1468/1468/1468 1533/1533/1533 1532/1532/1532
f 1468/1468/1468 1469/1469/1469 1534/1534/1534 1533/1533/1533
f 1469/1469/1469 1470/1470/1470 1535/1535/1535 1534/1534/1534
f 1470/1470/1470 1471/1471/1471 1536/1536/1536 1535/1535/1535
f 1471/1471/1471 1472/1472/1472 1537/1537/1537 1536/1536/1536
f 1472/1472/1472 1473/1473/1473 1538/1538/1538 1537/1537/1537
f 1473/1473/1473 1474/1474/1474 1539/1539/1539 1538/1538/1538
f 1474/1474/1474 1475/1475/1475 1540/1540/1540 1539/1539/1539
f 1475/1475/1475 1476/1476/1476 1541/1541/1541 1540/1540/1540
f 1476/1476/1476 1477/1477/1477 1542/1542/1542 1541/1541/1541
f 1477/1477/1477 1478/1478/1478 1543/1543/1543 1542/1542/1542
f 1478/1478/1478 1479/1479/1479 1544/1544/1544 1543/1543/1543
f 1479/1479/1479 1480/1480/1480 1545/1545/1545 1544/1544/1544
f 1480/1480/1480 1481/1481/1481 1546/1546/1546 1545/1545/1545
f 1481/1481/1481 1482/1482/1482 1547/1547/1547 1546/1546/1546
f 1482/1482/1482 1483/1483/1483 1548/1548/1548 1547/1547/1547
f 1483/1483/1483 1484/1484/1484 1549/1549/1549 1548/1548/1548
f 1484/1484/1484 1485/1485/1485 1550/1550/1550 1549/1549/1549
f 1485/1485/1485 1486/1486/1486 1551/1551/1551 1550/1550/1550
f 1486/1486/1486 1487/1487/1487 1552/1552/1552 1551/1551/1551
f 1487/1487/1487 1488/1488/1488 1553/1553/1553 1552/1552/1552
f 1488/1488/1488 1489/1489/1489 1554/1554/1554 1553/1553/1553
f 1489/1489/1489 1490/1490/1490 1555/1555/1555 1554/1554/1554
f 1490/1490/1490 1491/1491/1491 1556/1556/1556 1555/1555/1555
f 1491/1491/1491 1492/1492/1492 1557/1557/1557 1556/1556/1556
f 1492/1492/1492 1493/1493/1493 1558/1558/1558 1557/1557/1557
f 1493/1493/1493 1494/1494/1494 1559/1559/1559 1558/1558/1558
f 1494/1494/1494 1495/1495/1495 1560/1560/1560 1559/1559/1559
f 1496/1496/1496 1497/1497/1497 1562/1562/1562 1561/1561/1561
f 1497/1497/1497 1498/1498/1498 1563/1563/1563 1562/1562/1562
f 1498/1498/1498 1499/1499/1499 1564/1564/1564 1563/1563/1563
f 1499/1499/1499 1500/1500/1500 1565/1565/1565 1564/1564/1564
f 1500/1500/1500 1501/1501/1501 1566/1566/1566 1565/1565/1565
f 1501/1501/1501 1502/1502/1502 1567/1567/1567 1566/1566/1566
f 1502/1502/1502 1503/1503/1503 1568/1568/1568 1567/1567/1567
f 1503/1503/1503 1504/1504/1504 1569/1569/1569 1568/1568/1568
f 1504/1504/1504 1505/1505/1505 1570/1570/1570 1569/1569/1569
f 1505/1505/1505 1506/1506/1506 1571/1571/1571 1570/1570/1570
f 1506/1506/1506 1507/1507/1507 1572/1572/1572 1571/1571/1571
f 1507/1507/1507 1508/1508/1508 1573/1573/1573 1572/1572/1572
f 1508/1508/1508 1509/1509/1509 1574/1574/1574 1573/1573/1573
f 1509/1509/1509 1510/1510/1510 1575/1575/1575 1574/1574/1574
f 1510/1510/1510 1511/1511/1511 1576/1576/1576 1575/1575/1575
f 1511/1511/1511 1512/1512/1512 1577/1577/1577 1576/1576/1576
f 1512/1512/1512 1513/1513/1513 1578/1578/1578 1577/1577/1577
f 1513/1513/1513 1514/1514/1514 1579/1579/1579 1578/1578/1578
f 1514/1514/1514 1515/1515/1515 1580/1580/1580 1579/1579/1579
f 1515/1515/1515 1516/1516/1516 1581/1581/1581 1580/1580/1580
f 1516/1516/1516 1517/1517/1517 1582/1582/1582 1581/1581/1581
f 1517/1517/1517 1518/1518/1518 1583/1583/1583 1582/1582/1582
f 1518/1518/1518 1519/1519/1519 1584/1584/1584 1583/1583/1583
f 1519/1519/1519 1520/1520/1520 1585/1585/1585 1584/1584/1584
f 1520/1520/1520 1521/1521/1521 1586/1586/1586 1585/1585/1585
f 1521/1521/1521 1522/1522/1522 1587/1587/1587 1586/1586/1586
f 1522/1522/1522 1523/1523/1523 1588/1588/1588 1587/1587/1587
f 1523/1523/1523 1524/1524/1524 1589/1589/1589 1588/1588/1588
f 1524/1524/1524 1525/1525/1525 1590/1590/1590 1589/1589/1589
f 1525/1525/1525 1526/1526/1526 1591/1591/1591 1590/1590/1590
f 1526/1526/1526 1527/1527/1527 1592/1592/1592 1591/1591/1591
f 1527/1527/1527 1528/1528/1528 1593/1593/1593 1592/1592/1592
f 1528/1528/1528 1529/1529/1529 1594/1594/1594 1593/1593/1593
f 1529/1529/1529 1530/1530/1530 1595/1595/1595 1594/1594/1594
f 1530/1530/1530 1531/1531/1531 1596/1596/1596 1595/1595/1595
f 1531/1531/1531 1532/1532/1532 1597/1597/1597 1596/1596/1596
f 1532/1532/1532 1533/1533/1533 1598/1598/1598 1597/1597/1597
f 1533/1533/1533 1534/1534/1534 1599/1599/1599 1598/1598/1598
f 1534/1534/1534 1535/1535/1535 1600/1600/1600 1599/1599/1599
f 1535/1535/1535 1536/1536/1536 1601/1601/1601 1600/1600/1600
f 1536/1536/1536 1537/1537/1537 1602/1602/1602 1601/1601/1601
f 1537/1537/1537 1538/1538/1538 1603/1603/1603 1602/1602/1602
f 1538/1538/1538 1539/1539/1539 1604/1604/1604 1603/1603/1603
f 1539/1539/1539 1540/1540/1540 1605/1605/1605 1604/1604/1604
f 1540/1540/1540 1541/1541/1541 1606/1606/1606 1605/1605/1605
f 1541/1541/1541 1542/1542/1542 1607/1607/1607 1606/1606/1606
f 1542/1542/1542 1543/1543/1543 1608/1608/1608 1607/1607/1607
f 1543/1543/1543 1544/1544/1544 1609/1609/1609 1608/1608/1608
f 1544/1544/1544 1545/1545/1545 1610/1610/1610 1609/1609/1609
f 1545/1545/1545 1546/1546/1546 1611/1611/1611 1610/1610/1610
f 1546/1546/1546 1547/1547/1547 1612/1612/1612 1611/1611/1611
f 1547/1547/1547 1548/1548/1548 1613/1613/1613 1612/1612/1612
f 1548/1548/1548 1549/1549/1549 1614/1614/1614 1613/1613/1613
f 1549/1549/1549 1550/1550/1550 1615/1615/1615 1614/1614/1614
f 1550/1550/1550 1551/1551/1551 1616/1616/1616 1615/1615/1615
f 1551/1551/1551 1552/1552/1552 1617/1617/1617 1616/1616/1616
f 1552/1552/1552 1553/1553/1553 1618/1618/1618 1617/1617/1617
f 1553/1553/1553 1554/1554/1554 1619/1619/1619 1618/1618/1618
f 1554/1554/1554 1555/1555/1555 1620/1620/1620 1619/1619/1619
f 1555/1555/1555 1556/1556/1556 1621/1621/1621 1620/1620/1620
f 1556/1556/1556 1557/1557/1557 1622/1622/1622 1621/1621/1621
f 1557/1557/1557 1558/1558/1558 1623/1623/1623 1622/1622/1622
f 1558/1558/1558 1559/1559/1559 1624/1624/1624 1623/1623/1623
f 1559/1559/1559 1560/1560/1560 1625/1625/1625 1624/1624/1624
f 1561/1561/1561 1562/1562/1562 1627/1627/1627 1626/1626/1626
f 1562/1562/1562 1563/1563/1563 1628/1628/1628 1627/1627/1627
f 1563/1563/1563 1564/1564/1564 1629/1629/1629 1628/1628/1628
f 1564/1564/1564 1565/1565/1565 1630/1630/1630 1629/1629/1629
f 1565/1565/1565 1566/1566/1566 1631/1631/1631 1630/1630/1630
f 1566/1566/1566 1567/1567/1567 1632/1632/1632 1631/1631/1631
f 1567/1567/1567 1568/1568/1568 1633/1633/1633 1632/1632/1632
f 1568/1568/1568 1569/1569/1569 1634/1634/1634 1633/1633/1633
f 1569/1569/1569 1570/1570/1570 1635/1635/1635 1634/1634/1634
f 1570/1570/1570 1571/1571/1571 1636/1636/1636 1635/1635/1635
f 1571/1571/1571 1572/1572/1572 1637/1637/1637 1636/1636/1636
f 1572/1572/1572 1573/1573/1573 1638/1638/1638 1637/1637/1637
f 1573/1573/1573 1574/1574/1574 1639/1639/1639 1638/1638/1638
f 1574/1574/1574 1575/1575/1575 1640/1640/1640 1639/1639/1639
f 1575/1575/1575 1576/1576/1576 1641/1641/1641 1640/1640/1640
f 1576/1576/1576 1577/1577/1577 1642/1642/1642 1641/1641/1641
f 1577/1577/1577 1578/1578/1578 1643/1643/1643 1642/1642/1642
f 1578/1578/1578 1579/1579/1579 1644/1644/1644 1643/1643/1643
f 1579/1579/1579 1580/1580/1580 1645/1645/1645 1644/1644/1644
f 1580/1580/1580 1581/1581/1581 1646/1646/1646 1645/1645/1645
f 1581/1581/1581 1582/1582/1582 1647/1647/1647 1646/1646/1646
f 1582/1582/1582 1583/1583/1583 1648/1648/1648 1647/1647/1647
f 1583/1583/1583 1584/1584/1584 1649/1649/1649 1648/1648/1648
f 1584/1584/1584 1585/1585/1585 1650/1650/1650 1649/1649/1649
f 1585/1585/1585 1586/1586/1586 1651/1651/1651 1650/1650/1650
f 1586/1586/1586 1587/1587/1587 1652/1652/1652 1651/1651/1651
f 1587/1587/1587 1588/1588/1588 1653/1653/1653 1652/1652/1652
f 1588/1588/1588 1589/1589/1589 1654/1654/1654 1653/1653/1653
f 1589/1589/1589 1590/1590/1590 1655/1655/1655 1654/1654/1654
f 1590/1590/1590 1591/1591/1591 1656/1656/1656 1655/1655/1655
f 1591/1591/1591 1592/1592/1592 1657/1657/1657 1656/1656/1656
f 1592/1592/1592 1593/1593/1593 1658/1658/1658 1657/1657/1657
f 1593/1593/1593 1594/1594/1594 1659/1659/1659 1658/1658/1658
f 1594/1594/1594 1595/1595/1595 1660/1660/1660 1659/1659/1659
f 1595/1595/1595 1596/1596/1596 1661/1661/1661 1660/1660/1660
f 1596/1596/1596 1597/1597/1597 1662/1662/1662 1661/1661/1661
f 1597/1597/1597 1598/1598/1598 1663/1663/1663 1662/1662/1662
f 1598/1598/1598 1599/1599/1599 1664/1664/1664 1663/1663/1663
f 1599/1599/1599 1600/1600/1600 1665/1665/1665 1664/1664/1664
f 1600/1600/1600 1601/1601/1601 1666/1666/1666 1665/1665/1665
f 1601/1601/1601 1602/1602/1602 1667/1667/1667 1666/1666/1666
f 1602/1602/1602 1603/1603/1603 1668/1668/1668 1667/1667/1667
f 1603/1603/1603 1604/1604/1604 1669/1669/1669 1668/1668/1668
f 1604/1604/1604 1605/1605/1605 1670/1670/1670 1669/1669/1669
f 1605/1605/1605 1606/1606/1606 1671/1671/1671 1670/1670/1670
f 1606/1606/1606 1607/1607/1607 1672/1672/1672 1671/1671/1671
f 1607/1607/1607 1608/1608/1608 1673/1673/1673 1672/1672/1672
f 1608/1608/1608 1609/1609/1609 1674/1674/1674 1673/1673/1673
f 1609/1609/1609 1610/1610/1610 1675/1675/1675 1674/1674/1674
f 1610/1610/1610 1611/1611/1611 1676/1676/1676 1675/1675/1675
f 1611/1611/1611 1612/1612/1612 1677/1677/1677 1676/1676/1676
f 1612/1612/1612 1613/1613/1613 1678/1678/1678 1677/1677/1677
f 1613/1613/1613 1614/1614/1614 1679/1679/1679 1678/1678/1678
f 1614/1614/1614 1615/1615/1615 1680/1680/1680 1679/1679/1679
f 1615/1615/1615 1616/1616/1616 1681/1681/1681 1680/1680/1680
f 1616/1616/1616 1617/1617/1617 1682/1682/1682 1681/1681/1681
f 1617/1617/1617 1618/1618/1618 1683/1683/1683 1682/1682/1682
f 1618/1618/1618 1619/1619/1619 1684/1684/1684 1683/1683/1683
f 1619/1619/1619 1620/1620/1620 1685/1685/1685 1684/1684/1684
f 1620/1620/1620 1621/1621/1621 1686/1686/1686 1685/1685/1685
f 1621/1621/1621 1622/1622/1622 1687/1687/1687 1686/1686/1686
f 1622/1622/1622 1623/1623/1623 1688/1688/1688 1687/1687/1687
f 1623/1623/1623 1624/1624/1624 1689/1689/1689 1688/1688/1688
f 1624/1624/1624 1625/1625/1625 1690/1690/1690 1689/1689/1689
f 1626/1626/1626 1627/1627/1627 1692/1692/1692 1691/1691/1691
f 1627/1627/1627 1628/1628/1628 1693/1693/1693 1692/1692/1692
f 1628/1628/1628 1629/1629/1629 1694/1694/1694 1693/1693/1693
f 1629/1629/1629 1630/1630/1630 1695/1695/1695 1694/1694/1694
f 1630/1630/1630 1631/1631/1631 1696/1696/1696 1695/1695/1695
f 1631/1631/1631 1632/1632/1632 1697/1697/1697 1696/1696/1696
f 1632/1632/1632 1633/1633/1633 1698/1698/1698 1697/1697/1697
f 1633/1633/1633 1634/1634/1634 1699/1699/1699 1698/1698/1698
f 1634/1634/1634 1635/1635/1635 1700/1700/1700 1699/1699/1699
f 1635/1635/1635 1636/1636/1636 1701/1701/1701 1700/1700/1700
f 1636/1636/1636 1637/1637/1637 1702/1702/1702 1701/1701/1701
f 1637/1637/1637 1638/1638/1638 1703/1703/1703 1702/1702/1702
f 1638/1638/1638 1639/1639/1639 1704/1704/1704 1703/1703/1703
f 1639/1639/1639 1640/1640/1640 1705/1705/1705 1704/1704/1704
f 1640/1640/1640 1641/1641/1641 1706/1706/1706 1705/1705/1705
f 1641/1641/1641 1642/1642/1642 1707/1707/1707 1706/1706/1706
f 1642/1642/1642 1643/1643/1643 1708/1708/1708 1707/1707/1707
f 1643/1643/1643 1644/1644/1644 1709/1709/1709 1708/1708/1708
f 1644/1644/1644 1645/1645/1645 1710/1710/1710 1709/1709/1709
f 1645/1645/1645 1646/1646/1646 1711/1711/1711 1710/1710/1710
f 1646/1646/1646 1647/1647/1647 1712/1712/1712 1711/1711/1711
f 1647/1647/1647 1648/1648/1648 1713/1713/1713 1712/1712/1712
f 1648/1648/1648 1649/1649/1649 1714/1714/1714 1713/1713/1713
f 1649/1649/1649 1650/1650/1650 1715/1715/1715 1714/1714/1714
f 1650/1650/1650 1651/1651/1651 1716/1716/1716 1715/1715/1715
f 1651/1651/1651 1652/1652/1652 1717/1717/1717 1716/1716/1716
f 1652/1652/1652 1653/1653/1653 1718/1718/1718 1717/1717/1717
f 1653/1653/1653 1654/1654/1654 1719/1719/1719 1718/1718/1718
f 1654/1654/1654 1655/1655/1655 1720/1720/1720 1719/1719/1719
f 1655/1655/1655 1656/1656/1656 1721/1721/1721 1720/1720/1720
f 1656/1656/1656 1657/1657/1657 1722/1722/1722 1721/1721/1721
f 1657/1657/1657 1658/1658/1658 1723/1723/1723 1722/1722/1722
f 1658/1658/1658 1659/1659/1659 1724/1724/1724 1723/1723/1723
f 1659/1659/1659 1660/1660/1660 1725/1725/1725 1724/1724/1724
f 1660/1660/1660 1661/1661/1661 1726/1726/1726 1725/1725/1725
f 1661/1661/1661 1662/1662/1662 1727/1727/1727 1726/1726/1726
f 1662/1662/1662 1663/1663/1663 1728/1728/1728 1727/1727/1727
f 1663/1663/1663 1664/1664/1664 1729/1729/1729 1728/1728/1728
f 1664/1664/1664 1665/1665/1665 1730/1730/1730 1729/1729/1729
f 1665/1665/1665 1666/1666/1666 1731/1731/1731 1730/1730/1730
f 1666/1666/1666 1667/1667/1667 1732/1732/1732 1731/1731/1731
f 1667/1667/1667 1668/1668/1668 1733/1733/1733 1732/1732/1732
f 1668/1668/1668 1669/1669/1669 1734/1734/1734 1733/1733/1733
f 1669/1669/1669 1670/1670/1670 1735/1735/1735 1734/1734/1734
f 1670/1670/1670 1671/1671/1671 1736/1736/1736 1735/1735/1735
f 1671/1671/1671 1672/1672/1672 1737/1737/1737 1736/1736/1736
f 1672/1672/1672 1673/1673/1673 1738/1738/1738 1737/1737/1737
f 1673/1673/1673 1674/1674/1674 1739/1739/1739 1738/1738/1738
f 1674/1674/1674 1675/1675/1675 1740/1740/1740 1739/1739/1739
f 1675/1675/1675 1676/1676/1676 1741/1741/1741 1740/1740/1740
f 1676/1676/1676 1677/1677/1677 1742/1742/1742 1741/1741/1741
f 1677/1677/1677 1678/1678/1678 1743/1743/1743 1742/1742/1742
f 1678/1678/1678 1679/1679/1679 1744/1744/1744 1743/1743/1743
f 1679/1679/1679 1680/1680/1680 1745/1745/1745 1744/1744/1744
f 1680/1680/1680 1681/1681/1681 1746/1746/1746 1745/1745/1745
f 1681/1681/1681 1682/1682/1682 1747/1747/1747 1746/1746/1746
f 1682/1682/1682 1683/1683/1683 1748/1748/1748 1747/1747/1747
f 1683/1683/1683 1684/1684/1684 1749/1749/1749 1748/1748/1748
f 1684/1684/1684 1685/1685/1685 1750/1750/1750 1749/1749/1749
f 1685/1685/1685 1686/1686/1686 1751/1751/1751 1750/1750/1750
f 1686/1686/1686 1687/1687/1687 1752/1752/1752 1751/1751/1751
f 1687/1687/1687 1688/1688/1688 1753/1753/1753 1752/1752/1752
f 1688/1688/1688 1689/1689/1689 1754/1754/1754 1753/1753/1753
f 1689/1689/1689 1690/1690/1690 1755/1755/1755 1754/1754/1754
f 1691/1691/1691 1692/1692/1692 1757/1757/1757 1756/1756/1756
f 1692/1692/1692 1693/1693/1693 1758/1758/1758 1757/1757/1757
f 1693/1693/1693 1694/1694/1694 1759/1759/1759 1758/1758/1758
f 1694/1694/1694 1695/1695/1695 1760/1760/1760 1759/1759/1759
f 1695/1695/1695 1696/1696/1696 1761/1761/1761 1760/1760/1760
f 1696/1696/1696 1697/1697/1697 1762/1762/1762 1761/1761/1761
f 1697/1697/1697 1698/1698/1698 1763/1763/1763 1762/1762/1762
f 1698/1698/1698 1699/1699/1699 1764/1764/1764 1763/1763/1763
f 1699/1699/1699 1700/1700/1700 1765/1765/1765 1764/1764/1764
f 1700/1700/1700 1701/1701/1701 1766/1766/1766 1765/1765/1765
f 1701/1701/1701 1702/1702/1702 1767/1767/1767 1766/1766/1766
f 1702/1702/1702 1703/1703/1703 1768/1768/1768 1767/1767/1767
f 1703/1703/1703 1704/1704/1704 1769/1769/1769 1768/1768/1768
f 1704/1704/1704 1705/1705/1705 1770/1770/1770 1769/1769/1769
f 1705/1705/1705 1706/1706/1706 1771/1771/1771 1770/1770/1770
f 1706/1706/1706 1707/1707/1707 1772/1772/1772 1771/1771/1771
f 1707/1707/1707 1708/1708/1708 1773/1773/1773 1772/1772/1772
f 1708/1708/1708 1709/1709/1709 1774/1774/1774 1773/1773/1773
f 1709/1709/1709 1710/1710/1710 1775/1775/1775 1774/1774/1774
f 1710/1710/1710 1711/1711/1711 1776/1776/1776 1775/1775/1775
f 1711/1711/1711 1712/1712/1712 1777/1777/1777 1776/1776/1776
f 1712/1712/1712 1713/1713/1713 1778/1778/1778 1777/1777/1777
f 1713/1713/1713 1714/1714/1714 1779/1779/1779 1778/1778/1778
f 1714/1714/1714 1715/1715/1715 1780/1780/1780 1779/1779/1779
f 1715/1715/1715 1716/1716/1716 1781/1781/1781 1780/1780/1780
f 1716/1716/1716 1717/1717/1717 1782/1782/1782 1781/1781/1781
f 1717/1717/1717 1718/1718/1718 1783/1783/1783 1782/1782/1782
f 1718/1718/1718 1719/1719/1719 1784/1784/1784 1783/1783/1783
f 1719/1719/1719 1720/1720/1720 1785/1785/1785 1784/1784/1784
f 1720/1720/1720 1721/1721/1721 1786/1786/1786 1785/1785/1785
f 1721/1721/1721 1722/1722/1722 1787/1787/1787 1786/1786/1786
f 1722/1722/1722 1723/1723/1723 1788/1788/1788 1787/1787/1787
f 1723/1723/1723 1724/1724/1724 1789/1789/1789 1788/1788/1788
f 1724/1724/1724 1725/1725/1725 1790/1790/1790 1789/1789/1789
f 1725/1725/1725 1726/1726/1726 1791/1791/1791 1790/1790/1790
f 1726/1726/1726 1727/1727/1727 1792/1792/1792 1791/1791/1791
f 1727/1727/1727 1728/1728/1728 1793/1793/1793 1792/1792/1792
f 1728/1728/1728 1729/1729/1729 1794/1794/1794 1793/1793/1793
f 1729/1729/1729 1730/1730/1730 1795/1795/1795 1794/1794/1794
f 1730/1730/1730 1731/1731/1731 1796/1796/1796 1795/1795/1795
f 1731/1731/1731 1732/1732/1732 1797/1797/1797 1796/1796/1796
f 1732/1732/1732 1733/1733/1733 1798/1798/1798 1797/1797/1797
f 1733/1733/1733 1734/1734/1734 1799/1799/1799 1798/1798/1798
f 1734/1734/1734 1735/1735/1735 1800/1800/1800 1799/1799/1799
f 1735/1735/1735 1736/1736/1736 1801/1801/1801 1800/1800/1800
f 1736/1736/1736 1737/1737/1737 1802/1802/1802 1801/1801/1801
f 1737/1737/1737 1738/1738/1738 1803/1803/1803 1802/1802/1802
f 1738/1738/1738 1739/1739/1739 1804/1804/1804 1803/1803/1803
f 1739/1739/1739 1740/1740/1740 1805/1805/1805 1804/1804/1804
f 1740/1740/1740 1741/1741/1741 1806/1806/1806 1805/1805/1805
f 1741/1741/1741 1742/1742/1742 1807/1807/1807 1806/1806/1806
f 1742/1742/1742 1743/1743/1743 1808/1808/1808 1807/1807/1807
f 1743/1743/1743 1744/1744/1744 1809/1809/1809 1808/1808/1808
f 1744/1744/1744 1745/1745/1745 1810/1810/1810 1809/1809/1809
f 1745/1745/1745 1746/1746/1746 1811/1811/1811 1810/1810/1810
f 1746/1746/1746 1747/1747/1747 1812/1812/1812 1811/1811/1811
f 1747/1747/1747 1748/1748/1748 1813/1813/1813 1812/1812/1812
f 1748/1748/1748 1749/1749/1749 1814/1814/1814 1813/1813/1813
f 1749/1749/1749 1750/1750/1750 1815/1815/1815 1814/1814/1814
f 1750/1750/1750 1751/1751/1751 1816/1816/1816 1815/1815/1815
f 1751/1751/1751 1752/1752/1752 1817/1817/1817 1816/1816/1816
f 1752/1752/1752 1753/1753/1753 1818/1818/1818 1817/1817/1817
f 1753/1753/1753 1754/1754/1754 1819/1819/1819 1818/1818/1818
f 1754/1754/1754 1755/1755/1755 1820/1820/1820 1819/1819/1819
f 1756/1756/1756 1757/1757/1757 1822/1822/1822 1821/1821/1821
f 1757/1757/1757 1758/1758/1758 1823/1823/1823 1822/1822/1822
f 1758/1758/1758 1759/1759/1759 1824/1824/1824 1823/1823/1823
f 1759/1759/1759 1760/1760/1760 1825/1825/1825 1824/1824/1824
f 1760/1760/1760 1761/1761/1761 1826/1826/1826 1825/1825/1825
f 1761/1761/1761 1762/1762/1762 1827/1827/1827 1826/1826/1826
f 1762/1762/1762 1763/1763/1763 1828/1828/1828 1827/1827/1827
f 1763/1763/1763 1764/1764/1764 1829/1829/1829 1828/1828/1828
f 1764/1764/1764 1765/1765/1765 1830/1830/1830 1829/1829/1829
f 1765/1765/1765 1766/1766/1766 1831/1831/1831 1830/1830/1830
f 1766/1766/1766 1767/1767/1767 1832/1832/1832 1831/1831/1831
f 1767/1767/1767 1768/1768/1768 1833/1833/1833 1832/1832/1832
f 1768/1768/1768 1769/1769/1769 1834/1834/1834 1833/1833/1833
f 1769/1769/1769 1770/1770/1770 1835/1835/1835 1834/1834/1834
f 1770/1770/1770 1771/1771/1771 1836/1836/1836 1835/1835/1835
f 1771/1771/1771 1772/1772/1772 1837/1837/1837 1836/1836/1836
f 1772/1772/1772 1773/1773/1773 1838/1838/1838 1837/1837/1837
f 1773/1773/1773 1774/1774/1774 1839/1839/1839 1838/1838/1838
f 1774/1774/1774 1775/1775/1775 1840/1840/1840 1839/1839/1839
f 1775/1775/1775 1776/1776/1776 1841/1841/1841 1840/1840/1840
f 1776/1776/1776 1777/1777/1777 1842/1842/1842 1841/1841/1841
f 1777/1777/1777 1778/1778/1778 1843/1843/1843 1842/1842/1842
f 1778/1778/1778 1779/1779/1779 1844/1844/1844 1843/1843/1843
f 1779/1779/1779 1780/1780/1780 1845/1845/1845 1844/1844/1844
f 1780/1780/1780 1781/1781/1781 1846/1846/1846 1845/1845/1845
f 1781/1781/1781 1782/1782/1782 1847/1847/1847 1846/1846/1846
f 1782/1782/1782 1783/1783/1783 1848/1848/1848 1847/1847/1847
f 1783/1783/1783 1784/1784/1784 1849/1849/1849 1848/1848/1848
f 1784/1784/1784 1785/1785/1785 1850/1850/1850 1849/1849/1849
f 1785/1785/1785 1786/1786/1786 1851/1851/1851 1850/1850/1850
f 1786/1786/1786 1787/1787/1787 1852/1852/1852 1851/1851/1851
f 1787/1787/1787 1788/1788/1788 1853/1853/1853 1852/1852/1852
f 1788/1788/1788 1789/1789/1789 1854/1854/1854 1853/1853/1853
f 1789/1789/1789 1790/1790/1790 1855/1855/1855 1854/1854/1854
f 1790/1790/1790 1791/1791/1791 1856/1856/1856 1855/1855/1855
f 1791/1791/1791 1792/1792/1792 1857/1857/1857 1856/1856/1856
f 1792/1792/1792 1793/1793/1793 1858/1858/1858 1857/1857/1857
f 1793/1793/1793 1794/1794/1794 1859/1859/1859 1858/1858/1858
f 1794/1794/1794 1795/1795/1795 1860/1860/1860 1859/1859/1859
f 1795/1795/1795 1796/1796/1796 1861/1861/1861 1860/1860/1860
f 1796/1796/1796 1797/1797/1797 1862/1862/1862 1861/1861/1861
f 1797/1797/1797 1798/1798/1798 1863/1863/1863 1862/1862/1862
f 1798/1798/1798 1799/1799/1799 1864/1864/1864 1863/1863/1863
f 1799/1799/1799 1800/1800/1800 1865/1865/1865 1864/1864/1864
f 1800/1800/1800 1801/1801/1801 1866/1866/1866 1865/1865/1865
f 1801/1801/1801 1802/1802/1802 1867/1867/1867 1866/1866/1866
f 1802/1802/1802 1803/1803/1803 1868/1868/1868 1867/1867/1867
f 1803/1803/1803 1804/1804/1804 1869/1869/1869 1868/1868/1868
f 1804/1804/1804 1805/1805/1805 1870/1870/1870 1869/1869/1869
f 1805/1805/1805 1806/1806/1806 1871/1871/1871 1870/1870/1870
f 1806/1806/1806 1807/1807/1807 1872/1872/1872 1871/1871/1871
f 1807/1807/1807 1808/1808/1808 1873/1873/1873 1872/1872/1872
f 1808/1808/1808 1809/1809/1809 1874/1874/1874 1873/1873/1873
f 1809/1809/1809 1810/1810/1810 1875/1875/1875 1874/1874/1874
f 1810/1810/1810 1811/1811/1811 1876/1876/1876 1875/1875/1875
f 1811/1811/1811 1812/1812/1812 1877/1877/1877 1876/1876/1876
f 1812/1812/1812 1813/1813/1813 1878/1878/1878 1877/1877/1877
f 1813/1813/1813 1814/1814/1814 1879/1879/1879 1878/1878/1878
f 1814/1814/1814 1815/1815/1815 1880/1880/1880 1879/1879/1879
f 1815/1815/1815 1816/1816/1816 1881/1881/1881 1880/1880/1880
f 1816/1816/1816 1817/1817/1817 1882/1882/1882 1881/1881/1881
f 1817/1817/1817 1818/1818/1818 1883/1883/1883 1882/1882/1882
f 1818/1818/1818 1819/1819/1819 1884/1884/1884 1883/1883/1883
f 1819/1819/1819 1820/1820/1820 1885/1885/1885 1884/1884/1884
f 1821/1821/1821 1822/1822/1822 1887/1887/1887 1886/1886/1886
f 1822/1822/1822 1823/1823/1823 1888/1888/1888 1887/1887/1887
f 1823/1823/1823 1824/1824/1824 1889/1889/1889 1888/1888/1888
f 1824/1824/1824 1825/1825/1825 1890/1890/1890 1889/1889/1889
f 1825/1825/1825 1826/1826/1826 1891/1891/1891 1890/1890/1890
f 1826/1826/1826 1827/1827/1827 1892/1892/1892 1891/1891/1891
f 1827/1827/1827 1828/1828/1828 1893/1893/1893 1892/1892/1892
f 1828/1828/1828 1829/1829/1829 1894/1894/1894 1893/1893/1893
f 1829/1829/1829 1830/1830/1830 1895/1895/1895 1894/1894/1894
f 1830/1830/1830 1831/1831/1831 1896/1896/1896 1895/1895/1895
f 1831/1831/1831 1832/1832/1832 1897/1897/1897 1896/1896/1896
f 1832/1832/1832 1833/1833/1833 1898/1898/1898 1897/1897/1897
f 1833/1833/1833 1834/1834/1834 1899/1899/1899 1898/1898/1898
f 1834/1834/1834 1835/1835/1835 1900/1900/1900 1899/1899/1899
f 1835/1835/1835 1836/1836/1836 1901/1901/1901 1900/1900/1900
f 1836/1836/1836 1837/1837/1837 1902/1902/1902 1901/1901/1901
f 1837/1837/1837 1838/1838/1838 1903/1903/1903 1902/1902/1902
f 1838/1838/1838 1839/1839/1839 1904/1904/1904 1903/1903/1903
f 1839/1839/1839 1840/1840/1840 1905/1905/1905 1904/1904/1904
f 1840/1840/1840 1841/1841/1841 1906/1906/1906 1905/1905/1905
f 1841/1841/1841 1842/1842/1842 1907/1907/1907 1906/1906/1906
f 1842/1842/1842 1843/1843/1843 1908/1908/1908 1907/1907/1907
f 1843/1843/1843 1844/1844/1844 1909/1909/1909 1908/1908/1908
f 1844/1844/1844 1845/1845/1845 1910/1910/1910 1909/1909/1909
f 1845/1845/1845 1846/1846/1846 1911/1911/1911 1910/1910/1910
f 1846/1846/1846 1847/1847/1847 1912/1912/1912 1911/1911/1911
f 1847/1847/1847 1848/1848/1848 1913/1913/1913 1912/1912/1912
f 1848/1848/1848 1849/1849/1849 1914/1914/1914 1913/1913/1913
f 1849/1849/1849 1850/1850/1850 1915/1915/1915 1914/1914/1914
f 1850/1850/1850 1851/1851/1851 1916/1916/1916 1915/1915/1915
f 1851/1851/1851 1852/1852/1852 1917/1917/1917 1916/1916/1916
f 1852/1852/1852 1853/1853/1853 1918/1918/1918 1917/1917/1917
f 1853/1853/1853 1854/1854/1854 1919/1919/1919 1918/1918/1918
f 1854/1854/1854 1855/1855/1855 1920/1920/1920 1919/1919/1919
f 1855/1855/1855 1856/1856/1856 1921/1921/1921 1920/1920/1920
f 1856/1856/1856 1857/1857/1857 1922/1922/1922 1921/1921/1921
f 1857/1857/1857 1858/1858/1858 1923/1923/1923 1922/1922/1922
f 1858/1858/1858 1859/1859/1859 1924/1924/1924 1923/1923/1923
f 1859/1859/1859 1860/1860/1860 1925/1925/1925 1924/1924/1924
f 1860/1860/1860 1861/1861/1861 1926/1926/1926 1925/1925/1925
f 1861/1861/1861 1862/1862/1862 1927/1927/1927 1926/1926/1926
f 1862/1862/1862 1863/1863/1863 1928/1928/1928 1927/1927/1927
f 1863/1863/1863 1864/1864/1864 1929/1929/1929 1928/1928/1928
f 1864/1864/1864 1865/1865/1865 1930/1930/1930 1929/1929/1929
f 1865/1865/1865 1866/1866/1866 1931/1931/1931 1930/1930/1930
f 1866/1866/1866 1867/1867/1867 1932/1932/1932 1931/1931/1931
f 1867/1867/1867 1868/1868/1868 1933/1933/1933 1932/1932/1932
f 1868/1868/1868 1869/1869/1869 1934/1934/1934 1933/1933/1933
f 1869/1869/1869 1870/1870/1870 1935/1935/1935 1934/1934/1934
f 1870/1870/1870 1871/1871/1871 1936/1936/1936 1935/1935/1935
f 1871/1871/1871 1872/1872/1872 1937/1937/1937 1936/1936/1936
f 1872/1872/1872 1873/1873/1873 1938/1938/1938 1937/1937/1937
f 1873/1873/1873 1874/1874/1874 1939/1939/1939 1938/1938/1938
f 1874/1874/1874 1875/1875/1875 1940/1940/1940 1939/1939/1939
f 1875/1875/1875 1876/1876/1876 1941/1941/1941 1940/1940/1940
f 1876/1876/1876 1877/1877/1877 1942/1942/1942 1941/1941/1941
f 1877/1877/1877 1878/1878/1878 1943/1943/1943 1942/1942/1942
f 1878/1878/1878 1879/1879/1879 1944/1944/1944 1943/1943/1943
f 1879/1879/1879 1880/1880/1880 1945/1945/1945 1944/1944/1944
f 1880/1880/1880 1881/1881/1881 1946/1946/1946 1945/1945/1945
f 1881/1881/1881 1882/1882/1882 1947/1947/1947 1946/1946/1946
f 1882/1882/1882 1883/1883/1883 1948/1948/1948 1947/1947/1947
f 1883/1883/1883 1884/1884/1884 1949/1949/1949 1948/1948/1948
f 1884/1884/1884 1885/1885/1885 1950/1950/1950 1949/1949/1949
f 1886/1886/1886 1887/1887/1887 1952/1952/1952 1951/1951/1951
f 1887/1887/1887 1888/1888/1888 1953/1953/1953 1952/1952/1952
f 1888/1888/1888 1889/1889/1889 1954/1954/1954 1953/1953/1953
f 1889/1889/1889 1890/1890/1890 1955/1955/1955 1954/1954/1954
f 1890/1890/1890 1891/1891/1891 1956/1956/1956 1955/1955/1955
f 1891/1891/1891 1892/1892/1892 1957/1957/1957 1956/1956/1956
f 1892/1892/1892 1893/1893/1893 1958/1958/1958 1957/1957/1957
f 1893/1893/1893 1894/1894/1894 1959/1959/1959 1958/1958/1958
f 1894/1894/1894 1895/1895/1895 1960/1960/1960 1959/1959/1959
f 1895/1895/1895 1896/1896/1896 1961/1961/1961 1960/1960/1960
f 1896/1896/1896 1897/1897/1897 1962/1962/1962 1961/1961/1961
f 1897/1897/1897 1898/1898/1898 1963/1963/1963 1962/1962/1962
f 1898/1898/1898 1899/1899/1899 1964/1964/1964 1963/1963/1963
f 1899/1899/1899 1900/1900/1900 1965/1965/1965 1964/1964/1964
f 1900/1900/1900 1901/1901/1901 1966/1966/1966 1965/1965/1965
f 1901/1901/1901 1902/1902/1902 1967/1967/1967 1966/1966/1966
f 1902/1902/1902 1903/1903/1903 1968/1968/1968 1967/1967/1967
f 1903/1903/1903 1904/1904/1904 1969/1969/1969 1968/1968/1968
f 1904/1904/1904 1905/1905/1905 1970/1970/1970 1969/1969/1969
f 1905/1905/1905 1906/1906/1906 1971/1971/1971 1970/1970/1970
f 1906/1906/1906 1907/1907/1907 1972/1972/1972 1971/1971/1971
f 1907/1907/1907 1908/1908/1908 1973/1973/1973 1972/1972/1972
f 1908/1908/1908 1909/1909/1909 1974/1974/1974 1973/1973/1973
f 1909/1909/1909 1910/1910/1910 1975/1975/1975 1974/1974/1974
f 1910/1910/1910 1911/1911/1911 1976/1976/1976 1975/1975/1975
f 1911/1911/1911 1912/1912/1912 1977/1977/1977 1976/1976/1976
f 1912/1912/1912 1913/1913/1913 1978/1978/1978 1977/1977/1977
f 1913/1913/1913 1914/1914/1914 1979/1979/1979 1978/1978/1978
f 1914/1914/1914 1915/1915/1915 1980/1980/1980 1979/1979/1979
f 1915/1915/1915 1916/1916/1916 1981/1981/1981 1980/1980/1980
f 1916/1916/1916 1917/1917/1917 1982/1982/1982 1981/1981/1981
f 1917/1917/1917 1918/1918/1918 1983/1983/1983 1982/1982/1982
f 1918/1918/1918 1919/1919/1919 1984/1984/1984 1983/1983/1983
f 1919/1919/1919 1920/1920/1920 1985/1985/1985 1984/1984/1984
f 1920/1920/1920 1921/1921/1921 1986/1986/1986 1985/1985/1985
f 1921/1921/1921 1922/1922/1922 1987/1987/1987 1986/1986/1986
f 1922/1922/1922 1923/1923/1923 1988/1988/1988 1987/1987/1987
f 1923/1923/1923 1924/1924/1924 1989/1989/1989 1988/1988/1988
f 1924/1924/1924 1925/1925/1925 1990/1990/1990 1989/1989/1989
f 1925/1925/1925 1926/1926/1926 1991/1991/1991 1990/1990/1990
f 1926/1926/1926 1927/1927/1927 1992/1992/1992 1991/1991/1991
f 1927/1927/1927 1928/1928/1928 1993/1993/1993 1992/1992/1992
f 1928/1928/1928 1929/1929/1929 1994/1994/1994 1993/1993/1993
f 1929/1929/1929 1930/1930/1930 1995/1995/1995 1994/1994/1994
f 1930/1930/1930 1931/1931/1931 1996/1996/1996 1995/1995/1995
f 1931/1931/1931 1932/1932/1932 1997/1997/1997 1996/1996/1996
f 1932/1932/1932 1933/1933/1933 1998/1998/1998 1997/1997/1997
f 1933/1933/1933 1934/1934/1934 1999/1999/1999 1998/1998/1998
f 1934/1934/1934 1935/1935/1935 2000/2000/2000 1999/1999/1999
f 1935/1935/1935 1936/1936/1936 2001/2001/2001 2000/2000/2000
f 1936/1936/1936 1937/1937/1937 2002/2002/2002 2001/2001/2001
f 1937/1937/1937 1938/1938/1938 2003/2003/2003 2002/2002/2002
f 1938/1938/1938 1939/1939/1939 2004/2004/2004 2003/2003/2003
f 1939/1939/1939 1940/1940/1940 2005/2005/2005 2004/2004/2004
f 1940/1940/1940 1941/1941/1941 2006/2006/2006 2005/2005/2005
f 1941/1941/1941 1942/1942/1942 2007/2007/2007 2006/2006/2006
f 1942/1942/1942 1943/1943/1943 2008/2008/2008 2007/2007/2007
f 1943/1943/1943 1944/1944/1944 2009/2009/2009 2008/2008/2008
f 1944/1944/1944 1945/1945/1945 2010/2010/2010 2009/2009/2009
f 1945/1945/1945 1946/1946/1946 2011/2011/2011 2010/2010/2010
f 1946/1946/1946 1947/1947/1947 2012/2012/2012 2011/2011/2011
f 1947/1947/1947 1948/1948/1948 2013/2013/2013 2012/2012/2012
f 1948/1948/1948 1949/1949/1949 2014/2014/2014 2013/2013/2013
f 1949/1949/1949 1950/1950/1950 2015/2015/2015 2014/2014/2014
f 1951/1951/1951 1952/1952/1952 2017/2017/2017 2016/2016/2016
f 1952/1952/1952 1953/1953/1953 2018/2018/2018 2017/2017/2017
f 1953/1953/1953 1954/1954/1954 2019/2019/2019 2018/2018/2018
f 1954/1954/1954 1955/1955/1955 2020/2020/2020 2019/2019/2019
f 1955/1955/1955 1956/1956/1956 2021/2021/2021 2020/2020/2020
f 1956/1956/1956 1957/1957/1957 2022/2022/2022 2021/2021/2021
f 1957/1957/1957 1958/1958/1958 2023/2023/2023 2022/2022/2022
f 1958/1958/1958 1959/1959/1959 2024/2024/2024 2023/2023/2023
f 1959/1959/1959 1960/1960/1960 2025/2025/2025 2024/2024/2024
f 1960/1960/1960 1961/1961/1961 2026/2026/2026 2025/2025/2025
f 1961/1961/1961 1962/1962/1962 2027/2027/2027 2026/2026/2026
f 1962/1962/1962 1963/1963/1963 2028/2028/2028 2027/2027/2027
f 1963/1963/1963 1964/1964/1964 2029/2029/2029 2028/2028/2028
f 1964/1964/1964 1965/1965/1965 2030/2030/2030 2029/2029/2029
f 1965/1965/1965 1966/1966/1966 2031/2031/2031 2030/2030/2030
f 1966/1966/1966 1967/1967/1967 2032/2032/2032 2031/2031/2031
f 1967/1967/1967 1968/1968/1968 2033/2033/2033 2032/2032/2032
f 1968/1968/1968 1969/1969/1969 2034/2034/2034 2033/2033/2033
f 1969/1969/1969 1970/1970/1970 2035/2035/2035 2034/2034/2034
f 1970/1970/1970 1971/1971/1971 2036/2036/2036 2035/2035/2035
f 1971/1971/1971 1972/1972/1972 2037/2037/2037 2036/2036/2036
f 1972/1972/1972 1973/1973/1973 2038/2038/2038 2037/2037/2037
f 1973/1973/1973 1974/1974/1974 2039/2039/2039 2038/2038/2038
f 1974/1974/1974 1975/1975/1975 2040/2040/2040 2039/2039/2039
f 1975/1975/1975 1976/1976/1976 2041/2041/2041 2040/2040/2040
f 1976/1976/1976 1977/1977/1977 2042/2042/2042 2041/2041/2041
f 1977/1977/1977 1978/1978/1978 2043/2043/2043 2042/2042/2042
f 1978/1978/1978 1979/1979/1979 2044/2044/2044 2043/2043/2043
f 1979/1979/1979 1980/1980/1980 2045/2045/2045 2044/2044/2044
f 1980/1980/1980 1981/1981/1981 2046/2046/2046 2045/2045/2045
f 1981/1981/1981 1982/1982/1982 2047/2047/2047 2046/2046/2046
f 1982/1982/1982 1983/1983/1983 2048/2048/2048 2047/2047/2047
f 1983/1983/1983 1984/1984/1984 2049/2049/2049 2048/2048/2048
f 1984/1984/1984 1985/1985/1985 2050/2050/2050 2049/2049/2049
f 1985/1985/1985 1986/1986/1986 2051/2051/2051 2050/2050/2050
f 1986/1986/1986 1987/1987/1987 2052/2052/2052 2051/2051/2051
f 1987/1987/1987 1988/1988/1988 2053/2053/2053 2052/2052/2052
f 1988/1988/1988 1989/1989/1989 2054/2054/2054 2053/2053/2053
f 1989/1989/1989 1990/1990/1990 2055/2055/2055 2054/2054/2054
f 1990/1990/1990 1991/1991/1991 2056/2056/2056 2055/2055/2055
f 1991/1991/1991 1992/1992/1992 2057/2057/2057 2056/2056/2056
f 1992/1992/1992 1993/1993/1993 2058/2058/2058 2057/2057/2057
f 1993/1993/1993 1994/1994/1994 2059/2059/2059 2058/2058/2058
f 1994/1994/1994 1995/1995/1995 2060/2060/2060 2059/2059/2059
f 1995/1995/1995 1996/1996/1996 2061/2061/2061 2060/2060/2060
f 1996/1996/1996 1997/1997/1997 2062/2062/2062 2061/2061/2061
f 1997/1997/1997 1998/1998/1998 2063/2063/2063 2062/2062/2062
f 1998/1998/1998 1999/1999/1999 2064/2064/2064 2063/2063/2063
f 1999/1999/1999 2000/2000/2000 2065/2065/2065 2064/2064/2064
f 2000/2000/2000 2001/2001/2001 2066/2066/2066 2065/2065/2065
f 2001/2001/2001 2002/2002/2002 2067/2067/2067 2066/2066/2066
f 2002/2002/2002 2003/2003/2003 2068/2068/2068 2067/2067/2067
f 2003/2003/2003 2004/2004/2004 2069/2069/2069 2068/2068/2068
f 2004/2004/2004 2005/2005/2005 2070/2070/2070 2069/2069/2069
f 2005/2005/2005 2006/2006/2006 2071/2071/2071 2070/2070/2070
f 2006/2006/2006 2007/2007/2007 2072/2072/2072 2071/2071/2071
f 2007/2007/2007 2008/2008/2008 2073/2073/2073 2072/2072/2072
f 2008/2008/2008 2009/2009/2009 2074/2074/2074 2073/2073/2073
f 2009/2009/2009 2010/2010/2010 2075/2075/2075 2074/2074/2074
f 2010/2010/2010 2011/2011/2011 2076/2076/2076 2075/2075/2075
f 2011/2011/2011 2012/2012/2012 2077/2077/2077 2076/2076/2076
f 2012/2012/2012 2013/2013/2013 2078/2078/2078 2077/2077/2077
f 2013/2013/2013 2014/2014/2014 2079/2079/2079 2078/2078/2078
f 2014/2014/2014 2015/2015/2015 2080/2080/2080 2079/2079/2079
f 2016/2016/2016 2017/2017/2017 2082/2082/2082 2081/2081/2081
f 2017/2017/2017 2018/2018/2018 2083/2083/2083 2082/2082/2082
f 2018/2018/2018 2019/2019/2019 2084/2084/2084 2083/2083/2083
f 2019/2019/2019 2020/2020/2020 2085/2085/2085 2084/2084/2084
f 2020/2020/2020 2021/2021/2021 2086/2086/2086 2085/2085/2085
f 2021/2021/2021 2022/2022/2022 2087/2087/2087 2086/2086/2086
f 2022/2022/2022 2023/2023/2023 2088/2088/2088 2087/2087/2087
f 2023/2023/2023 2024/2024/2024 2089/2089/2089 2088/2088/2088
f 2024/2024/2024 2025/2025/2025 2090/2090/2090 2089/2089/2089
f 2025/2025/2025 2026/2026/2026 2091/2091/2091 2090/2090/2090
f 2026/2026/2026 2027/2027/2027 2092/2092/2092 2091/2091/2091
f 2027/2027/2027 2028/2028/2028 2093/2093/2093 2092/2092/2092
f 2028/2028/2028 2029/2029/2029 2094/2094/2094 2093/2093/2093
f 2029/2029/2029 2030/2030/2030 2095/2095/2095 2094/2094/2094
f 2030/2030/2030 2031/2031/2031 2096/2096/2096 2095/2095/2095
f 2031/2031/2031 2032/2032/2032 2097/2097/2097 2096/2096/2096
f 2032/2032/2032 2033/2033/2033 2098/2098/2098 2097/2097/2097
f 2033/2033/2033 2034/2034/2034 2099/2099/2099 2098/2098/2098
f 2034/2034/2034 2035/2035/2035 2100/2100/2100 2099/2099/2099
f 2035/2035/2035 2036/2036/2036 2101/2101/2101 2100/2100/2100
f 2036/2036/2036 2037/2037/2037 2102/2102/2102 2101/2101/2101
f 2037/2037/2037 2038/2038/2038 2103/2103/2103 2102/2102/2102
f 2038/2038/2038 2039/2039/2039 2104/2104/2104 2103/2103/2103
f 2039/2039/2039 2040/2040/2040 2105/2105/2105 2104/2104/2104
f 2040/2040/2040 2041/2041/2041 2106/2106/2106 2105/2105/2105
f 2041/2041/2041 2042/2042/2042 2107/2107/2107 2106/2106/2106
f 2042/2042/2042 2043/2043/2043 2108/2108/2108 2107/2107/2107
f 2043/2043/2043 2044/2044/2044 2109/2109/2109 2108/2108/2108
f 2044/2044/2044 2045/2045/2045 2110/2110/2110 2109/2109/2109
f 2045/2045/2045 2046/2046/2046 2111/2111/2111 2110/2110/2110
f 2046/2046/2046 2047/2047/2047 2112/2112/2112 2111/2111/2111
f 2047/2047/2047 2048/2048/2048 2113/2113/2113 2112/2112/2112
f 2048/2048/2048 2049/2049/2049 2114/2114/2114 2113/2113/2113
f 2049/2049/2049 2050/2050/2050 2115/2115/2115 2114/2114/2114
f 2050/2050/2050 2051/2051/2051 2116/2116/2116 2115/2115/2115
f 2051/2051/2051 2052/2052/2052 2117/2117/2117 2116/2116/2116
f 2052/2052/2052 2053/2053/2053 2118/2118/2118 2117/2117/2117
f 2053/2053/2053 2054/2054/2054 2119/2119/2119 2118/2118/2118
f 2054/2054/2054 2055/2055/2055 2120/2120/2120 2119/2119/2119
f 2055/2055/2055 2056/2056/2056 2121/2121/2121 2120/2120/2120
f 2056/2056/2056 2057/2057/2057 2122/2122/2122 2121/2121/2121
f 2057/2057/2057 2058/2058/2058 2123/2123/2123 2122/2122/2122
f 2058/2058/2058 2059/2059/2059 2124/2124/2124 2123/2123/2123
f 2059/2059/2059 2060/2060/2060 2125/2125/2125 2124/2124/2124
f 2060/2060/2060 2061/2061/2061 2126/2126/2126 2125/2125/2125
f 2061/2061/2061 2062/2062/2062 2127/2127/2127 2126/2126/2126
f 2062/2062/2062 2063/2063/2063 2128/2128/2128 2127/2127/2127
f 2063/2063/2063 2064/2064/2064 2129/2129/2129 2128/2128/2128
f 2064/2064/2064 2065/2065/2065 2130/2130/2130 2129/2129/2129
f 2065/2065/2065 2066/2066/2066 2131/2131/2131 2130/2130/2130
f 2066/2066/2066 2067/2067/2067 2132/2132/2132 2131/2131/2131
f 2067/2067/2067 2068/2068/2068 2133/2133/2133 2132/2132/2132
f 2068/2068/2068 2069/2069/2069 2134/2134/2134 2133/2133/2133
f 2069/2069/2069 2070/2070/2070 2135/2135/2135 2134/2134/2134
f 2070/2070/2070 2071/2071/2071 2136/2136/2136 2135/2135/2135
f 2071/2071/2071 2072/2072/2072 2137/2137/2137 2136/2136/2136
f 2072/2072/2072 2073/2073/2073 2138/2138/2138 2137/2137/2137
f 2073/2073/2073 2074/2074/2074 2139/2139/2139 2138/2138/2138
f 2074/2074/2074 2075/2075/2075 2140/2140/2140 2139/2139/2139
f 2075/2075/2075 2076/2076/2076 2141/2141/2141 2140/2140/2140
f 2076/2076/2076 2077/2077/2077 2142/2142/2142 2141/2141/2141
f 2077/2077/2077 2078/2078/2078 2143/2143/2143 2142/2142/2142
f 2078/2078/2078 2079/2079/2079 2144/2144/2144 2143/2143/2143
f 2079/2079/2079 2080/2080/2080 2145/2145/2145 2144/2144/2144
